true_rating,predicted_rating
1697.0,1654.5
1590.0,1720.7
2206.0,1613.2
1780.0,1580.6
1443.0,1681.4
1780.0,1647.5
1619.0,1653.5
1223.0,1272.4
1674.0,1893.4
1953.0,1643.7
2135.0,1649.1
1383.0,1672.7
1621.0,1767.7
1491.0,1723.7
1653.0,1444.3
1359.0,1733.8
1986.0,1687.5
1576.0,1732.8
1717.0,1612.7
1458.0,1669.3
1862.0,1732.8
1907.0,1660.3
1540.0,1756.4
1664.0,1720.6
1476.0,1661.6
1496.0,1614.4
1965.0,1661.8
1767.0,1657.4
1668.0,1576.0
1960.0,1694.0
1418.0,1667.8
1554.0,1650.3
1740.0,1678.5
1617.0,1671.8
2210.0,1795.5
2241.0,1820.8
1487.0,1660.0
1611.0,1594.4
1889.0,1744.8
1500.0,1654.5
1853.0,1662.9
1733.0,1686.2
1623.0,1663.6
2237.0,1846.1
1693.0,1615.1
1649.0,1675.5
1977.0,1721.3
1823.0,1559.1
1746.0,1621.0
1435.0,1725.8
1411.0,1622.5
1702.0,1763.8
1467.0,1423.9
1986.0,1669.5
1597.0,1713.5
1310.0,1667.2
2029.0,1819.3
1179.0,1571.5
1951.0,1659.3
1748.0,1632.3
2127.0,1866.2
1976.0,1656.6
1759.0,1721.9
1054.0,1626.9
1326.0,1646.9
1909.0,1686.1
1503.0,1569.8
1907.0,1734.0
1524.0,1614.5
1816.0,1871.3
1194.0,1681.0
1307.0,1354.7
2115.0,1667.3
1971.0,1768.5
1661.0,1677.1
1558.0,1608.0
1268.0,1612.1
1552.0,1600.3
1737.0,1655.9
1569.0,1598.3
1334.0,1277.5
1539.0,1744.9
1407.0,1611.6
1691.0,1674.3
1508.0,1756.4
1900.0,1737.3
1286.0,1711.2
1705.0,1721.8
2182.0,1732.9
1359.0,1667.2
1670.0,1660.2
1762.0,1613.6
1373.0,1741.6
1480.0,1665.0
1258.0,1588.4
1686.0,1653.9
1659.0,1739.4
1980.0,1673.3
1297.0,1772.9
1526.0,1635.5
1586.0,1623.7
1722.0,1641.3
1464.0,1520.2
1610.0,1630.8
2206.0,1689.3
2030.0,1666.3
2057.0,1645.5
1371.0,1665.0
1584.0,1721.9
1849.0,1742.0
1403.0,1622.6
1723.0,1603.4
1667.0,1671.9
1731.0,1682.6
1549.0,1649.0
1960.0,1667.7
1963.0,1672.4
1704.0,1704.3
1342.0,1685.0
1659.0,1766.2
1624.0,1776.0
1739.0,1651.2
1966.0,1704.8
1355.0,1736.0
1390.0,1708.5
1525.0,1758.0
1562.0,1583.3
1779.0,1616.7
2113.0,1650.0
1266.0,1243.2
1334.0,1568.5
1961.0,1681.0
1803.0,1662.3
1629.0,1629.1
1451.0,1727.3
1707.0,1660.3
2151.0,1879.9
1631.0,1648.7
1928.0,1620.4
1350.0,1608.4
2072.0,1672.0
1785.0,1638.7
1606.0,1617.7
1537.0,1673.0
2130.0,1769.4
1447.0,1485.6
1794.0,1635.6
1958.0,1688.5
1598.0,1624.2
1559.0,1704.1
1252.0,1583.2
1666.0,1698.6
2213.0,1759.6
2010.0,1728.7
1498.0,1619.9
2024.0,1741.6
1891.0,1593.7
1954.0,1618.4
1731.0,1644.3
1944.0,1765.5
1960.0,1719.9
1709.0,1602.4
1656.0,1774.0
1696.0,1667.1
1417.0,1659.0
1594.0,1630.7
1668.0,1707.9
1910.0,1605.3
1762.0,1610.9
1340.0,1693.8
1610.0,1775.3
1939.0,1676.3
1269.0,1269.3
1639.0,1656.9
1964.0,1716.9
1977.0,1729.1
1518.0,1830.2
1870.0,1847.4
1600.0,1597.4
1986.0,1714.4
1560.0,1496.2
1823.0,1697.3
1623.0,1777.5
2079.0,1738.7
1073.0,1209.7
1647.0,1738.8
1459.0,1676.1
1881.0,1685.7
1852.0,1591.9
1588.0,1567.3
1643.0,1734.9
1942.0,1668.7
1870.0,1635.6
1798.0,1610.5
1565.0,1607.8
1405.0,1605.5
1301.0,1552.6
1677.0,1699.8
1698.0,1616.0
1713.0,1611.7
1647.0,1637.2
1729.0,1634.1
1650.0,1843.8
1676.0,1573.9
1544.0,1713.9
1288.0,1591.7
2045.0,1639.9
1408.0,1582.7
1951.0,1686.2
1664.0,1709.5
1283.0,1764.6
2050.0,1622.5
2036.0,1675.9
1639.0,1598.5
2072.0,1650.5
1649.0,1633.4
1947.0,1619.9
2165.0,1694.9
2004.0,1637.8
1938.0,1767.9
1932.0,1707.4
1333.0,1522.5
1645.0,1583.2
1775.0,1726.4
1800.0,1647.7
2009.0,1663.5
1781.0,1655.8
2059.0,1787.4
1577.0,1628.5
1760.0,1781.8
1684.0,1722.6
1612.0,1640.7
1936.0,1788.7
1810.0,1570.4
1607.0,1708.9
1899.0,1741.7
1523.0,1624.3
1264.0,1717.4
1795.0,1675.4
2063.0,1890.3
1786.0,1633.9
1431.0,1704.0
2028.0,1744.1
1660.0,1534.0
2118.0,1610.8
1517.0,1727.1
1337.0,1639.6
1603.0,1646.0
1740.0,1784.9
1080.0,1637.2
1661.0,1536.7
1823.0,1653.5
1140.0,1578.2
1620.0,1759.3
1375.0,1622.2
1706.0,1878.4
1776.0,1728.3
1807.0,1716.2
1321.0,1297.6
2031.0,1599.6
1298.0,1549.2
1729.0,1595.1
1373.0,1504.1
1518.0,1620.7
1817.0,1599.6
1635.0,1525.8
1385.0,1573.6
927.0,1439.6
1920.0,1632.4
1988.0,1688.1
2004.0,1692.3
1654.0,1579.3
1909.0,1689.4
1219.0,1639.9
1598.0,1574.9
1255.0,1634.5
1675.0,1660.1
2053.0,1613.1
1645.0,1723.4
1302.0,1527.6
1973.0,1658.5
1940.0,1778.7
1868.0,1711.7
2085.0,1760.5
1429.0,1584.9
2205.0,1727.3
1825.0,1702.4
1626.0,1664.9
1621.0,1627.9
1540.0,1620.0
1169.0,1268.0
1516.0,1758.4
1829.0,1666.0
1892.0,1660.0
1438.0,1721.2
1221.0,1525.6
2066.0,1801.3
1524.0,1665.6
1692.0,1547.5
1457.0,1524.5
1882.0,1811.6
1831.0,1655.9
1312.0,1646.7
1785.0,1729.0
1901.0,1632.7
1914.0,1901.6
1748.0,1867.2
1726.0,1774.3
2208.0,1643.3
1833.0,1648.6
1959.0,1860.3
1681.0,1650.8
1438.0,1713.3
1948.0,1785.1
1782.0,1677.8
1670.0,1733.7
1272.0,1650.0
1620.0,1659.8
1707.0,1710.7
1800.0,1534.5
1683.0,1723.6
1894.0,1623.7
1766.0,1671.7
1431.0,1658.4
1820.0,1663.4
1675.0,1551.8
1607.0,1736.0
1706.0,1620.9
1572.0,1635.6
2005.0,1658.6
1902.0,1614.9
1745.0,1745.2
1830.0,1643.2
1531.0,1644.9
1185.0,1616.9
1431.0,1498.1
1937.0,1675.2
1838.0,1659.7
1384.0,1615.1
1291.0,1659.6
1949.0,1705.6
1936.0,1729.0
1331.0,1679.3
1629.0,1757.4
1355.0,1455.3
1632.0,1635.0
1369.0,1649.3
1441.0,1385.0
1344.0,1260.8
1868.0,1730.4
1960.0,1646.9
1525.0,1638.0
2057.0,1708.1
1767.0,1611.9
2048.0,1679.0
1666.0,1653.0
1351.0,1579.4
1650.0,1605.4
1666.0,1619.7
1535.0,1555.9
2110.0,1540.3
1234.0,1607.5
1698.0,1762.8
1633.0,1661.8
1709.0,1606.3
1970.0,1709.3
1305.0,1592.5
2308.0,1762.9
1812.0,1663.3
2095.0,1681.6
1623.0,1634.8
1713.0,1713.5
1568.0,1653.7
1530.0,1650.1
1925.0,1624.5
1443.0,1689.3
1881.0,1598.7
1714.0,1675.9
1877.0,1663.2
1745.0,1628.6
1404.0,1640.8
1807.0,1840.6
1507.0,1750.8
1706.0,1706.8
1275.0,1719.3
1954.0,1589.4
2085.0,1714.8
1742.0,1746.5
1897.0,1700.2
1470.0,1691.6
1248.0,1681.7
2057.0,1624.3
1763.0,1542.4
1907.0,1625.4
2052.0,1827.8
1629.0,1610.0
1771.0,1642.6
1091.0,1554.4
1494.0,1701.1
1380.0,1593.5
1833.0,1521.5
1977.0,1649.7
1328.0,1584.9
1501.0,1710.0
1369.0,1705.4
1394.0,1502.0
1718.0,1624.3
1520.0,1892.5
1288.0,1705.1
1300.0,1669.5
1955.0,1751.6
1697.0,1752.3
1431.0,1712.9
1877.0,1697.0
1521.0,1608.8
1915.0,1884.0
1634.0,1515.0
1201.0,1625.0
1981.0,1604.2
1745.0,1545.0
1664.0,1635.0
2104.0,1749.4
1616.0,1666.4
2060.0,1665.2
1736.0,1679.0
1224.0,1699.0
1609.0,1661.8
1964.0,1819.6
1282.0,1637.7
1545.0,1734.9
1775.0,1853.3
1538.0,1595.5
2211.0,1833.9
1274.0,1681.7
1527.0,1674.1
1672.0,1647.4
1932.0,1666.4
2117.0,1688.5
1721.0,1643.1
1340.0,1696.8
2080.0,1669.4
1373.0,1625.5
1987.0,1717.6
1333.0,1664.3
1567.0,1656.9
1656.0,1614.6
1743.0,1727.7
1808.0,1757.1
1174.0,1578.0
1882.0,1634.8
1622.0,1534.4
1404.0,1674.0
1633.0,1608.1
1734.0,1627.1
1629.0,1671.6
1479.0,1543.3
1652.0,1600.0
1554.0,1580.3
1755.0,1733.4
1445.0,1624.1
2301.0,1728.8
1627.0,1729.4
1985.0,1642.7
1493.0,1560.6
2073.0,1840.9
2008.0,1910.6
1256.0,1646.1
1640.0,1679.1
1669.0,1665.6
1856.0,1662.8
1297.0,1682.0
2047.0,1699.1
1591.0,1581.2
1927.0,1741.0
1957.0,1643.9
1566.0,1692.6
1763.0,1739.2
1494.0,1667.9
1641.0,1698.8
1624.0,1655.7
2054.0,1678.4
1678.0,1561.1
1867.0,1673.5
1171.0,1297.3
1727.0,1698.2
2089.0,1739.2
1285.0,1586.8
1505.0,1606.2
1617.0,1727.0
1640.0,1576.7
1711.0,1679.3
1700.0,1569.3
1776.0,1580.9
1330.0,1255.3
1346.0,1727.1
1521.0,1674.3
1738.0,1723.3
1878.0,1740.1
1553.0,1735.9
1342.0,1535.7
1574.0,1586.8
1835.0,1665.3
1981.0,1820.2
1836.0,1602.4
1462.0,1593.5
1651.0,1718.2
1536.0,1629.2
2048.0,1579.1
1803.0,1672.5
1170.0,1724.1
1617.0,1774.8
1392.0,1612.5
1521.0,1542.8
1633.0,1607.0
1311.0,1698.1
1636.0,1693.1
1872.0,1660.5
1900.0,1745.9
1556.0,1749.9
1634.0,1685.1
1916.0,1705.5
1860.0,1612.3
2005.0,1712.2
1295.0,1565.7
1828.0,1530.4
1037.0,1588.6
1500.0,1679.9
1878.0,1752.4
1405.0,1730.8
1728.0,1589.2
1305.0,1447.6
1660.0,1703.9
1945.0,1653.4
1561.0,1712.7
1590.0,1670.6
1340.0,1759.4
1131.0,1625.4
1542.0,1606.0
1350.0,1683.0
1638.0,1636.7
1481.0,1498.2
1993.0,1635.8
1923.0,1661.1
1826.0,1781.8
1696.0,1874.8
1752.0,1670.4
1978.0,1692.7
1770.0,1790.3
1513.0,1615.4
2051.0,1778.9
1586.0,1690.4
1568.0,1668.8
1709.0,1547.9
1792.0,1669.7
1698.0,1855.2
1641.0,1715.9
1930.0,1655.6
1550.0,1691.9
1730.0,1629.3
1625.0,1497.2
1160.0,1632.8
1714.0,1564.1
1684.0,1691.3
1485.0,1620.0
1755.0,1603.4
1772.0,1596.2
1829.0,1677.4
1852.0,1748.1
1505.0,1568.3
1565.0,1573.2
1528.0,1664.5
1479.0,1519.1
1446.0,1559.5
1766.0,1569.1
1741.0,1702.9
1525.0,1609.1
1782.0,1645.4
1736.0,1593.7
1439.0,1725.9
1297.0,1694.1
1632.0,1588.6
1491.0,1608.0
1481.0,1622.3
1993.0,1652.2
1401.0,1610.2
1741.0,1643.0
1989.0,1650.1
1544.0,1692.3
1645.0,1588.6
1615.0,1675.1
1722.0,1623.9
1556.0,1650.5
1398.0,1499.6
1204.0,1571.6
1304.0,1614.4
2029.0,1766.7
1638.0,1687.5
1811.0,1787.9
2233.0,1792.8
1810.0,1663.1
1946.0,1712.9
2049.0,1726.5
1389.0,1642.9
1667.0,1742.6
1637.0,1668.7
1702.0,1663.7
1730.0,1706.1
2137.0,1604.4
1809.0,1668.1
1336.0,1571.2
1684.0,1667.7
1917.0,1641.9
1627.0,1553.9
1993.0,1684.2
1285.0,1557.7
1318.0,1693.5
2032.0,1590.2
1993.0,1815.4
1401.0,1691.8
2065.0,1655.2
1764.0,1748.5
1720.0,1700.7
1610.0,1696.1
1329.0,1232.4
1652.0,1698.5
1668.0,1602.8
1792.0,1561.1
1807.0,1741.4
1559.0,1674.8
1331.0,1691.2
1603.0,1619.5
1670.0,1678.2
1491.0,1735.5
1974.0,1710.9
1853.0,1579.8
1291.0,1886.3
1731.0,1709.2
1627.0,1686.1
1668.0,1639.2
1508.0,1663.3
1439.0,1606.4
1301.0,1673.0
1648.0,1599.9
1808.0,1715.8
1851.0,1666.3
1589.0,1721.7
1491.0,1701.6
1121.0,1736.2
1630.0,1644.7
1677.0,1715.1
1308.0,1697.4
2131.0,1817.4
1450.0,1585.7
1617.0,1611.6
1298.0,1679.5
1931.0,1583.0
1637.0,1615.2
1839.0,1638.5
1881.0,1629.3
1964.0,1740.6
1685.0,1657.5
1705.0,1660.3
2028.0,1856.3
1682.0,1678.5
1529.0,1559.9
1952.0,1759.2
1592.0,1664.9
1754.0,1619.4
1873.0,1701.2
1608.0,1718.2
1837.0,1618.3
1463.0,1775.9
1750.0,1529.9
1386.0,1649.1
1475.0,1743.0
1858.0,1737.7
1665.0,1632.9
1472.0,1687.3
1653.0,1845.5
1879.0,1681.7
1465.0,1687.9
1585.0,1722.2
1427.0,1630.1
1646.0,1686.9
1373.0,1645.0
2048.0,1641.4
1626.0,1640.0
1870.0,1760.8
1072.0,1576.3
1736.0,1668.3
1796.0,1597.9
1436.0,1657.7
2193.0,1754.0
1682.0,1727.5
1920.0,1752.3
1990.0,1740.3
1376.0,1738.1
1646.0,1760.4
1809.0,1695.7
1788.0,1690.8
2206.0,1702.6
1634.0,1606.2
1486.0,1637.1
1776.0,1678.4
1375.0,1622.9
1770.0,1589.0
1630.0,1610.1
1910.0,1681.2
1746.0,1650.5
1521.0,1582.8
1255.0,1624.4
1592.0,1670.5
1609.0,1647.3
1158.0,1667.0
1926.0,1668.0
1583.0,1672.7
1889.0,1746.9
1709.0,1626.9
1587.0,1693.1
1749.0,1815.7
1975.0,1642.1
1682.0,1749.3
1501.0,1582.7
1850.0,1667.4
1701.0,1651.1
1929.0,1764.9
2021.0,1662.0
1718.0,1652.9
1272.0,1716.8
1777.0,1724.6
1962.0,1813.7
1994.0,1816.6
1353.0,1662.8
1685.0,1592.9
1545.0,1573.9
2274.0,1643.0
1487.0,1688.9
1635.0,1624.6
1510.0,1624.3
1454.0,1708.8
1298.0,1656.3
1790.0,1491.3
2237.0,1742.8
1589.0,1645.4
1264.0,1670.7
1958.0,1624.0
1968.0,1903.6
1172.0,1670.0
1499.0,1546.5
1652.0,1684.3
1433.0,1642.1
1292.0,1713.4
1605.0,1648.7
1678.0,1686.7
1573.0,1789.6
1732.0,1639.9
1781.0,1651.7
1886.0,1657.6
1582.0,1682.2
1320.0,1554.2
1507.0,1605.9
1749.0,1657.7
2364.0,1660.7
1502.0,1718.7
1170.0,1591.4
1686.0,1693.7
1867.0,1688.0
1992.0,1852.5
1726.0,1692.5
1757.0,1811.6
1366.0,1706.6
1497.0,1662.5
2128.0,1614.3
1611.0,1646.5
1986.0,1802.4
1348.0,1438.9
1849.0,1673.2
1720.0,1619.9
1510.0,1618.0
1571.0,1652.2
1355.0,1624.8
2074.0,1827.8
2120.0,1717.4
1931.0,1665.8
1637.0,1656.8
1645.0,1697.9
1633.0,1585.5
1384.0,1614.5
1740.0,1670.7
1586.0,1633.7
2035.0,1716.6
1700.0,1742.1
1868.0,1747.4
1508.0,1622.8
1483.0,1659.8
1255.0,1556.8
1898.0,1641.0
1259.0,1640.9
1493.0,1678.0
1993.0,1751.8
1629.0,1572.4
1766.0,1695.4
1985.0,1516.1
1349.0,1491.2
1739.0,1544.6
1536.0,1564.5
1888.0,1686.5
1940.0,1668.0
1721.0,1748.6
1714.0,1703.4
2175.0,1772.6
1724.0,1632.3
1669.0,1648.9
1874.0,1740.8
1655.0,1653.9
1542.0,1582.4
1931.0,1784.5
1089.0,1692.5
2044.0,1739.4
1587.0,1679.3
1625.0,1703.4
1962.0,1665.0
2015.0,1686.0
2217.0,1565.8
1968.0,1725.2
1436.0,1642.3
1913.0,1706.0
1278.0,1670.3
1678.0,1473.2
1956.0,1593.5
1610.0,1819.9
1558.0,1740.1
1899.0,1755.5
1848.0,1756.7
1663.0,1593.1
1282.0,1509.7
1882.0,1634.5
1750.0,1737.7
1723.0,1617.3
1727.0,1617.6
1064.0,1703.5
1819.0,1711.9
1401.0,1495.0
1934.0,1678.7
2131.0,1806.7
1392.0,1754.8
1777.0,1706.2
1399.0,1602.5
1760.0,1431.8
1724.0,1717.1
2153.0,1614.2
1564.0,1627.7
1523.0,1633.4
1672.0,1684.4
1637.0,1746.6
1289.0,1505.9
1963.0,1547.6
1267.0,1506.2
1800.0,1870.7
1913.0,1595.5
1662.0,1622.4
1968.0,1598.4
1778.0,1566.0
1727.0,1680.9
1686.0,1610.4
2170.0,1619.5
1537.0,1587.6
1767.0,1743.0
1186.0,1265.3
1676.0,1685.6
1624.0,1585.1
1698.0,1585.0
1798.0,1617.9
1660.0,1656.5
1769.0,1646.4
1386.0,1584.9
1272.0,1592.2
1602.0,1619.4
1850.0,1645.7
1439.0,1651.5
1689.0,1687.0
1891.0,1647.6
2345.0,1836.7
1438.0,1609.7
1665.0,1662.9
1244.0,1617.8
1450.0,1589.9
1762.0,1799.9
1661.0,1577.5
1827.0,1640.6
1384.0,1617.4
1429.0,1648.2
1921.0,1523.9
1318.0,1745.7
2173.0,1815.6
2026.0,1844.9
1768.0,1699.9
1307.0,1669.2
1727.0,1683.8
1727.0,1714.3
1628.0,1584.0
1813.0,1650.5
1044.0,1177.9
1478.0,1640.3
1963.0,1549.8
1992.0,1716.9
1573.0,1576.8
1955.0,1729.1
1482.0,1635.2
1475.0,1563.7
1358.0,1769.6
1737.0,1816.4
1570.0,1687.7
1317.0,1681.1
1858.0,1683.6
1501.0,1673.4
1946.0,1635.7
1588.0,1655.4
1842.0,1681.0
1378.0,1605.5
1521.0,1581.3
1431.0,1680.2
1745.0,1718.4
1682.0,1592.1
1732.0,1683.8
1342.0,1679.5
1859.0,1633.5
1814.0,1661.1
1693.0,1642.1
1587.0,1619.7
1533.0,1816.0
1434.0,1636.9
1713.0,1636.0
1806.0,1660.4
1257.0,1733.2
1569.0,1710.0
1532.0,1729.2
1850.0,1841.0
1513.0,1749.5
1879.0,1738.2
2152.0,1863.4
1991.0,1719.2
2110.0,1601.3
2126.0,1641.4
1889.0,1593.2
1628.0,1669.4
2022.0,1892.1
1406.0,1572.7
1540.0,1436.5
1624.0,1741.1
1968.0,1712.2
2079.0,1750.4
1732.0,1732.9
1301.0,1632.5
1449.0,1645.5
2009.0,1773.0
1924.0,1702.2
1477.0,1599.4
1602.0,1591.6
1710.0,1679.8
1337.0,1698.4
1623.0,1766.8
1728.0,1681.4
1587.0,1697.3
1822.0,1652.9
1698.0,1675.5
1500.0,1581.9
2197.0,1711.7
2071.0,1698.4
1986.0,1861.9
1897.0,1745.4
1515.0,1650.5
1881.0,1696.9
1765.0,1635.8
1396.0,1735.7
2006.0,1633.2
1333.0,1605.2
1638.0,1450.3
1218.0,1619.9
1627.0,1570.6
2096.0,1741.8
1729.0,1706.5
1666.0,1619.3
1664.0,1627.0
1516.0,1539.5
1488.0,1677.9
1238.0,1669.0
1468.0,1658.0
2018.0,1726.9
1538.0,1701.2
1748.0,1670.4
1576.0,1617.6
1596.0,1657.2
1501.0,1649.3
1666.0,1663.6
1879.0,1775.7
1465.0,1625.2
1614.0,1716.7
1399.0,1680.4
1636.0,1663.8
1901.0,1653.2
1694.0,1672.2
1896.0,1572.7
1715.0,1653.4
1524.0,1689.7
1440.0,1590.2
1924.0,1710.8
1905.0,1500.4
1574.0,1664.8
1535.0,1669.1
1839.0,1677.3
1828.0,1720.1
1839.0,1598.8
1564.0,1626.5
1987.0,1711.3
1987.0,1625.7
1970.0,1680.6
1982.0,1831.9
1447.0,1610.4
1700.0,1708.6
1646.0,1628.1
2046.0,1649.2
1834.0,1734.2
2053.0,1766.5
1307.0,1684.8
1580.0,1729.5
1415.0,1623.8
2091.0,1667.8
1700.0,1706.3
1672.0,1634.4
1700.0,1577.6
1952.0,1778.2
1826.0,1693.0
2347.0,1641.0
1959.0,1631.0
1341.0,1723.3
1916.0,1821.7
2034.0,1669.9
1275.0,1544.7
1386.0,1494.8
1547.0,1677.9
1191.0,1643.1
2057.0,1619.0
2074.0,1872.4
2351.0,1932.2
1606.0,1696.3
1653.0,1720.6
1747.0,1650.4
2022.0,1681.4
1688.0,1545.6
1959.0,1624.5
1672.0,1724.5
1372.0,1672.5
1435.0,1653.6
1983.0,1704.9
1848.0,1719.2
1787.0,1726.9
1609.0,1609.7
1307.0,1592.2
1717.0,1630.6
1380.0,1607.1
1183.0,1252.1
1611.0,1539.7
1183.0,1629.3
1852.0,1706.9
1835.0,1686.8
1840.0,1840.8
1694.0,1679.2
1373.0,1737.9
1900.0,1729.7
1331.0,1599.7
1840.0,1728.2
1853.0,1716.0
1631.0,1682.6
2225.0,1704.0
1712.0,1742.3
1886.0,1523.1
1635.0,1606.2
1321.0,1634.3
1954.0,1694.4
1676.0,1582.4
1307.0,1626.0
1880.0,1747.3
1961.0,1404.4
1953.0,1871.1
1725.0,1670.9
1710.0,1538.0
2209.0,1814.2
1575.0,1743.2
1632.0,1665.3
1993.0,1680.7
1803.0,1711.6
1315.0,1257.9
1907.0,1671.4
1958.0,1702.9
1883.0,1689.7
1557.0,1589.2
1768.0,1536.9
1827.0,1707.6
1596.0,1617.7
1705.0,1769.4
1642.0,1599.7
1809.0,1693.0
1248.0,1529.7
1683.0,1639.4
1826.0,1784.5
1663.0,1641.0
1588.0,1712.2
1340.0,1755.6
1922.0,1699.9
1567.0,1629.1
1454.0,1583.7
1786.0,1642.3
1517.0,1637.7
1968.0,1624.2
1584.0,1696.5
1583.0,1700.1
1853.0,1666.3
1448.0,1671.1
1831.0,1749.8
1714.0,1727.8
1942.0,1650.8
1814.0,1602.5
1756.0,1546.1
1596.0,1657.6
1477.0,1684.1
1992.0,1660.1
1822.0,1664.8
1720.0,1539.1
1325.0,1535.0
1644.0,1726.5
2041.0,1702.5
1632.0,1704.3
1920.0,1729.6
2016.0,1763.0
1597.0,1668.6
2088.0,1802.4
1352.0,1783.6
1936.0,1808.9
1336.0,1721.5
1633.0,1660.2
1596.0,1648.7
1612.0,1654.2
1799.0,1850.2
1550.0,1658.8
1678.0,1738.7
1645.0,1626.6
1972.0,1730.8
1474.0,1717.8
1471.0,1581.3
1735.0,1669.1
1921.0,1650.7
1916.0,1614.5
1878.0,1673.1
1911.0,1582.9
1544.0,1663.1
1645.0,1664.0
1942.0,1681.9
2230.0,1714.7
1546.0,1661.6
1758.0,1670.7
2001.0,1692.7
1301.0,1603.5
1265.0,1585.5
1438.0,1647.2
1453.0,1631.0
1972.0,1675.9
1852.0,1597.9
1441.0,1649.0
1904.0,1687.2
1594.0,1678.7
1972.0,1574.8
1934.0,1724.6
2078.0,1687.9
1648.0,1603.7
1871.0,1660.6
1867.0,1623.8
1531.0,1609.9
1533.0,1591.6
1449.0,1605.9
1599.0,1524.8
1621.0,1556.7
1280.0,1610.5
1893.0,1714.4
1323.0,1638.1
1853.0,1696.5
1490.0,1614.6
1562.0,1602.0
1581.0,1618.4
1656.0,1705.2
1482.0,1582.1
2110.0,1681.0
1484.0,1714.4
1762.0,1701.4
1720.0,1749.3
1829.0,1619.3
1391.0,1680.2
1712.0,1619.2
1873.0,1607.9
1344.0,1781.4
1829.0,1741.9
1433.0,1702.2
1639.0,1699.0
1857.0,1626.4
1977.0,1649.4
1604.0,1639.8
1779.0,1648.6
1354.0,1651.4
1978.0,1708.2
2128.0,1667.4
1303.0,1451.3
1965.0,1838.7
1610.0,1664.6
1607.0,1698.5
1818.0,1579.1
1672.0,1638.1
1660.0,1707.1
1644.0,1706.0
1729.0,1681.3
2137.0,1677.9
1823.0,1632.7
1816.0,1857.4
2007.0,1869.9
1657.0,1734.2
1185.0,1679.7
1554.0,1648.8
1303.0,1554.4
1727.0,1765.1
2001.0,1710.1
1418.0,1655.2
1429.0,1654.7
1558.0,1680.2
1613.0,1578.2
1249.0,1731.0
1578.0,1723.9
1518.0,1776.0
1743.0,1757.9
1277.0,1625.6
1439.0,1625.1
1796.0,1587.3
1502.0,1723.7
1620.0,1718.3
1860.0,1748.2
1565.0,1582.9
2075.0,1629.1
1821.0,1601.8
1590.0,1694.7
1675.0,1681.8
1692.0,1649.5
1710.0,1535.6
1242.0,1609.3
1986.0,1641.8
1573.0,1616.4
1693.0,1679.2
1308.0,1615.4
1391.0,1623.7
1617.0,1533.4
1314.0,1603.1
1795.0,1782.6
2053.0,1778.7
1905.0,1594.3
1530.0,1693.4
1765.0,1695.7
1625.0,1663.3
1869.0,1717.2
1641.0,1662.4
1815.0,1645.8
1152.0,1706.5
1329.0,1661.1
1757.0,1688.5
1836.0,1711.0
1517.0,1595.3
1976.0,1688.4
1882.0,1588.8
1659.0,1651.1
1301.0,1705.8
1627.0,1407.4
1779.0,1596.8
1698.0,1627.2
1623.0,1583.2
1536.0,1569.8
1943.0,1794.2
1822.0,1698.0
1825.0,1723.2
1677.0,1664.4
1991.0,1785.1
1701.0,1709.7
1500.0,1701.6
1200.0,1524.0
1719.0,1558.4
1765.0,1667.5
1827.0,1644.4
2035.0,1677.0
1679.0,1681.0
1599.0,1762.9
1813.0,1731.5
1112.0,1511.2
1540.0,1834.8
1373.0,1551.8
1913.0,1665.1
2056.0,1629.6
1829.0,1598.7
1682.0,1659.8
1722.0,1587.0
1874.0,1652.8
1825.0,1679.5
1581.0,1671.8
1896.0,1670.4
1937.0,1716.7
1842.0,1714.1
1414.0,1613.1
1453.0,1613.8
1351.0,1712.0
1320.0,1628.6
1268.0,1608.9
1686.0,1672.0
2024.0,1709.8
1113.0,1465.0
1354.0,1650.0
1721.0,1710.7
1923.0,1695.3
1507.0,1698.4
1348.0,1734.6
2078.0,1658.4
1402.0,1587.6
1145.0,1318.5
2083.0,1736.8
1667.0,1559.6
1845.0,1689.1
2082.0,1677.9
1464.0,1761.3
2111.0,1571.4
1834.0,1725.6
2031.0,1763.5
1742.0,1680.0
1643.0,1664.9
1893.0,1641.3
1688.0,1715.0
1229.0,1547.1
1522.0,1654.0
1187.0,1484.1
1752.0,1740.0
1780.0,1735.2
2100.0,1637.6
1900.0,1668.5
1627.0,1825.3
1850.0,1643.4
1316.0,1530.9
1633.0,1741.6
2047.0,1756.7
1637.0,1648.6
1734.0,1568.7
1674.0,1616.1
2189.0,1795.0
1521.0,1568.0
2026.0,1844.3
1443.0,1705.6
1902.0,1692.3
1645.0,1694.8
1265.0,1596.0
1752.0,1612.4
1917.0,1605.1
1907.0,1697.1
1804.0,1561.7
1527.0,1779.9
1512.0,1685.1
1804.0,1693.9
1736.0,1497.9
1958.0,1666.4
1854.0,1725.9
1642.0,1677.5
1855.0,1590.9
1854.0,1741.7
1720.0,1630.5
1776.0,1722.0
1454.0,1562.3
1595.0,1749.0
1539.0,1733.9
1741.0,1644.0
1356.0,1564.9
1698.0,1650.3
2303.0,1721.9
2143.0,1682.6
1708.0,1652.8
1854.0,1639.1
1395.0,1680.8
1665.0,1711.7
1882.0,1570.9
1728.0,1657.3
1570.0,1909.6
1558.0,1585.3
1344.0,1701.3
1600.0,1731.4
1835.0,1727.7
2065.0,1668.6
1681.0,1556.0
1817.0,1623.7
1848.0,1552.3
1930.0,1645.9
1827.0,1760.4
1851.0,1661.1
2074.0,1895.3
1876.0,1564.9
1541.0,1456.6
1112.0,1881.5
1793.0,1672.5
1204.0,1265.1
1744.0,1543.8
1691.0,1707.8
1867.0,1751.6
1401.0,1634.1
1934.0,1654.5
2174.0,1856.1
1570.0,1674.3
1870.0,1671.1
1651.0,1703.3
1617.0,1603.9
1703.0,1775.1
1260.0,1811.4
1569.0,1648.4
1416.0,1605.1
1752.0,1636.9
1836.0,1733.0
1352.0,1633.5
1440.0,1777.4
1503.0,1651.1
1749.0,1615.1
1512.0,1746.1
1690.0,1726.9
1622.0,1669.7
1661.0,1565.6
1990.0,1699.9
2256.0,1746.7
1275.0,1393.5
1534.0,1630.2
1575.0,1632.6
1692.0,1757.7
1629.0,1655.9
1302.0,1219.2
1731.0,1655.1
2054.0,1633.8
2034.0,1758.3
1668.0,1659.5
1784.0,1723.7
2110.0,1688.8
1994.0,1628.7
2149.0,1737.8
1824.0,1661.2
2120.0,1734.4
2066.0,1768.2
1744.0,1802.9
1618.0,1662.8
1576.0,1539.2
1484.0,1661.7
1336.0,1635.0
984.0,1628.7
1317.0,1540.0
1630.0,1611.9
1684.0,1802.3
1388.0,1658.3
1887.0,1645.4
1431.0,1655.5
1354.0,1606.3
1664.0,1583.7
1439.0,1659.4
1664.0,1763.9
1635.0,1590.7
1683.0,1650.8
2043.0,1710.5
1673.0,1612.4
1760.0,1692.9
1551.0,1611.4
1576.0,1617.8
1969.0,1607.5
1467.0,1651.6
1400.0,1731.5
1994.0,1717.4
1358.0,1699.6
1670.0,1689.4
1716.0,1622.4
1913.0,1801.2
1317.0,1639.0
1720.0,1596.0
1296.0,1647.4
1571.0,1668.2
1540.0,1662.1
1555.0,1739.4
1545.0,1708.4
1407.0,1563.3
1537.0,1637.6
1446.0,1622.5
1934.0,1605.7
1844.0,1737.4
1788.0,1702.2
1525.0,1591.2
1823.0,1576.5
1401.0,1598.7
1705.0,1631.2
1176.0,1531.1
1729.0,1727.3
2055.0,1611.5
1550.0,1598.0
1425.0,1575.9
1985.0,1847.7
1472.0,1694.8
1905.0,1663.6
1511.0,1700.2
1139.0,1657.6
1866.0,1625.7
1463.0,1640.3
2078.0,1837.5
1585.0,1672.7
1708.0,1701.3
1631.0,1665.5
1917.0,1766.7
1648.0,1718.9
1663.0,1539.3
1437.0,1564.4
1340.0,1641.6
1265.0,1602.0
1598.0,1461.7
1563.0,1582.3
1606.0,1693.3
1986.0,1634.2
1585.0,1612.7
1642.0,1606.7
1946.0,1655.0
1682.0,1643.4
1722.0,1678.3
1554.0,1608.9
1948.0,1669.1
1304.0,1637.2
1954.0,1656.5
1555.0,1708.0
1753.0,1659.7
1160.0,1641.5
1672.0,1627.6
1845.0,1758.1
1726.0,1663.0
1728.0,1607.1
1648.0,1683.6
1652.0,1692.0
1638.0,1593.9
1800.0,1584.0
1637.0,1702.1
1872.0,1663.7
1371.0,1585.8
1154.0,1310.5
1761.0,1604.8
1962.0,1670.9
1287.0,1577.8
1872.0,1898.0
1707.0,1621.4
2023.0,1616.7
1630.0,1674.9
1684.0,1694.5
1753.0,1626.7
1931.0,1704.7
1618.0,1584.8
1475.0,1605.3
2291.0,1731.3
1723.0,1645.6
1797.0,1636.9
1529.0,1609.0
1657.0,1589.9
1593.0,1634.2
1630.0,1654.2
1422.0,1609.8
1778.0,1606.0
2053.0,1726.1
1547.0,1618.2
1733.0,1643.6
1769.0,1685.8
1675.0,1600.1
1885.0,1602.9
1618.0,1664.6
1434.0,1592.9
2031.0,1700.7
1184.0,1633.7
2077.0,1677.6
1331.0,1632.0
1655.0,1611.0
1787.0,1819.8
1569.0,1561.5
1846.0,1727.7
1973.0,1623.3
1617.0,1692.8
1634.0,1677.2
1402.0,1605.6
1276.0,1651.0
2148.0,1676.8
1750.0,1691.7
1644.0,1696.3
1803.0,1672.1
1423.0,1465.2
1305.0,1726.7
1251.0,1664.0
1578.0,1530.2
1623.0,1672.9
1793.0,1605.0
1590.0,1661.7
1431.0,1740.5
1410.0,1568.1
1478.0,1681.9
1936.0,1594.0
1696.0,1763.0
1904.0,1741.4
1202.0,1742.0
1910.0,1635.2
1692.0,1666.7
1613.0,1790.2
1930.0,1671.9
1807.0,1671.0
2086.0,1767.4
1879.0,1582.4
1698.0,1718.7
1787.0,1625.6
1324.0,1463.0
1173.0,1630.1
1991.0,1870.3
1587.0,1600.5
1954.0,1796.6
1307.0,1677.5
1470.0,1681.7
1826.0,1652.3
1721.0,1670.3
1160.0,1775.3
2038.0,1734.4
1883.0,1508.5
1403.0,1691.4
1530.0,1673.5
2119.0,1747.3
1151.0,1241.8
1477.0,1601.8
1641.0,1655.0
1964.0,1599.2
1788.0,1689.8
1463.0,1710.1
1940.0,1627.9
1628.0,1636.7
1952.0,1688.0
2034.0,1681.4
2096.0,1638.8
1773.0,1706.7
1366.0,1567.6
1543.0,1642.1
1642.0,1677.6
2014.0,1596.1
1804.0,1654.4
1612.0,1562.0
1518.0,1557.3
1397.0,1637.9
1311.0,1688.3
1585.0,1540.4
2148.0,1892.3
1649.0,1524.0
1572.0,1583.2
2281.0,1596.3
1748.0,1590.6
1172.0,1653.0
2284.0,1695.7
1820.0,1580.7
1817.0,1689.2
1719.0,1670.2
1866.0,1796.6
1743.0,1694.2
1175.0,1692.8
2131.0,1724.2
1900.0,1662.1
1608.0,1709.7
1572.0,1436.8
1537.0,1634.0
1544.0,1764.0
1686.0,1679.1
2026.0,1618.6
1631.0,1756.2
1147.0,1545.7
2022.0,1626.3
1621.0,1618.5
1783.0,1665.2
2043.0,1774.4
1526.0,1542.6
1346.0,1756.8
2042.0,1776.2
1729.0,1624.7
1569.0,1648.4
1893.0,1663.0
1889.0,1699.1
1701.0,1661.0
1867.0,1718.2
1578.0,1591.1
1708.0,1501.8
1684.0,1727.2
1906.0,1653.8
1782.0,1665.4
1811.0,1654.0
1284.0,1698.2
1176.0,1639.6
1685.0,1676.6
1555.0,1642.5
1363.0,1671.1
1575.0,1664.3
1566.0,1705.2
1451.0,1641.3
1888.0,1685.9
1708.0,1663.9
1367.0,1714.7
1647.0,1708.4
1513.0,1610.6
1490.0,1652.1
1590.0,1684.1
2059.0,1719.2
1951.0,1617.5
1542.0,1570.3
1944.0,1695.9
2182.0,1641.2
1642.0,1547.3
1401.0,1750.7
1467.0,1601.2
1845.0,1817.6
1582.0,1693.2
1361.0,1636.3
1610.0,1714.6
1714.0,1740.8
1730.0,1567.7
1611.0,1657.0
1844.0,1702.1
1349.0,1741.4
1373.0,1530.7
1569.0,1698.1
1697.0,1711.0
1964.0,1650.8
1250.0,1633.5
1589.0,1761.0
2138.0,1744.6
1787.0,1650.1
962.0,1632.7
1593.0,1662.4
1856.0,1704.4
1741.0,1652.1
1579.0,1588.2
1858.0,1707.3
1379.0,1780.1
1664.0,1623.0
1552.0,1675.5
1886.0,1688.3
1957.0,1623.4
1775.0,1644.7
1584.0,1722.9
1594.0,1712.3
1810.0,1690.8
1425.0,1658.8
2022.0,1643.8
1448.0,1640.4
1800.0,1830.8
1504.0,1637.9
1814.0,1639.2
1549.0,1705.1
1340.0,1683.2
1591.0,1677.5
1556.0,1664.1
1428.0,1608.4
1502.0,1714.1
1395.0,1580.5
2343.0,1726.4
1558.0,1800.6
1825.0,1615.5
2105.0,1644.2
1896.0,1643.0
1334.0,1614.0
2096.0,1749.7
1299.0,1695.4
1583.0,1595.5
1130.0,1625.7
1587.0,1764.1
1664.0,1662.9
1574.0,1730.4
1212.0,1661.5
1607.0,1627.3
1630.0,1648.6
1372.0,1669.0
1842.0,1726.2
1417.0,1618.5
1527.0,1657.5
1559.0,1504.0
1611.0,1570.0
1719.0,1720.8
1487.0,1655.7
1577.0,1595.3
1535.0,1510.8
2199.0,1692.7
2004.0,1650.7
1776.0,1630.3
1288.0,1567.7
2008.0,1680.8
1586.0,1606.9
1903.0,1627.7
1340.0,1721.0
1641.0,1678.4
1618.0,1734.0
1655.0,1532.3
1399.0,1604.7
1721.0,1264.6
1865.0,1698.1
1732.0,1655.9
1669.0,1558.7
1891.0,1761.6
1755.0,1689.5
1837.0,1723.6
1360.0,1685.3
2146.0,1740.0
1569.0,1721.8
1641.0,1715.9
1612.0,1636.3
1543.0,1716.2
1425.0,1678.2
1410.0,1590.6
1967.0,1647.2
1880.0,1635.9
1944.0,1731.2
2039.0,1878.7
1819.0,1742.1
1710.0,1637.3
1838.0,1760.0
2061.0,1666.5
1695.0,1673.3
1353.0,1575.6
1627.0,1552.8
1914.0,1698.0
1797.0,1667.6
1696.0,1644.1
1527.0,1656.4
1305.0,1627.8
1781.0,1602.6
1759.0,1643.7
1808.0,1626.3
1304.0,1695.2
2129.0,1779.9
1970.0,1806.2
1484.0,1618.6
1864.0,1753.3
1699.0,1809.9
1752.0,1615.1
1928.0,1713.7
1906.0,1612.5
1820.0,1575.8
1777.0,1708.7
1893.0,1620.4
1907.0,1725.5
1974.0,1769.8
1178.0,1661.4
1479.0,1726.3
1600.0,1557.0
1178.0,1692.2
1630.0,1709.0
1706.0,1785.2
1239.0,1662.1
1680.0,1632.6
1730.0,1543.8
1632.0,1657.7
2075.0,1648.9
1505.0,1747.1
1720.0,1729.2
1444.0,1672.9
1428.0,1607.3
1312.0,1652.7
1916.0,1782.7
1253.0,1611.6
1513.0,1621.6
1603.0,1757.0
1559.0,1655.5
1975.0,1706.6
1433.0,1696.3
1531.0,1620.6
1211.0,1656.1
1328.0,1648.3
2063.0,1659.5
1721.0,1738.2
2204.0,1778.1
1859.0,1506.5
2063.0,1877.2
1969.0,1644.4
2259.0,1792.0
1751.0,1684.3
1335.0,1564.7
1236.0,1508.8
1839.0,1694.0
1255.0,1658.4
1902.0,1657.4
1279.0,1650.0
1333.0,1694.0
1969.0,1664.3
1559.0,1642.3
1763.0,1716.6
1755.0,1524.0
1938.0,1692.1
1811.0,1876.3
1734.0,1734.1
1561.0,1565.4
1594.0,1719.4
1800.0,1702.6
1610.0,1628.6
1818.0,1664.6
1557.0,1545.6
1215.0,1625.5
1748.0,1614.6
1594.0,1542.5
1852.0,1313.3
2005.0,1629.4
1152.0,1247.2
1698.0,1730.1
1398.0,1712.5
1375.0,1665.2
1709.0,1654.3
1108.0,1590.9
1743.0,1689.7
1922.0,1629.7
1607.0,1757.6
1787.0,1667.1
2135.0,1588.6
1755.0,1672.7
1965.0,1763.9
1607.0,1712.1
2066.0,1704.9
1766.0,1535.6
1558.0,1611.0
1428.0,1620.5
1385.0,1642.0
1842.0,1587.4
2100.0,1749.1
1680.0,1663.7
1666.0,1523.3
2018.0,1633.7
2030.0,1667.3
1409.0,1409.7
1644.0,1688.2
1523.0,1608.5
1804.0,1698.5
1145.0,1742.3
2066.0,1629.7
1612.0,1629.3
1948.0,1751.0
1171.0,1540.9
1500.0,1701.8
1456.0,1697.6
1958.0,1717.4
2307.0,1679.7
2167.0,1713.9
1565.0,1633.9
1465.0,1658.5
1577.0,1553.6
1792.0,1618.3
1655.0,1652.7
1533.0,1641.2
1781.0,1737.2
1486.0,1610.9
1671.0,1725.5
1291.0,1278.7
1747.0,1682.7
2095.0,1653.4
1523.0,1727.7
2018.0,1881.0
1675.0,1607.9
1692.0,1630.1
1830.0,1617.1
1732.0,1682.8
1630.0,1678.3
1555.0,1606.7
1874.0,1688.9
1368.0,1597.9
1507.0,1668.1
1682.0,1605.1
1244.0,1586.0
2012.0,1634.8
1395.0,1640.0
1727.0,1754.7
1574.0,1614.8
1865.0,1751.2
1870.0,1680.5
1861.0,1696.0
1634.0,1574.9
2121.0,1716.6
1697.0,1736.5
1592.0,1678.9
1941.0,1700.8
2297.0,1479.6
1614.0,1632.7
1908.0,1544.4
1862.0,1742.3
1718.0,1597.8
2281.0,1679.9
1506.0,1661.7
1677.0,1573.5
1942.0,1740.7
1739.0,1600.8
1830.0,1662.4
1497.0,1581.0
1813.0,1705.9
1963.0,1680.6
2136.0,1626.3
1654.0,1697.2
1857.0,1762.4
1928.0,1651.2
1738.0,1607.6
2036.0,1692.8
1654.0,1520.3
1908.0,1768.9
1731.0,1685.8
1145.0,1645.6
1627.0,1628.4
2046.0,1629.2
1695.0,1567.3
1597.0,1650.2
1687.0,1776.4
2118.0,1777.7
2126.0,1736.7
1983.0,1684.5
1362.0,1674.0
1515.0,1750.0
1480.0,1545.8
1946.0,1761.1
1573.0,1565.9
1715.0,1655.7
1306.0,1554.7
2014.0,1562.0
1914.0,1680.0
1856.0,1675.4
2022.0,1602.6
1308.0,1886.7
1941.0,1679.4
1539.0,1657.0
1752.0,1723.0
1341.0,1622.4
1970.0,1704.0
1328.0,1735.9
1192.0,1511.4
1187.0,1528.7
1619.0,1715.8
1823.0,1712.0
1792.0,1605.9
1235.0,1497.2
1640.0,1729.2
1608.0,1727.5
1573.0,1815.3
1537.0,1732.3
1512.0,1728.8
1792.0,1650.3
1665.0,1691.8
1097.0,1628.3
1615.0,1512.2
1470.0,1593.5
1915.0,1740.3
2007.0,1650.4
1605.0,1621.2
1180.0,1661.8
2116.0,1829.4
1591.0,1642.7
1843.0,1602.2
1632.0,1528.2
2110.0,1645.6
1398.0,1547.5
1945.0,1713.9
1610.0,1631.7
2125.0,1689.6
1678.0,1695.9
1482.0,1615.5
1549.0,1309.3
2093.0,1669.0
1251.0,1320.1
1600.0,1669.5
1768.0,1716.6
1344.0,1604.1
1526.0,1470.3
1958.0,1783.8
2072.0,1726.0
1380.0,1647.3
1390.0,1587.5
2186.0,1809.6
1670.0,1680.6
1502.0,1652.7
2026.0,1693.4
1885.0,1691.9
2007.0,1641.0
1486.0,1685.6
1627.0,1639.2
2038.0,1880.5
1514.0,1623.4
1637.0,1651.9
1997.0,1695.0
1602.0,1648.4
1471.0,1586.0
1176.0,1263.8
1651.0,1770.6
2012.0,1605.4
1952.0,1683.1
1471.0,1631.5
1597.0,1775.6
1255.0,1604.6
1405.0,1629.1
2017.0,1491.5
1668.0,1585.6
1687.0,1641.4
1614.0,1644.2
1324.0,1853.1
1842.0,1573.1
1756.0,1602.3
1953.0,1553.0
1186.0,1585.7
1825.0,1693.7
1737.0,1677.8
1676.0,1626.3
1373.0,1852.3
1597.0,1868.0
1358.0,1466.3
1810.0,1858.8
1980.0,1835.9
1828.0,1644.4
1872.0,1705.2
1347.0,1699.9
1994.0,1796.8
1897.0,1669.3
1839.0,1720.1
1999.0,1600.7
1893.0,1736.3
1274.0,1712.0
1334.0,1637.4
1373.0,1623.6
1331.0,1641.3
1652.0,1710.1
1814.0,1668.8
1631.0,1574.6
1293.0,1686.6
1331.0,1679.5
1886.0,1731.4
1348.0,1445.3
1614.0,1732.6
1947.0,1653.0
1878.0,1668.4
1681.0,1688.5
1952.0,1617.9
1181.0,1623.1
1492.0,1677.7
1757.0,1671.7
1778.0,1606.3
1627.0,1694.7
1592.0,1718.2
1617.0,1667.1
1946.0,1643.3
1523.0,1623.4
1627.0,1647.1
1436.0,1681.7
1429.0,1651.9
1714.0,1561.2
1661.0,1669.4
1736.0,1827.6
1716.0,1721.9
1940.0,1831.3
1689.0,1876.6
1723.0,1733.1
1668.0,1620.2
1393.0,1683.1
1721.0,1622.0
1398.0,1593.9
1436.0,1600.0
1720.0,1660.7
1763.0,1742.0
1853.0,1518.7
1599.0,1758.5
1839.0,1696.8
1303.0,1667.8
1863.0,1732.3
1825.0,1627.9
1604.0,1712.7
1576.0,1634.9
1152.0,1523.0
1832.0,1726.7
2036.0,1755.0
1652.0,1635.4
1760.0,1750.9
1587.0,1575.3
1694.0,1578.9
1803.0,1762.1
1953.0,1847.7
1893.0,1773.9
1420.0,1629.7
1910.0,1461.7
1735.0,1739.8
2322.0,1693.5
1440.0,1509.1
1914.0,1686.1
1830.0,1606.5
1844.0,1581.3
1825.0,1714.4
1245.0,1246.6
1260.0,1559.4
1776.0,1538.5
1679.0,1806.9
2063.0,1721.1
1854.0,1635.4
1677.0,1720.4
1657.0,1627.7
1307.0,1609.2
1582.0,1739.9
1958.0,1687.7
1785.0,1657.0
1896.0,1696.2
1866.0,1650.7
1621.0,1662.3
1778.0,1657.3
1531.0,1647.6
1608.0,1650.5
1709.0,1809.8
1098.0,1585.8
1695.0,1648.0
1499.0,1628.2
1912.0,1882.2
1813.0,1784.8
1414.0,1663.2
2127.0,1677.3
1348.0,1519.5
1914.0,1589.4
1637.0,1619.2
1840.0,1580.9
1817.0,1612.8
1501.0,1674.7
1787.0,1838.4
1818.0,1576.1
1611.0,1668.2
1997.0,1600.9
1720.0,1655.3
1144.0,1561.5
2020.0,1711.2
1491.0,1593.4
1819.0,1833.4
1571.0,1715.4
1911.0,1650.6
2072.0,1634.5
1766.0,1579.3
1525.0,1776.3
1433.0,1606.6
1666.0,1631.2
1643.0,1731.3
1589.0,1591.3
1316.0,1540.8
1860.0,1658.1
1622.0,1535.3
1453.0,1680.8
2064.0,1687.2
1239.0,1384.6
1987.0,1620.6
1980.0,1769.9
1273.0,1558.8
1757.0,1632.2
2056.0,1892.6
1671.0,1667.1
1591.0,1646.0
1249.0,1633.9
1434.0,1658.2
1796.0,1666.4
1623.0,1660.7
1906.0,1821.6
1480.0,1622.3
2102.0,1790.0
1214.0,1551.7
1625.0,1685.2
1411.0,1704.0
1629.0,1647.4
1618.0,1676.2
1787.0,1678.1
1635.0,1688.6
1949.0,1773.0
1300.0,1690.7
1540.0,1698.2
1553.0,1608.8
1514.0,1625.3
1464.0,1703.4
1518.0,1616.9
2237.0,1871.8
1686.0,1647.5
1839.0,1715.5
1636.0,1738.0
1774.0,1642.4
1960.0,1634.5
1298.0,1752.7
1997.0,1664.4
1551.0,1756.4
1920.0,1717.6
1649.0,1635.7
1623.0,1841.0
1720.0,1578.4
2205.0,1680.9
1776.0,1658.3
1839.0,1787.7
1362.0,1742.3
1168.0,1601.6
2035.0,1720.9
2188.0,1656.6
1711.0,1572.9
1598.0,1690.9
1837.0,1678.9
2076.0,1738.3
1765.0,1538.2
1220.0,1628.9
1092.0,1249.7
2005.0,1731.9
1809.0,1658.8
1846.0,1661.4
1451.0,1636.0
2067.0,1897.6
1746.0,1599.4
1329.0,1632.4
1897.0,1640.0
1137.0,1542.1
1698.0,1643.2
1895.0,1655.0
1397.0,1642.9
1607.0,1637.8
1927.0,1610.8
1471.0,1639.4
1243.0,1652.5
1246.0,1752.7
1896.0,1622.7
1849.0,1687.8
1668.0,1683.4
1661.0,1656.1
1632.0,1658.4
1650.0,1727.2
1594.0,1728.7
1405.0,1676.9
1685.0,1697.9
2119.0,1698.5
1731.0,1717.4
1595.0,1676.5
1742.0,1580.6
1733.0,1611.2
1617.0,1692.2
1868.0,1846.1
1265.0,1728.3
1460.0,1652.4
2045.0,1679.7
1586.0,1632.0
1384.0,1367.6
1548.0,1619.0
1987.0,1674.0
1539.0,1644.2
1580.0,1750.6
1810.0,1716.3
1599.0,1625.7
1810.0,1279.5
2008.0,1634.6
1633.0,1676.6
1655.0,1677.3
1608.0,1634.1
1938.0,1526.7
1512.0,1711.6
1609.0,1629.4
1516.0,1563.7
1640.0,1661.3
1890.0,1670.5
1427.0,1471.3
1542.0,1724.6
1751.0,1668.4
1380.0,1596.0
1516.0,1675.2
1599.0,1643.2
2033.0,1783.6
1844.0,1464.8
1879.0,1650.3
1688.0,1719.8
1217.0,1422.4
2007.0,1646.2
1822.0,1621.2
1521.0,1644.0
1647.0,1762.0
2281.0,1738.6
1611.0,1617.8
1671.0,1793.7
1508.0,1687.6
1404.0,1714.1
1388.0,1669.5
1793.0,1759.6
1520.0,1633.4
1597.0,1735.6
1632.0,1665.7
2040.0,1603.5
1853.0,1733.0
1749.0,1685.2
1403.0,1661.3
1923.0,1624.5
1522.0,1740.1
1814.0,1680.7
1224.0,1676.7
1321.0,1632.6
1929.0,1627.0
1642.0,1609.7
1830.0,1604.1
1278.0,1721.0
1646.0,1698.5
1750.0,1652.6
1847.0,1726.6
1566.0,1656.4
1826.0,1660.6
1564.0,1698.4
2097.0,1839.5
1383.0,1648.8
1554.0,1593.2
2157.0,1870.8
1908.0,1694.5
2171.0,1721.4
1226.0,1535.7
1911.0,1752.3
1719.0,1566.8
1670.0,1534.6
2085.0,1620.0
1195.0,1662.5
1707.0,1824.0
1545.0,1659.0
1932.0,1748.9
1430.0,1731.0
1617.0,1731.2
1735.0,1492.7
1831.0,1694.7
1506.0,1582.1
1580.0,1660.4
1689.0,1905.8
1866.0,1611.1
1447.0,1691.9
1933.0,1716.1
1867.0,1658.5
1677.0,1692.7
1652.0,1722.8
1652.0,1608.5
1295.0,1657.7
1840.0,1725.5
1709.0,1635.2
1726.0,1749.1
1785.0,1716.6
1302.0,1736.2
1809.0,1636.9
1611.0,1620.4
1457.0,1590.7
1739.0,1600.8
1626.0,1709.6
1604.0,1570.2
1970.0,1887.0
1713.0,1682.4
1734.0,1691.6
2434.0,1742.9
1637.0,1659.9
1377.0,1507.7
1622.0,1613.8
1253.0,1669.6
1392.0,1547.9
1570.0,1575.9
1758.0,1675.5
1394.0,1641.8
1716.0,1568.8
1278.0,1585.2
1830.0,1635.9
1672.0,1680.6
1525.0,1655.9
1230.0,1639.4
1392.0,1605.6
1821.0,1628.7
1659.0,1592.4
2067.0,1814.1
1770.0,1623.8
1861.0,1767.0
1732.0,1545.0
2111.0,1490.7
1619.0,1693.5
2154.0,1644.4
1581.0,1720.5
1669.0,1741.5
1694.0,1652.7
1415.0,1680.3
1388.0,1678.3
1632.0,1622.1
1736.0,1680.1
1327.0,1639.1
1541.0,1584.7
1784.0,1796.6
1687.0,1535.5
1319.0,1657.5
2217.0,1809.9
1695.0,1704.5
1792.0,1606.7
1926.0,1629.8
1515.0,1649.8
2164.0,1668.2
1770.0,1674.4
1328.0,1652.4
1499.0,1771.3
1628.0,1703.0
1301.0,1555.5
1885.0,1591.4
1540.0,1629.1
1566.0,1613.8
1859.0,1680.3
1249.0,1674.2
1670.0,1615.0
1586.0,1743.2
1671.0,1624.8
1539.0,1639.8
1942.0,1667.4
1997.0,1619.4
1258.0,1481.6
2032.0,1703.1
1595.0,1709.5
1872.0,1680.6
1675.0,1781.6
1616.0,1706.6
1626.0,1623.4
1545.0,1841.2
1497.0,1683.7
1648.0,1604.0
1664.0,1721.4
1264.0,1592.4
1671.0,1642.3
1446.0,1663.4
1859.0,1630.5
1716.0,1686.6
1602.0,1824.3
1592.0,1680.9
1448.0,1481.0
1858.0,1706.5
1907.0,1595.9
1651.0,1582.9
1637.0,1667.9
1526.0,1703.7
1915.0,1746.7
1584.0,1530.2
1740.0,1709.8
1752.0,1733.6
2240.0,1685.2
1718.0,1634.0
1970.0,1702.8
1856.0,1704.7
1714.0,1581.8
1933.0,1754.0
1868.0,1520.5
1806.0,1689.7
1493.0,1705.5
1795.0,1594.3
1847.0,1670.2
1940.0,1630.8
1662.0,1695.1
1452.0,1525.9
1870.0,1878.3
1857.0,1616.8
1647.0,1603.9
1695.0,1643.3
1938.0,1702.6
1679.0,1702.7
1843.0,1712.8
1783.0,1640.8
1180.0,1246.3
1445.0,1656.4
1399.0,1508.4
1248.0,1610.2
1186.0,1741.4
2132.0,1591.3
1379.0,1590.4
1796.0,1665.0
1699.0,1655.8
1773.0,1676.6
2180.0,1757.3
1882.0,1756.4
1960.0,1536.0
1597.0,1684.0
1783.0,1623.3
1843.0,1645.9
2139.0,1736.6
1174.0,1653.3
1779.0,1669.7
1725.0,1672.7
1753.0,1631.0
2021.0,1648.1
1748.0,1570.3
1819.0,1598.5
1423.0,1639.5
1544.0,1565.7
1716.0,1636.9
1191.0,1564.6
1286.0,1648.0
1261.0,1680.7
1686.0,1739.1
2065.0,1805.5
1687.0,1631.9
1760.0,1693.6
1552.0,1618.4
1955.0,1674.9
1538.0,1643.6
1807.0,1743.2
1564.0,1683.7
1336.0,1534.4
1316.0,1679.7
1694.0,1722.8
1306.0,1636.8
1810.0,1664.1
1788.0,1695.5
1701.0,1737.2
1315.0,1747.2
1401.0,1584.6
2138.0,1658.5
1652.0,1857.9
1719.0,1602.9
2030.0,1588.2
1831.0,1708.6
1629.0,1672.5
1494.0,1671.1
1501.0,1743.5
2052.0,1719.8
2104.0,1610.4
1277.0,1643.0
1592.0,1795.6
1548.0,1589.3
1751.0,1618.9
1734.0,1661.6
1990.0,1773.3
1533.0,1633.6
2011.0,1627.1
1976.0,1702.4
1591.0,1661.3
1471.0,1649.7
1436.0,1757.1
1554.0,1666.3
1649.0,1711.0
1526.0,1682.2
1235.0,1647.5
2030.0,1671.1
1382.0,1583.6
1585.0,1697.6
2216.0,1827.6
1897.0,1818.4
1578.0,1691.2
1294.0,1731.4
1596.0,1637.5
1576.0,1610.0
1717.0,1698.3
1936.0,1742.1
1592.0,1676.6
1390.0,1709.0
1538.0,1649.8
1755.0,1724.4
1936.0,1858.1
1695.0,1698.3
1693.0,1765.8
1872.0,1635.4
1848.0,1697.9
1589.0,1590.7
2025.0,1588.4
1830.0,1650.3
2144.0,1802.5
1389.0,1873.5
1946.0,1665.7
1507.0,1580.0
1770.0,1700.6
1885.0,1659.8
1951.0,1691.1
2014.0,1714.2
1563.0,1771.2
1488.0,1756.1
1630.0,1555.4
1955.0,1619.6
1806.0,1720.2
2199.0,1701.6
1220.0,1585.1
1618.0,1603.2
1876.0,1757.4
1585.0,1667.2
2020.0,1698.7
1907.0,1876.7
2084.0,1691.6
1485.0,1659.6
1586.0,1628.4
1856.0,1603.2
1766.0,1646.2
1301.0,1224.6
1703.0,1680.4
1626.0,1653.1
2272.0,1723.3
1262.0,1584.8
1751.0,1778.1
1195.0,1618.9
1831.0,1800.0
1396.0,1751.4
1869.0,1797.6
1370.0,1791.9
1690.0,1678.0
1561.0,1661.3
1810.0,1665.7
1751.0,1567.3
1725.0,1710.6
1206.0,1719.1
1615.0,1632.8
1524.0,1549.8
1988.0,1655.3
1475.0,1592.0
1648.0,1667.8
1440.0,1687.0
2127.0,1663.4
2058.0,1762.6
1956.0,1711.3
1695.0,1659.1
1579.0,1611.3
2099.0,1578.2
1061.0,1616.9
1160.0,1628.9
1942.0,1690.9
1703.0,1744.5
1599.0,1556.4
2091.0,1731.3
1940.0,1790.4
1560.0,1672.7
1700.0,1663.3
1559.0,1799.6
1190.0,1620.4
1954.0,1693.5
1274.0,1277.3
1573.0,1694.7
1371.0,1728.0
1603.0,1691.3
1711.0,1669.0
1806.0,1632.4
1738.0,1662.0
1700.0,1456.5
1850.0,1596.5
1931.0,1783.1
1696.0,1668.5
1479.0,1630.9
1850.0,1730.9
1983.0,1753.6
1577.0,1698.0
1869.0,1707.4
2276.0,1880.6
1656.0,1669.1
1847.0,1590.7
1424.0,1708.6
1756.0,1636.3
1544.0,1534.6
1419.0,1780.6
1769.0,1636.4
1746.0,1590.6
2063.0,1772.0
1725.0,1765.4
1453.0,1756.0
1682.0,1713.0
1959.0,1620.5
1641.0,1691.5
1655.0,1722.3
1267.0,1631.6
1854.0,1720.4
1446.0,1723.9
2234.0,1621.7
1212.0,1621.4
1346.0,1846.5
1784.0,1619.7
1487.0,1628.4
1675.0,1749.9
1768.0,1741.6
1642.0,1617.1
1278.0,1656.2
1779.0,1723.3
1808.0,1676.4
1584.0,1639.2
1610.0,1674.7
1890.0,1669.2
1671.0,1864.7
1303.0,1631.8
1703.0,1681.5
2027.0,1844.7
1554.0,1681.0
1388.0,1727.0
1678.0,1688.3
1598.0,1707.1
1727.0,1715.7
1841.0,1680.7
1581.0,1507.9
1914.0,1843.1
1871.0,1761.6
1865.0,1692.0
2098.0,1769.2
1407.0,1634.0
1408.0,1515.5
1651.0,1621.6
2120.0,1665.0
1901.0,1649.6
1773.0,1680.9
1893.0,1645.0
1521.0,1587.9
2152.0,1745.9
2088.0,1714.2
1752.0,1709.8
1577.0,1589.1
1636.0,1418.9
1840.0,1740.7
1601.0,1732.8
1697.0,1667.9
1676.0,1740.6
1713.0,1652.7
1598.0,1680.3
1968.0,1687.2
1604.0,1738.7
1457.0,1681.9
1216.0,1576.7
1759.0,1700.3
1542.0,1759.8
1622.0,1629.5
1464.0,1693.9
1351.0,1723.4
1719.0,1632.8
1812.0,1732.1
1591.0,1744.1
2009.0,1760.9
1940.0,1637.5
1945.0,1633.8
1508.0,1560.3
1717.0,1568.0
1662.0,1698.1
1611.0,1667.8
1295.0,1546.9
2042.0,1572.1
2004.0,1618.5
1974.0,1665.9
1540.0,1660.7
1814.0,1670.4
1414.0,1644.0
1608.0,1659.6
1711.0,1654.5
1525.0,1652.3
1444.0,1620.0
1695.0,1668.3
1513.0,1669.1
1714.0,1652.4
1488.0,1698.4
1375.0,1650.2
1634.0,1595.9
1965.0,1706.3
1741.0,1642.9
1730.0,1742.5
1896.0,1679.1
1870.0,1643.4
1858.0,1627.0
1591.0,1617.4
1611.0,1644.1
1523.0,1669.5
1556.0,1659.9
2119.0,1662.2
1564.0,1631.3
1716.0,1609.9
1125.0,1173.0
1558.0,1614.8
1930.0,1650.0
1604.0,1778.6
1625.0,1664.0
1726.0,1761.0
1594.0,1814.9
1887.0,1625.2
1611.0,1693.7
1708.0,1622.8
2121.0,1638.2
1918.0,1669.7
1520.0,1666.9
1515.0,1710.6
1945.0,1761.8
1819.0,1608.4
2036.0,1663.9
1987.0,1685.0
1474.0,1615.7
1889.0,1843.6
1629.0,1589.3
1724.0,1721.9
1317.0,1418.9
1629.0,1658.8
1616.0,1629.7
1508.0,1681.4
1870.0,1709.3
1710.0,1749.2
1279.0,1470.6
1701.0,1686.6
1722.0,1636.4
1659.0,1627.1
1501.0,1528.7
1269.0,1349.8
1428.0,1672.8
1751.0,1611.0
1632.0,1603.7
1567.0,1705.9
2133.0,1672.9
1806.0,1493.0
1351.0,1637.8
1593.0,1608.8
1412.0,1587.3
1621.0,1684.7
1638.0,1598.1
1855.0,1717.1
1294.0,1633.8
1175.0,1596.9
1944.0,1648.1
1542.0,1592.3
1432.0,1674.5
1203.0,1653.8
1938.0,1682.8
2249.0,1739.2
1295.0,1591.8
1790.0,1731.3
1885.0,1560.3
1702.0,1632.3
1790.0,1846.5
1589.0,1540.1
1548.0,1635.5
1536.0,1680.1
1363.0,1668.8
1642.0,1677.5
1568.0,1612.2
1562.0,1512.3
1210.0,1552.2
2077.0,1739.9
1838.0,1742.3
1813.0,1694.2
1668.0,1638.7
1387.0,1638.9
1868.0,1759.1
1795.0,1701.3
1379.0,1527.7
2053.0,1702.4
1691.0,1745.7
1232.0,1588.5
1732.0,1712.5
1178.0,1328.5
1356.0,1602.2
1662.0,1660.1
1565.0,1650.5
1408.0,1688.7
1666.0,1773.0
1764.0,1584.3
1290.0,1667.4
1357.0,1596.1
1733.0,1598.8
2104.0,1587.3
1743.0,1851.8
1880.0,1723.5
1693.0,1646.8
2008.0,1571.2
1528.0,1675.5
1839.0,1673.9
1616.0,1679.4
1326.0,1614.7
1535.0,1692.7
1599.0,1700.9
1980.0,1792.2
1407.0,1590.4
1837.0,1661.6
1714.0,1687.6
1862.0,1671.2
1850.0,1865.9
1506.0,1673.7
1847.0,1688.3
1154.0,1663.0
1683.0,1583.8
1923.0,1697.2
1693.0,1704.1
1367.0,1624.8
1579.0,1585.8
1796.0,1617.1
2051.0,1792.4
1875.0,1835.7
1428.0,1691.4
1513.0,1660.2
1386.0,1699.3
1551.0,1702.2
1770.0,1587.9
1926.0,1655.5
1252.0,1718.3
1772.0,1584.3
2104.0,1747.6
1258.0,1255.9
1503.0,1603.7
1876.0,1665.1
1783.0,1686.1
1410.0,1752.0
1687.0,1726.0
1525.0,1641.6
1701.0,1616.6
1490.0,1578.7
1473.0,1693.2
2050.0,1597.3
1571.0,1685.0
1789.0,1663.2
1813.0,1763.6
1366.0,1671.2
1811.0,1777.8
1570.0,1624.1
1945.0,1738.9
1666.0,1685.8
2166.0,1879.1
1889.0,1750.3
1800.0,1662.4
2045.0,1560.5
1298.0,1640.0
1496.0,1611.1
2009.0,1662.9
1547.0,1592.4
1526.0,1617.3
2080.0,1899.4
1562.0,1688.1
1632.0,1724.0
1628.0,1614.6
1525.0,1636.9
1484.0,1645.9
1622.0,1619.8
1810.0,1647.6
2056.0,1674.4
1763.0,1738.6
1375.0,1240.1
2026.0,1717.1
1941.0,1746.2
1834.0,1699.3
1492.0,1740.3
1744.0,1466.2
1735.0,1593.6
2102.0,1783.9
1068.0,1611.0
1974.0,1592.9
1767.0,1711.6
1926.0,1716.1
1356.0,1570.3
1952.0,1659.9
1637.0,1713.7
1825.0,1749.7
1261.0,1610.9
1951.0,1624.0
1344.0,1672.8
1686.0,1700.4
1337.0,1660.6
1659.0,1611.6
1549.0,1696.8
2084.0,1799.4
1714.0,1635.5
1340.0,1612.9
1542.0,1613.8
1232.0,1679.1
1900.0,1719.9
1887.0,1787.3
1860.0,1656.4
1262.0,1687.2
1603.0,1555.3
1990.0,1681.5
1824.0,1758.7
1773.0,1745.2
1760.0,1707.9
1498.0,1598.2
1524.0,1658.5
1202.0,1524.7
1149.0,1705.8
1661.0,1622.3
1151.0,1697.9
1381.0,1670.8
1932.0,1765.0
1324.0,1595.2
1408.0,1630.4
1275.0,1529.7
1695.0,1646.1
1662.0,1647.0
2037.0,1753.9
1956.0,1700.5
1456.0,1738.5
1925.0,1721.2
1623.0,1689.7
2030.0,2049.3
2184.0,1736.1
1755.0,1729.0
1196.0,1540.0
1656.0,1615.0
1850.0,1682.4
1932.0,1749.1
1679.0,1624.7
1400.0,1698.9
1885.0,1760.2
1188.0,1618.7
1757.0,1748.5
1189.0,1613.1
1744.0,1654.6
1611.0,1704.8
1828.0,1754.9
1411.0,1419.9
1200.0,1666.7
1659.0,1559.9
1705.0,1739.1
1830.0,1704.6
1995.0,1709.9
1897.0,1666.2
1744.0,1789.5
1862.0,1803.4
1831.0,1745.5
1575.0,1662.7
1746.0,1643.6
1807.0,1644.1
1701.0,1891.2
1769.0,1652.6
1862.0,1607.0
1481.0,1623.5
1990.0,1716.6
1304.0,1647.7
2118.0,1610.4
1184.0,1616.0
1713.0,1686.4
1529.0,1628.4
1910.0,1677.4
1246.0,1673.3
1988.0,1729.4
1504.0,1627.3
1806.0,1701.8
1478.0,1671.3
1366.0,1703.5
2161.0,1854.4
1740.0,1754.0
1987.0,1632.7
1187.0,1622.3
1463.0,1662.1
1678.0,1728.6
1944.0,1662.5
1871.0,1672.4
2008.0,1740.4
1601.0,1638.6
1734.0,1709.6
1513.0,1641.4
1748.0,1738.3
1524.0,1506.4
1907.0,1712.5
1650.0,1695.2
1535.0,1815.9
1541.0,1660.0
1578.0,1611.8
1758.0,1726.9
1767.0,1669.1
1589.0,1640.1
1890.0,1580.1
1817.0,1637.3
1919.0,1565.1
1454.0,1698.8
1560.0,1633.0
1359.0,1593.3
1718.0,1521.0
1835.0,1631.5
1571.0,1719.9
1719.0,1612.7
2186.0,1777.3
2029.0,1668.5
1611.0,1626.7
1384.0,1666.7
1721.0,1650.2
1317.0,1598.9
1221.0,1461.0
1407.0,1537.5
1772.0,1742.4
1988.0,1714.5
2191.0,1590.8
1675.0,1594.0
1860.0,1611.0
1561.0,1720.5
1399.0,1667.4
1998.0,1669.4
1404.0,1672.3
1789.0,1691.1
1607.0,1674.4
1612.0,1498.9
1229.0,1601.0
1724.0,1639.6
1699.0,1633.8
1475.0,1691.7
1222.0,1694.6
1733.0,1658.7
1558.0,1621.9
1319.0,1568.4
1729.0,1718.0
1251.0,1639.5
1679.0,1609.4
1998.0,1696.2
1375.0,1712.9
1806.0,1696.1
1994.0,1719.5
1361.0,1701.6
1939.0,1650.3
1703.0,1678.2
1238.0,1644.3
1387.0,1654.4
1880.0,1608.6
1601.0,1690.2
1710.0,1791.8
1723.0,1782.5
1476.0,1699.2
1799.0,1602.9
1753.0,1737.2
1388.0,1638.9
1962.0,1813.6
1817.0,1855.8
1591.0,1588.9
1628.0,1598.4
1468.0,1673.3
1759.0,1653.6
2061.0,1684.0
1437.0,1667.4
1811.0,1857.7
1881.0,1632.8
1372.0,1785.4
1114.0,1689.5
1446.0,1721.0
1733.0,1667.8
1589.0,1676.1
1475.0,1699.2
1784.0,1798.2
1914.0,1767.8
1565.0,1700.4
1920.0,1628.1
1714.0,1672.3
1605.0,1665.7
1320.0,1594.2
1573.0,1641.9
1150.0,1441.7
1471.0,1619.6
1588.0,1684.3
1699.0,1674.1
1952.0,1727.0
1534.0,1722.5
1618.0,1654.2
1466.0,1609.0
1667.0,1869.5
1330.0,1654.6
1892.0,1776.5
1654.0,1680.2
1260.0,1617.6
1672.0,1658.6
1905.0,1742.8
1365.0,1659.8
1667.0,1681.2
1472.0,1646.8
1498.0,1544.1
1836.0,1773.0
1430.0,1595.3
1934.0,1627.7
1646.0,1664.6
1657.0,1660.9
1402.0,1565.9
1820.0,1720.9
1681.0,1639.9
1166.0,1641.0
1587.0,1785.1
1192.0,1704.2
2163.0,1678.1
1443.0,1621.6
1585.0,1804.5
1939.0,1724.4
1858.0,1639.2
1824.0,1675.7
2237.0,1737.2
2098.0,1682.2
1588.0,1592.0
1521.0,1654.6
1332.0,1310.4
1090.0,1627.7
1846.0,1896.8
1778.0,1688.5
2033.0,1911.0
1544.0,1557.8
1714.0,1730.5
2226.0,1646.0
2091.0,1588.3
1411.0,1713.4
1712.0,1626.3
2042.0,1651.8
1989.0,1752.6
1628.0,1736.8
1616.0,1735.5
1695.0,1665.0
1531.0,1589.0
2138.0,1674.3
1750.0,1773.4
1946.0,1684.4
1143.0,1275.8
1824.0,1740.5
1563.0,1601.6
1634.0,1778.5
1864.0,1732.5
1811.0,1679.6
1286.0,1867.5
1785.0,1528.4
1481.0,1708.0
1942.0,1705.5
1597.0,1641.8
1632.0,1760.9
1555.0,1700.6
1560.0,1712.1
1895.0,1786.9
1828.0,1553.4
1462.0,1630.5
1957.0,1717.7
1634.0,1675.1
1766.0,1528.6
1666.0,1705.9
1450.0,1589.8
1856.0,1643.4
1887.0,1687.2
1674.0,1662.9
2031.0,1615.7
1754.0,1637.2
1699.0,1564.7
1608.0,1673.1
1348.0,1680.7
1533.0,1656.0
1730.0,1671.6
1651.0,1683.0
1678.0,1719.5
1747.0,1886.4
1769.0,1759.8
1899.0,1634.2
2114.0,1625.6
1824.0,1508.7
1645.0,1691.5
1742.0,1574.8
1289.0,1620.4
1395.0,1676.5
2120.0,1832.5
1949.0,1628.5
1892.0,1674.6
1411.0,1692.7
1787.0,1599.7
1680.0,1738.4
1235.0,1657.1
1624.0,1635.7
1542.0,1645.5
1229.0,1731.0
2110.0,1737.2
1373.0,1672.1
1291.0,1725.6
1986.0,1641.0
1569.0,1472.8
1452.0,1785.2
1832.0,1606.6
1423.0,1613.6
1725.0,1693.1
1468.0,1645.5
1803.0,1705.5
1797.0,1882.5
1527.0,1630.6
1589.0,1600.9
2113.0,1732.9
2104.0,1693.1
2032.0,1725.0
1358.0,1755.7
1328.0,1285.9
1499.0,1430.2
1565.0,1643.9
1640.0,1606.7
1253.0,1715.3
1688.0,1712.0
1238.0,1728.2
1605.0,1669.6
1580.0,1659.1
1709.0,1628.8
1478.0,1601.6
1780.0,1568.5
1578.0,1861.7
1472.0,1525.9
1874.0,1612.7
1588.0,1694.6
2010.0,1744.4
1848.0,1501.8
1888.0,1577.2
1624.0,1688.2
1477.0,1641.8
1752.0,1692.9
1785.0,1717.9
2134.0,1858.5
1537.0,1608.5
1638.0,1707.8
2079.0,1682.4
2074.0,1706.0
1187.0,1519.2
1668.0,1697.2
1905.0,1694.5
1816.0,1770.0
1432.0,1604.6
2301.0,1715.4
1609.0,1729.9
2234.0,1666.9
1569.0,1584.5
1896.0,1681.6
1696.0,1591.2
1432.0,1534.1
1609.0,1622.7
1732.0,1682.3
1437.0,1578.9
1288.0,1653.2
1899.0,1613.0
1440.0,1698.6
1675.0,1670.4
1754.0,1727.6
1806.0,1688.5
1307.0,1638.4
1670.0,1702.0
1700.0,1619.6
1545.0,1720.3
1653.0,1646.6
1904.0,1450.3
1211.0,1654.9
1517.0,1652.2
1943.0,1710.8
1588.0,1666.7
2162.0,1668.5
1949.0,1564.6
1505.0,1714.0
1553.0,1573.1
1748.0,1673.3
1375.0,1413.1
2313.0,1699.6
1727.0,1702.6
1736.0,1663.2
1753.0,1606.6
2026.0,1703.1
1673.0,1642.8
1913.0,1554.7
1690.0,1707.3
1491.0,1555.5
1456.0,1748.5
1410.0,1605.6
1424.0,1685.1
1496.0,1546.9
1695.0,1702.9
1668.0,1701.4
1545.0,1684.2
1749.0,1627.2
1743.0,1652.7
1415.0,1717.7
1581.0,1638.8
1883.0,1724.2
1187.0,1672.1
1413.0,1563.6
1544.0,1735.4
1591.0,1642.7
1182.0,1255.0
1774.0,1631.0
1522.0,1568.3
1503.0,1590.2
1426.0,1763.1
2022.0,1585.8
1830.0,1596.9
1505.0,1623.4
1712.0,1682.1
1778.0,1621.7
1950.0,1746.3
1930.0,1621.9
2002.0,1670.4
1970.0,1727.0
1579.0,1653.2
1742.0,1619.0
1503.0,1684.5
1780.0,1872.1
2029.0,1641.7
1657.0,1683.4
1544.0,1541.0
1762.0,1588.8
1612.0,1616.2
1508.0,1640.3
1728.0,1744.4
1507.0,1622.8
2131.0,1715.0
1645.0,1688.3
1737.0,1660.2
1214.0,1650.9
1670.0,1710.3
1763.0,1605.6
1551.0,1663.7
1723.0,1708.6
1317.0,1658.9
1578.0,1731.9
1585.0,1540.5
1312.0,1688.5
1918.0,1728.6
1431.0,1678.1
1613.0,1620.1
2016.0,1728.9
1323.0,1631.8
1873.0,1703.1
1505.0,1692.0
1572.0,1648.5
1746.0,1715.9
1929.0,1809.5
1596.0,1666.7
1661.0,1649.7
1380.0,1732.8
1624.0,1786.8
1648.0,1715.8
2078.0,1671.9
1445.0,1708.2
1523.0,1522.6
1340.0,1645.2
1398.0,1681.1
1568.0,1613.3
1556.0,1659.7
1559.0,1746.3
1904.0,1761.3
1852.0,1670.2
1653.0,1511.1
1474.0,1518.5
1779.0,1572.8
1972.0,1741.2
1951.0,1690.7
2008.0,1663.9
1531.0,1702.9
1322.0,1575.0
1217.0,1619.2
1890.0,1657.2
1582.0,1649.7
2202.0,1844.4
1274.0,1629.3
1353.0,1633.8
1817.0,1730.1
1609.0,1691.2
1864.0,1794.8
1732.0,1651.5
1647.0,1627.2
1769.0,1737.0
1883.0,1887.9
1498.0,1826.9
1670.0,1510.0
1782.0,1689.5
1601.0,1673.4
1592.0,1577.5
1587.0,1753.2
1544.0,1819.6
1896.0,1742.1
1769.0,1744.5
1586.0,1649.4
1170.0,1248.3
1648.0,1793.8
1579.0,1743.6
1694.0,1629.2
1368.0,1689.3
2247.0,1708.4
1647.0,1568.9
1506.0,1702.2
1240.0,1576.9
1746.0,1673.4
1635.0,1699.2
1902.0,1757.8
1928.0,1755.1
1816.0,1527.8
1758.0,1721.2
1463.0,1613.7
2164.0,1812.3
2017.0,1805.8
1558.0,1497.7
1813.0,1689.9
1585.0,1559.5
1289.0,1650.7
1935.0,1562.5
1761.0,1683.8
1696.0,1681.8
1619.0,1696.7
1913.0,1797.6
1151.0,1599.0
1837.0,1614.8
1526.0,1783.3
1438.0,1572.7
1826.0,1721.0
2006.0,1675.1
1476.0,1632.1
1482.0,1694.4
1636.0,1625.6
1176.0,1616.3
1383.0,1706.6
1269.0,1588.4
1732.0,1778.0
1599.0,1673.6
1797.0,1883.6
1507.0,1658.2
1572.0,1620.9
1376.0,1734.8
1829.0,1683.3
2006.0,1696.1
1613.0,1610.9
1422.0,1664.1
1423.0,1721.1
1801.0,1744.4
1522.0,1701.2
1656.0,1655.3
1356.0,1621.0
1798.0,1735.4
1821.0,1420.0
1239.0,1630.5
1245.0,1586.7
1782.0,1625.3
1232.0,1534.0
1820.0,1640.5
2054.0,1715.9
1292.0,1410.7
1907.0,1688.5
2032.0,1804.5
1686.0,1654.9
1770.0,1719.6
1268.0,1574.7
1566.0,1671.7
1246.0,1660.5
1711.0,1674.8
1229.0,1578.7
1224.0,1504.9
1821.0,1784.8
1863.0,1762.8
1681.0,1591.3
1918.0,1756.1
1559.0,1662.8
1188.0,1609.4
1527.0,1636.1
1395.0,1744.4
1659.0,1670.8
1398.0,1662.3
1065.0,1606.5
1670.0,1619.6
1807.0,1556.9
1769.0,1594.0
1670.0,1670.9
1246.0,1695.0
1619.0,1537.0
1840.0,1642.8
985.0,1623.4
1559.0,1682.6
1583.0,1634.2
1404.0,1651.5
1782.0,1755.1
1635.0,1695.3
1711.0,1702.8
1661.0,1778.1
1962.0,1621.1
1406.0,1695.1
1247.0,1672.8
1663.0,1768.7
1828.0,1809.0
1694.0,1633.9
1595.0,1683.4
1530.0,1618.9
1231.0,1508.9
1810.0,1701.7
1605.0,1736.5
1740.0,1750.9
1507.0,1595.1
1605.0,1681.1
1494.0,1707.1
1545.0,1640.5
1325.0,1653.3
1767.0,1676.7
1756.0,1739.8
1682.0,1709.4
2092.0,1853.0
1470.0,1697.9
1121.0,1638.5
2176.0,1824.8
1729.0,1811.6
1803.0,1656.0
1680.0,1612.7
1685.0,1729.2
1961.0,1682.5
1587.0,1590.2
1866.0,1748.8
1085.0,1300.3
1766.0,1640.3
1690.0,1644.3
1411.0,1574.6
1759.0,1561.4
2085.0,1705.1
1771.0,1738.1
2075.0,1708.8
1804.0,1736.2
1635.0,1650.1
1806.0,1567.3
1254.0,1536.7
2207.0,1827.7
1690.0,1675.0
1452.0,1623.9
1563.0,1627.5
1633.0,1632.7
1753.0,1589.0
1792.0,1660.9
1953.0,1705.4
1878.0,1639.2
1661.0,1686.3
1666.0,1705.8
1609.0,1610.9
1624.0,1614.5
1805.0,1689.7
1530.0,1665.3
2032.0,1829.6
2146.0,1829.1
2019.0,1672.6
2045.0,1662.7
1961.0,1719.3
1672.0,1760.0
1952.0,1782.9
1677.0,1730.3
1480.0,1759.7
1725.0,1702.1
1569.0,1693.2
1659.0,1652.6
2029.0,1603.4
1284.0,1641.1
2107.0,1800.3
2067.0,1608.3
1664.0,1742.2
1242.0,1616.3
1919.0,1665.7
1812.0,1775.6
1444.0,1574.4
1700.0,1606.4
1306.0,1597.7
2117.0,1619.7
1692.0,1652.8
1330.0,1654.3
1688.0,1793.7
1806.0,1693.6
1740.0,1705.3
1492.0,1616.0
1723.0,1755.4
1624.0,1727.6
2033.0,1624.5
1400.0,1661.4
1880.0,1677.7
1770.0,1657.3
1641.0,1629.2
1567.0,1763.1
1292.0,1563.6
1945.0,1735.4
2057.0,1860.2
1253.0,1624.9
1230.0,1540.8
2016.0,1687.2
1362.0,1412.6
1514.0,1577.8
1689.0,1781.6
2051.0,1583.6
1591.0,1816.6
1631.0,1818.7
1406.0,1651.1
1351.0,1588.7
1246.0,1631.9
1939.0,1738.9
1914.0,1724.8
1509.0,1581.6
1669.0,1730.9
1769.0,1702.8
1851.0,1632.2
1496.0,1623.6
1988.0,1849.8
1399.0,1635.2
1582.0,1700.3
1715.0,1728.5
2233.0,1690.1
2031.0,1618.3
1671.0,1593.7
1485.0,1622.4
1088.0,1635.7
1908.0,1666.9
1498.0,1546.3
1708.0,1762.8
1554.0,1715.6
1455.0,1599.8
1992.0,1654.0
1494.0,1711.9
1834.0,1679.3
1521.0,1449.9
1579.0,1659.2
1510.0,1583.0
1748.0,1788.1
1895.0,1692.4
1898.0,1668.6
1692.0,1652.1
1853.0,1710.7
1422.0,1731.6
1815.0,1674.6
1483.0,1731.7
2225.0,1834.1
1897.0,1740.1
1481.0,1647.5
1625.0,1558.0
1815.0,1710.8
1950.0,1695.6
1601.0,1644.9
1732.0,1891.7
1662.0,1676.2
1927.0,1652.7
1694.0,1710.7
1811.0,1656.7
1994.0,1834.6
1581.0,1611.0
1235.0,1592.6
2171.0,1674.9
1623.0,1549.1
1951.0,1740.9
1198.0,1692.3
1287.0,1667.3
1773.0,1649.0
1669.0,1732.3
1635.0,1578.0
1344.0,1672.5
1739.0,1768.5
1780.0,1669.2
1791.0,1698.1
1222.0,1628.3
2321.0,1552.8
1468.0,1609.5
1611.0,1722.5
1560.0,1607.6
1816.0,1670.1
1927.0,1621.8
1768.0,1538.5
2013.0,1571.8
1868.0,1654.2
1803.0,1641.2
1256.0,1629.2
1758.0,1607.6
1737.0,1681.6
1901.0,1666.0
1154.0,1741.9
1873.0,1624.5
1672.0,1634.7
1454.0,1650.4
1546.0,1654.1
2159.0,1729.1
1280.0,1571.2
1688.0,1724.8
1841.0,1748.5
1250.0,1655.3
1689.0,1603.0
2176.0,1786.5
1326.0,1677.2
1461.0,1583.5
1900.0,1746.7
1575.0,1711.7
1392.0,1580.8
1881.0,1849.9
1412.0,1688.6
1723.0,1695.2
1183.0,1545.2
1796.0,1764.1
1678.0,1661.8
1419.0,1545.7
1746.0,1827.8
1232.0,1615.0
1710.0,1630.3
1549.0,1726.7
1530.0,1555.8
1172.0,1660.7
1788.0,1664.5
1566.0,1613.1
1441.0,1645.6
1506.0,1496.0
1504.0,1458.9
1331.0,1732.2
1891.0,1656.7
1590.0,1601.5
1389.0,1640.8
1831.0,1591.8
1491.0,1713.7
1552.0,1521.3
1595.0,1674.8
1823.0,1717.2
1466.0,1700.5
1525.0,1776.4
1752.0,1669.0
1515.0,1687.6
1935.0,1697.9
1867.0,1547.7
1539.0,1643.3
1586.0,1587.0
1653.0,1648.3
1755.0,1579.8
1610.0,1618.9
1457.0,1732.9
1520.0,1643.7
1928.0,1845.1
1783.0,1745.3
1435.0,1636.3
1692.0,1817.9
1579.0,1557.3
1601.0,1628.0
1986.0,1692.5
1535.0,1614.0
1580.0,1752.8
1872.0,1695.3
1526.0,1680.2
1452.0,1679.0
1704.0,1549.0
1479.0,1566.1
1657.0,1653.4
1443.0,1757.0
1642.0,1510.2
1244.0,1643.3
1573.0,1641.5
1710.0,1586.1
1826.0,1585.7
1952.0,1762.6
1614.0,1633.0
2193.0,1704.1
1658.0,1808.4
1630.0,1576.4
2103.0,1570.5
1609.0,1636.2
1736.0,1738.1
1758.0,1682.3
1382.0,1620.7
1819.0,1741.8
1646.0,1692.1
1677.0,1702.6
1196.0,1466.9
1290.0,1634.1
1688.0,1700.3
2144.0,1809.2
1952.0,1652.2
1400.0,1617.4
1982.0,1613.1
1606.0,1613.7
1710.0,1644.4
2072.0,1793.7
1868.0,1564.9
1348.0,1640.0
1716.0,1607.2
1615.0,1674.6
1908.0,1661.4
1787.0,1735.1
1284.0,1545.4
1902.0,1618.0
1880.0,1721.4
1206.0,1697.7
1148.0,1583.9
1412.0,1717.9
2036.0,1773.5
1903.0,1639.6
1665.0,1655.0
1353.0,1574.1
1058.0,1559.7
1241.0,1247.7
1585.0,1726.1
1581.0,1493.0
1244.0,1659.4
1747.0,1644.5
1607.0,1635.5
1536.0,1651.0
1604.0,1507.5
1890.0,1597.0
1990.0,1653.5
1375.0,1777.2
1708.0,1735.6
1795.0,1603.9
1243.0,1726.7
1705.0,1680.3
2065.0,1653.9
1786.0,1626.6
1784.0,1787.4
1404.0,1680.1
1591.0,1662.8
1773.0,1594.7
1751.0,1891.6
1790.0,1583.2
1857.0,1691.4
1918.0,1719.0
2178.0,1708.0
1884.0,1733.4
1589.0,1601.3
1887.0,1888.5
1583.0,1565.5
1590.0,1699.0
1382.0,1705.9
1604.0,1722.7
1947.0,1710.2
1838.0,1652.8
1516.0,1519.9
1563.0,1558.6
1475.0,1629.5
2319.0,1619.9
1762.0,1354.9
1589.0,1586.1
1784.0,1566.7
1741.0,1677.9
1828.0,1651.8
1439.0,1543.0
1608.0,1636.9
1760.0,1654.7
1810.0,1715.1
1514.0,1860.4
1661.0,1766.3
1607.0,1656.6
1744.0,1698.3
1149.0,1699.9
1662.0,1500.6
1385.0,1607.1
1894.0,1735.2
1689.0,1632.0
1422.0,1567.7
1740.0,1638.0
1469.0,1701.8
2071.0,1645.9
1249.0,1588.0
1704.0,1699.0
1738.0,1710.3
1272.0,1741.1
1828.0,1797.1
1642.0,1769.2
1596.0,1681.4
2001.0,1867.3
1571.0,1621.2
1549.0,1571.1
1709.0,1623.0
1407.0,1617.5
1404.0,1698.4
1763.0,1660.3
1629.0,1656.1
2081.0,1697.9
1672.0,1547.2
1718.0,1723.9
1160.0,1259.1
1333.0,1581.7
1691.0,1713.0
1539.0,1754.3
1711.0,1640.2
1966.0,1781.6
1660.0,1687.1
2020.0,1727.7
1544.0,1623.7
1800.0,1592.9
1788.0,1698.1
1423.0,1636.8
1608.0,1692.3
2308.0,1744.6
1497.0,1461.3
1537.0,1659.7
2027.0,1651.9
1656.0,1632.2
1700.0,1642.3
1105.0,1628.4
1257.0,1607.5
1681.0,1726.9
1642.0,1671.4
1599.0,1661.1
1723.0,1658.7
1810.0,1661.2
1810.0,1699.4
1445.0,1667.8
1725.0,1737.7
1269.0,1684.8
1691.0,1732.2
1567.0,1674.1
1905.0,1771.5
2074.0,1659.3
1744.0,1655.7
1617.0,1601.4
1567.0,1662.6
1539.0,1625.4
1699.0,1797.6
1984.0,1538.5
2121.0,1730.3
1443.0,1533.1
1635.0,1660.6
2015.0,1651.0
1777.0,1734.0
1286.0,1660.0
1821.0,1699.5
1677.0,1597.1
1280.0,1667.5
2002.0,1682.2
1488.0,1642.8
1440.0,1671.4
2080.0,1783.4
1676.0,1619.5
1810.0,1761.5
1420.0,1722.6
1648.0,1707.3
1776.0,1758.1
1084.0,1655.3
2001.0,1820.9
1723.0,1648.7
1829.0,1652.6
1887.0,1655.4
1597.0,1577.4
1411.0,1732.8
1256.0,1680.5
1987.0,1597.3
1511.0,1918.3
1587.0,1728.8
1575.0,1711.4
1750.0,1565.0
1749.0,1674.8
1294.0,1709.2
1086.0,1654.1
1747.0,1704.4
1520.0,1673.5
1999.0,1673.2
1840.0,1787.9
2001.0,1746.2
1718.0,1700.1
2157.0,1788.6
1756.0,1615.5
1591.0,1626.6
2006.0,1766.2
1622.0,1632.2
1737.0,1828.2
1645.0,1628.4
1651.0,1640.1
1900.0,1908.4
1711.0,1725.2
1639.0,1699.7
1256.0,1734.6
1682.0,1640.5
2052.0,1760.8
1825.0,1730.2
1755.0,1629.3
2122.0,1707.0
1892.0,1702.7
1880.0,1717.0
1157.0,1677.2
1283.0,1676.4
2234.0,1742.6
1583.0,1730.7
1585.0,1500.0
1602.0,1644.9
1554.0,1760.2
1400.0,1616.4
1429.0,1597.1
1441.0,1582.4
1268.0,1673.8
1906.0,1743.6
1069.0,1687.2
1527.0,1689.2
1961.0,1675.9
1830.0,1592.3
1338.0,1518.2
1501.0,1477.5
1429.0,1631.3
1484.0,1602.2
1361.0,1699.7
1813.0,1567.9
1289.0,1605.5
1284.0,1605.4
1423.0,1707.7
1667.0,1713.3
2009.0,1692.3
2044.0,1730.6
1539.0,1621.3
1757.0,1671.2
1685.0,1552.2
1278.0,1641.1
1267.0,1418.6
2026.0,1743.5
1242.0,1459.4
1552.0,1643.0
1570.0,1618.2
2113.0,1873.4
1727.0,1670.6
1334.0,1588.7
1723.0,1667.4
1481.0,1647.4
1495.0,1660.7
1589.0,1596.8
1505.0,1642.8
1667.0,1631.5
1950.0,1732.7
1701.0,1755.7
1269.0,1681.4
2088.0,1714.3
1390.0,1478.4
1813.0,1827.2
1929.0,1880.7
1543.0,1571.4
1850.0,1727.8
1637.0,1711.5
1784.0,1726.9
1919.0,1677.8
1909.0,1727.0
1842.0,1647.4
1581.0,1641.4
1607.0,1703.4
1792.0,1692.7
1733.0,1626.5
1441.0,1672.0
2046.0,1607.1
1182.0,1757.4
2020.0,1648.5
1680.0,1697.1
1264.0,1716.7
1756.0,1669.7
1591.0,1628.0
1778.0,1732.2
1502.0,1639.7
1625.0,1560.3
1662.0,1729.1
1438.0,1606.6
1557.0,1618.8
1380.0,1734.9
1576.0,1625.8
1787.0,1714.2
1671.0,1718.1
1616.0,1648.2
1893.0,1663.9
1667.0,1745.8
1654.0,1782.9
1819.0,1408.1
1613.0,1608.6
1205.0,1482.9
1483.0,1716.6
1988.0,1610.5
1810.0,1694.7
1754.0,1540.4
1580.0,1676.2
1859.0,1678.2
1358.0,1590.0
1665.0,1706.4
1615.0,1735.6
1802.0,1679.9
2108.0,1866.1
1668.0,1705.8
1860.0,1693.9
1524.0,1533.1
1207.0,1745.0
1877.0,1657.0
2287.0,1768.5
1950.0,1685.0
1570.0,1714.4
1527.0,1637.6
1421.0,1655.6
1701.0,1709.4
1456.0,1767.9
1857.0,1712.4
1614.0,1707.9
1780.0,1523.7
1644.0,1827.7
1833.0,1799.8
1871.0,1795.9
1801.0,1685.2
1931.0,1595.8
1916.0,1620.1
2022.0,1779.9
1788.0,1611.6
1669.0,1677.5
1485.0,1600.5
1339.0,1668.0
1361.0,1590.3
1521.0,1724.1
1516.0,1533.9
1519.0,1767.4
1531.0,1610.5
1914.0,1683.6
1610.0,1519.2
1530.0,1642.3
1605.0,1668.6
1714.0,1539.3
1097.0,1668.0
1972.0,1642.4
1829.0,1751.3
1813.0,1865.8
2156.0,1672.7
1615.0,1689.1
1619.0,1633.9
1846.0,1626.3
2038.0,1698.9
1731.0,1675.8
1364.0,1773.3
1564.0,1573.1
1543.0,1701.3
1760.0,1786.5
1645.0,1793.9
1776.0,1688.7
1597.0,1805.6
1781.0,1697.1
1820.0,1536.2
1402.0,1691.4
1670.0,1823.3
1442.0,1617.1
1517.0,1601.4
1590.0,1648.4
1949.0,1689.5
1416.0,1687.8
1848.0,1671.2
1811.0,1672.5
1227.0,1241.4
1912.0,1707.8
1719.0,1759.4
1740.0,1601.0
1531.0,1700.1
1404.0,1724.6
1391.0,1633.2
1368.0,1681.4
1711.0,1729.2
1546.0,1725.1
1494.0,1603.6
1966.0,1620.4
1716.0,1759.1
1969.0,1793.6
1918.0,1680.0
1600.0,1707.0
1167.0,1588.3
1847.0,1813.1
1494.0,1582.6
1756.0,1723.3
2037.0,1760.8
1469.0,1599.2
1460.0,1679.0
1953.0,1665.6
1808.0,1679.1
1588.0,1647.9
1637.0,1617.2
1657.0,1635.9
1546.0,1700.5
1613.0,1621.3
1783.0,1693.5
1880.0,1603.8
1361.0,1575.7
1653.0,1701.0
1434.0,1613.8
2037.0,1635.9
1800.0,1673.9
1833.0,1787.7
1674.0,1652.6
1370.0,1650.1
1485.0,1659.1
1326.0,1583.2
1232.0,1642.9
1693.0,1890.1
1954.0,1622.6
1854.0,1713.4
1267.0,1603.7
2097.0,1611.9
1672.0,1602.9
1969.0,1649.0
1703.0,1779.9
1762.0,1832.7
1390.0,1525.6
1910.0,1701.6
1795.0,1561.0
1729.0,1696.5
1509.0,1645.5
1564.0,1645.9
1827.0,1660.7
1430.0,1626.4
1806.0,1697.9
1512.0,1541.0
1706.0,1704.1
1933.0,1794.0
1835.0,1711.8
1820.0,1637.5
1850.0,1513.5
1440.0,1546.1
1589.0,1671.6
1478.0,1637.7
1450.0,1574.4
1762.0,1597.0
1831.0,1639.4
1327.0,1621.2
1323.0,1564.2
1655.0,1719.0
2028.0,1627.7
1792.0,1721.0
1665.0,1750.2
2179.0,1791.6
1814.0,1878.9
1699.0,1804.5
1653.0,1669.3
1864.0,1654.2
1580.0,1756.9
1492.0,1621.8
1735.0,1606.8
1293.0,1738.5
1928.0,1574.0
1682.0,1637.3
1548.0,1709.6
1624.0,1556.0
1513.0,1810.2
1641.0,1618.9
1525.0,1714.4
1643.0,1584.9
1837.0,1580.3
1701.0,1611.4
1831.0,1706.4
1663.0,1697.1
1741.0,1737.3
1680.0,1688.5
1643.0,1566.4
1924.0,1641.0
1688.0,1670.5
1740.0,1709.7
1818.0,1667.3
1865.0,1690.0
1891.0,1720.2
1923.0,1636.3
1552.0,1646.4
1609.0,1464.8
1823.0,1683.5
1886.0,1750.2
1825.0,1735.6
1689.0,1880.9
1658.0,1589.9
1422.0,1592.8
1187.0,1589.7
1272.0,1518.2
1632.0,1676.5
1309.0,1695.5
1284.0,1253.0
1555.0,1583.9
1510.0,1641.6
1896.0,1675.2
1529.0,1663.4
1964.0,1830.9
1490.0,1709.8
1520.0,1645.1
1457.0,1639.5
1191.0,1627.0
1520.0,1817.3
1766.0,1694.5
1747.0,1700.9
1542.0,1697.9
1466.0,1859.2
1434.0,1716.8
1444.0,1638.3
1733.0,1667.6
1315.0,1578.1
1492.0,1702.3
1513.0,1687.9
1879.0,1833.0
1777.0,1529.8
1418.0,1681.0
1585.0,1605.1
1651.0,1727.0
1826.0,1570.8
1228.0,1598.5
2030.0,1691.5
1756.0,1634.6
1599.0,1643.7
1382.0,1652.9
1829.0,1614.6
1972.0,1760.9
1858.0,1706.2
1808.0,1731.7
1487.0,1701.9
1326.0,1661.8
1560.0,1441.6
1496.0,1710.4
1419.0,1589.3
1934.0,1796.3
1135.0,1637.1
1742.0,1672.1
1394.0,1633.4
1199.0,1603.3
1691.0,1732.1
1581.0,1626.4
1652.0,1494.7
1942.0,1701.5
1597.0,1727.4
1751.0,1604.5
1821.0,1623.5
1370.0,1570.9
1503.0,1550.1
1981.0,1686.2
1286.0,1637.5
1097.0,1656.1
1679.0,1665.0
1651.0,1570.5
1702.0,1716.4
1992.0,1640.0
1320.0,1700.1
1182.0,1616.6
2014.0,1560.6
1765.0,1765.7
1944.0,1628.8
1530.0,1771.5
1189.0,1634.6
1942.0,1674.3
1835.0,1754.8
2044.0,1761.1
1558.0,1762.8
1543.0,1758.1
1604.0,1652.4
1746.0,1676.5
1565.0,1636.8
2029.0,1874.5
1827.0,1729.2
1645.0,1579.5
1841.0,1815.8
1779.0,1699.0
1785.0,1601.9
1383.0,1642.6
1411.0,1657.9
1665.0,1572.2
1942.0,1759.6
1496.0,1698.5
1752.0,1282.3
1726.0,1800.0
1887.0,1716.6
1802.0,1708.7
1539.0,1792.4
1307.0,1651.2
2055.0,1788.0
1543.0,1649.3
1642.0,1660.2
1833.0,1766.0
1955.0,1655.0
1564.0,1482.7
1171.0,1580.7
1587.0,1657.5
1332.0,1663.7
1902.0,1661.3
1658.0,1751.6
1734.0,1593.8
1427.0,1633.5
2046.0,1680.7
1628.0,1652.2
1625.0,1656.4
1530.0,1617.4
1733.0,1464.6
2235.0,1742.5
1682.0,1667.4
1766.0,1727.2
1738.0,1799.8
1653.0,1684.3
1996.0,1801.1
1241.0,1680.3
1982.0,1741.4
1770.0,1585.2
1855.0,1663.8
1874.0,1755.8
1938.0,1644.4
1776.0,1688.1
2167.0,1584.7
1544.0,1604.6
1616.0,1677.1
1836.0,1657.4
1354.0,1655.5
1522.0,1658.2
1670.0,1668.6
1098.0,1598.7
1757.0,1710.7
1817.0,1765.3
1671.0,1640.6
1663.0,1585.5
1620.0,1633.6
2017.0,1721.7
1296.0,1718.7
1570.0,1730.4
1276.0,1555.6
1636.0,1624.5
1835.0,1502.6
1819.0,1632.5
1858.0,1820.3
1384.0,1405.6
1989.0,1638.0
1633.0,1596.5
1642.0,1544.3
1383.0,1699.1
1713.0,1689.8
1342.0,1529.2
1985.0,1620.3
1628.0,1704.1
1668.0,1764.0
2074.0,1648.6
1988.0,1823.3
1288.0,1615.1
1537.0,1662.7
1538.0,1648.5
1784.0,1648.1
1060.0,1566.8
1471.0,1682.0
1570.0,1799.2
1985.0,1696.1
1787.0,1646.3
1560.0,1633.2
1784.0,1630.1
1739.0,1615.6
1726.0,1683.4
1967.0,1705.8
1430.0,1655.0
1120.0,1565.9
1339.0,1651.4
1311.0,1664.8
1840.0,1639.8
1666.0,1674.5
1467.0,1619.2
1360.0,1576.4
2014.0,1565.6
2053.0,1655.4
1727.0,1762.7
1733.0,1704.8
1555.0,1609.5
1549.0,1713.0
1466.0,1633.6
2055.0,1833.5
1247.0,1626.7
1868.0,1644.3
1593.0,1722.8
2301.0,1573.4
1553.0,1654.4
2207.0,1711.4
1336.0,1666.8
1855.0,1705.3
1751.0,1751.9
1357.0,1498.3
1805.0,1722.8
1925.0,1733.8
1850.0,1699.3
1436.0,1717.0
1661.0,1649.7
1681.0,1606.3
1187.0,1788.5
2122.0,1768.7
1141.0,1603.0
1194.0,1684.0
1579.0,1641.3
1891.0,1748.9
1537.0,1537.1
1604.0,1857.0
2010.0,1750.8
1398.0,1638.9
1593.0,1743.4
1482.0,1805.1
1757.0,1606.7
1160.0,1636.7
2045.0,1854.5
1987.0,1751.5
1897.0,1700.0
1533.0,1376.0
1079.0,1662.2
1676.0,1663.5
1510.0,1673.2
2053.0,1737.1
1955.0,1664.2
1828.0,1720.1
2062.0,1685.9
1938.0,1725.1
987.0,1626.8
1585.0,1594.0
1724.0,1610.3
2160.0,1895.7
1666.0,1708.2
1326.0,1589.0
1631.0,1686.9
1293.0,1666.7
1273.0,1781.7
1564.0,1695.4
1437.0,1579.4
1741.0,1668.5
2227.0,1771.3
1716.0,1684.3
1592.0,1592.9
1755.0,1584.0
1619.0,1553.1
2193.0,1656.6
1700.0,1848.3
2008.0,1693.9
1976.0,1727.5
1273.0,1243.6
1406.0,1669.7
1570.0,1718.7
1428.0,1649.1
1666.0,1586.2
1996.0,1792.0
1172.0,1706.1
1967.0,1675.3
1601.0,1671.4
1301.0,1512.6
1334.0,1705.9
1821.0,1584.4
1334.0,1698.9
1903.0,1700.0
1837.0,1661.5
1739.0,1746.1
1778.0,1669.3
1445.0,1608.8
1428.0,1663.2
1671.0,1663.6
1495.0,1585.1
1611.0,1650.7
1217.0,1649.8
1953.0,1620.1
1982.0,1581.2
1210.0,1636.8
1251.0,1852.5
1434.0,1676.1
1566.0,1605.5
1554.0,1546.5
2144.0,1622.2
2027.0,1727.1
1436.0,1529.3
1991.0,1697.4
1703.0,1625.2
1590.0,1573.0
1840.0,1730.1
2016.0,1619.0
1828.0,1715.2
1671.0,1747.6
1710.0,1771.5
1584.0,1638.5
1999.0,1678.9
1689.0,1697.4
2095.0,1763.8
1871.0,1675.7
1745.0,1639.4
1655.0,1653.8
1681.0,1730.2
1590.0,1603.9
2023.0,1913.4
1880.0,1613.4
1456.0,1674.8
1648.0,1716.4
1717.0,1800.0
1918.0,1631.2
1678.0,1633.0
1924.0,1829.3
1302.0,1608.0
1893.0,1752.3
1455.0,1639.0
1459.0,1558.4
2054.0,1658.9
1618.0,1725.1
1572.0,1655.6
1455.0,1592.1
1314.0,1304.9
2162.0,1668.6
1939.0,1651.7
1619.0,1757.9
1813.0,1744.8
1800.0,1762.7
1896.0,1704.6
1290.0,1645.0
2137.0,1546.5
1504.0,1687.3
1536.0,1615.0
2074.0,1775.2
1776.0,1737.6
1325.0,1723.8
1674.0,1632.9
1985.0,1640.5
1786.0,1723.0
1968.0,1544.2
1773.0,1728.4
1672.0,1707.1
1676.0,1706.7
1819.0,1648.1
1190.0,1494.0
1767.0,1733.3
1303.0,1609.9
2154.0,1865.3
1899.0,1841.6
1831.0,1718.8
1157.0,1677.5
1750.0,1502.3
1914.0,1738.1
1600.0,1670.5
2017.0,1656.3
1597.0,1657.8
1756.0,1626.2
1997.0,1734.6
1948.0,1703.8
1615.0,1643.6
1822.0,1636.8
1715.0,1677.1
1829.0,1681.6
1859.0,1820.7
1912.0,1694.7
1895.0,1617.0
1973.0,1628.7
2024.0,1708.6
2245.0,1746.0
1938.0,1824.0
1707.0,1702.7
1748.0,1666.7
1511.0,1685.5
1578.0,1677.9
1793.0,1650.3
1571.0,1663.3
1747.0,1654.5
1512.0,1689.9
1562.0,1546.0
2034.0,1700.3
1900.0,1683.9
1788.0,1628.5
1954.0,1673.9
1691.0,1711.2
1669.0,1688.6
1344.0,1616.3
1829.0,1653.4
1977.0,1614.8
1621.0,1761.0
1422.0,1674.3
1882.0,1772.1
1585.0,1624.3
1731.0,1560.6
1945.0,1681.8
1484.0,1730.6
1825.0,1722.4
1871.0,1673.1
1751.0,1710.2
1743.0,1646.9
1424.0,1744.0
1951.0,1627.3
1541.0,1670.2
1883.0,1650.8
1695.0,1624.9
1484.0,1857.4
1362.0,1544.4
1667.0,1750.1
1665.0,1711.0
1540.0,1617.3
1808.0,1675.2
2076.0,1835.0
1549.0,1751.5
1408.0,1737.2
1764.0,1611.3
1624.0,1638.0
1939.0,1588.6
1650.0,1664.9
1573.0,1522.5
1820.0,1587.9
1814.0,1733.9
1747.0,1594.6
1463.0,1696.6
1628.0,1620.6
1281.0,1590.1
1774.0,1689.2
1810.0,1698.8
1718.0,1621.2
1555.0,1645.2
1396.0,1526.0
1397.0,1574.7
1300.0,1695.2
1658.0,1675.7
1596.0,1819.7
1621.0,1671.8
1619.0,1691.8
2062.0,1675.6
1836.0,1562.3
1552.0,1487.8
1675.0,1669.5
1986.0,1631.7
1596.0,1627.8
1775.0,1651.8
1657.0,1698.9
2083.0,1710.5
1265.0,1563.9
1984.0,1854.9
1754.0,1544.0
1601.0,1719.9
1347.0,1255.9
1528.0,1603.4
1599.0,1673.2
1451.0,1665.8
1562.0,1694.6
2087.0,1641.8
1630.0,1716.2
1771.0,1612.0
1956.0,1738.9
1573.0,1683.4
1609.0,1553.4
1960.0,1885.4
1886.0,1674.8
1884.0,1666.0
1323.0,1581.1
1631.0,1615.4
1737.0,1628.0
1755.0,1558.9
1539.0,1643.5
1673.0,1646.7
1826.0,1752.9
1839.0,1651.9
1755.0,1753.6
1481.0,1625.9
1415.0,1717.2
1701.0,1686.7
1681.0,1912.5
2223.0,1685.7
1766.0,1652.4
1989.0,1651.3
1573.0,1625.5
1641.0,1604.9
1735.0,1679.4
1691.0,1648.1
1866.0,1468.2
1483.0,1664.6
1691.0,1706.7
1482.0,1578.9
1330.0,1467.6
1471.0,1620.1
1666.0,1494.2
1662.0,1758.3
1718.0,1588.5
1824.0,1830.5
2073.0,1655.9
1094.0,1579.4
2007.0,1590.8
2044.0,1580.7
1832.0,1658.1
1637.0,1691.8
1805.0,1739.3
2037.0,1728.1
1556.0,1662.6
1470.0,1701.1
1631.0,1584.8
1505.0,1526.4
1800.0,1853.1
2102.0,1801.8
1928.0,1770.0
1934.0,1801.0
2153.0,1741.1
1555.0,1648.2
1355.0,1558.5
2220.0,1917.1
1595.0,1752.8
1841.0,1495.7
1691.0,1625.4
1568.0,1658.1
1538.0,1631.7
1971.0,1792.0
1448.0,1685.4
1704.0,1757.8
1543.0,1624.2
1733.0,1528.2
1230.0,1509.4
1175.0,1575.4
1982.0,1728.6
1408.0,1667.1
1824.0,1667.7
1613.0,1662.7
1661.0,1699.4
1873.0,1604.9
1579.0,1652.0
2255.0,1648.4
1612.0,1606.6
1927.0,1625.6
1627.0,1728.2
1645.0,1716.8
1902.0,1707.0
1611.0,1590.1
1747.0,1642.3
1547.0,1698.6
1710.0,1741.0
1574.0,1585.3
1534.0,1652.9
1399.0,1572.3
1121.0,1675.3
2059.0,1715.1
1596.0,1645.6
2170.0,1787.8
1576.0,1721.0
1725.0,1613.0
1519.0,1598.1
1790.0,1643.0
1319.0,1555.6
1887.0,1680.8
1325.0,1600.0
1623.0,1577.2
1596.0,1666.7
1745.0,1735.1
1713.0,1568.0
1791.0,1678.5
1714.0,1631.1
1628.0,1661.3
1454.0,1656.3
1706.0,1672.5
2092.0,1695.6
1391.0,1576.7
1674.0,1647.3
1374.0,1670.9
2182.0,1736.9
1824.0,1653.3
1304.0,1570.3
1504.0,1760.9
1746.0,1699.9
1143.0,1577.6
1699.0,1689.8
1625.0,1592.4
1401.0,1624.3
1295.0,1555.4
1625.0,1788.0
2007.0,1712.7
1350.0,1241.9
1491.0,1503.5
1739.0,1699.4
1888.0,1805.5
1747.0,1783.9
1639.0,1665.1
1633.0,1736.0
1603.0,1742.6
1668.0,1866.7
1697.0,1688.8
1650.0,1660.8
1416.0,1632.1
1647.0,1617.5
1717.0,1668.1
1499.0,1637.0
1690.0,1670.2
2057.0,1720.9
1317.0,1539.3
1432.0,1616.2
1630.0,1701.3
1120.0,1530.8
2030.0,1747.1
1283.0,1662.9
1622.0,1562.3
1614.0,1575.1
1333.0,1616.3
1428.0,1754.2
1376.0,1609.8
1816.0,1601.9
1659.0,1578.0
1950.0,1602.0
1407.0,1704.5
2057.0,1776.0
1510.0,1650.1
1737.0,1662.9
1549.0,1654.5
1516.0,1643.5
1894.0,1852.1
1715.0,1703.9
2098.0,1865.9
1520.0,1671.6
1356.0,1647.7
2111.0,1699.1
1841.0,1611.2
1396.0,1606.1
1517.0,1615.7
1265.0,1584.8
1701.0,1599.9
1591.0,1587.3
1980.0,1684.7
1861.0,1704.8
1531.0,1594.5
1400.0,1622.1
1764.0,1678.3
1527.0,1644.2
1747.0,1617.5
1503.0,1625.8
1493.0,1763.7
1281.0,1518.8
1725.0,1713.0
1772.0,1628.4
1370.0,1708.5
1475.0,1739.7
1803.0,1662.9
1967.0,1734.3
1977.0,1703.7
1483.0,1619.0
1422.0,1750.5
1973.0,1728.2
1269.0,1680.0
1636.0,1686.8
1727.0,1574.1
1901.0,1657.0
1866.0,1738.1
1604.0,1634.4
1447.0,1653.0
1676.0,1641.2
1630.0,1765.3
1733.0,1649.7
1639.0,1496.8
1636.0,1765.8
1733.0,1628.7
1661.0,1705.1
1518.0,1721.4
1747.0,1718.5
1690.0,1685.5
1656.0,1671.9
1755.0,1619.6
1911.0,1829.5
1897.0,1815.2
1687.0,1613.7
1568.0,1612.6
1851.0,1733.2
1403.0,1522.6
1414.0,1588.0
1212.0,1598.0
2043.0,1621.3
1745.0,1630.2
2098.0,1612.0
1641.0,1681.4
1835.0,1611.2
1617.0,1628.2
1810.0,1672.3
1361.0,1796.0
1845.0,1627.0
1711.0,1752.7
1648.0,1598.0
1839.0,1678.9
2080.0,1651.8
1969.0,1706.4
1707.0,1736.4
1904.0,1730.0
1841.0,1749.0
1415.0,1633.4
1902.0,1595.3
2017.0,1846.8
1648.0,1634.8
1819.0,1622.9
1385.0,1660.8
1740.0,1668.0
1948.0,1716.1
1596.0,1704.6
1649.0,1660.6
1590.0,1542.6
1981.0,1705.2
1305.0,1569.3
1810.0,1666.4
1477.0,1602.5
2184.0,1676.7
1524.0,1613.8
1754.0,1709.0
1713.0,1691.6
1531.0,1582.2
1769.0,1623.2
1574.0,1678.0
1825.0,1725.4
1664.0,1543.5
1930.0,1673.9
2209.0,1805.7
1526.0,1638.2
1826.0,1645.3
1606.0,1688.4
1506.0,1765.0
2026.0,1753.4
1783.0,1647.3
1769.0,1660.4
1875.0,1704.5
1658.0,1683.8
1678.0,1711.8
1641.0,1619.3
1192.0,1706.1
1849.0,1655.4
1505.0,1639.0
1686.0,1647.1
2023.0,1713.2
1806.0,1638.9
1507.0,1634.0
1815.0,1609.3
1404.0,1607.2
1724.0,1620.4
1592.0,1616.2
1184.0,1586.0
1705.0,1573.8
1786.0,1618.3
1675.0,1643.9
1661.0,1605.2
1797.0,1671.5
1421.0,1665.5
1685.0,1658.6
1557.0,1606.4
1434.0,1653.4
1759.0,1628.9
1227.0,1706.7
1631.0,1673.6
1289.0,1853.2
1941.0,1711.1
1797.0,1635.5
1838.0,1613.5
1387.0,1656.8
1751.0,1683.8
2008.0,1676.8
1637.0,1653.8
1495.0,1614.4
1587.0,1625.9
1115.0,1648.8
1573.0,1680.4
1615.0,1604.7
1967.0,1675.9
1897.0,1619.2
1862.0,1612.5
1789.0,1674.2
1802.0,1683.6
1544.0,1662.0
1906.0,1746.1
1253.0,1634.2
1836.0,1701.8
1989.0,1716.6
1563.0,1745.5
1600.0,1644.4
1793.0,1750.9
1575.0,1729.0
1554.0,1688.6
1673.0,1743.9
1341.0,1456.4
1654.0,1669.8
1364.0,1624.9
1659.0,1706.0
1967.0,1706.9
1898.0,1761.1
1472.0,1652.4
1703.0,1556.9
2141.0,1912.4
1951.0,1780.6
1830.0,1742.2
1952.0,1755.4
1778.0,1641.8
1892.0,1567.0
1404.0,1662.7
1627.0,1585.6
1434.0,1675.4
1486.0,1677.9
1647.0,1677.6
1657.0,1747.5
1480.0,1607.5
1538.0,1633.3
1301.0,1636.6
1515.0,1675.6
1933.0,1751.6
2303.0,1620.3
1508.0,1657.3
1880.0,1882.2
1354.0,1676.6
1512.0,1725.4
1728.0,1679.9
1472.0,1662.4
1569.0,1605.9
1273.0,1626.1
1589.0,1601.5
1438.0,1651.5
1675.0,1725.8
2006.0,1694.9
2093.0,1631.8
1821.0,1692.2
1894.0,1682.1
1269.0,1492.7
1282.0,1596.6
2173.0,1684.0
1725.0,1728.5
1815.0,1693.4
1736.0,1559.0
1769.0,1660.0
1838.0,1683.7
1594.0,1677.3
1660.0,1696.5
1753.0,1639.4
1688.0,1667.5
1779.0,1725.4
1898.0,1771.9
1625.0,1858.3
1539.0,1680.1
1412.0,1633.8
1585.0,1595.6
1900.0,1743.2
1445.0,1651.6
1788.0,1749.4
1908.0,1666.2
1781.0,1739.1
1459.0,1696.2
1269.0,1642.2
2027.0,1742.5
1832.0,1672.2
1493.0,1662.9
1825.0,1626.2
1761.0,1645.8
1309.0,1717.1
1309.0,1665.6
1472.0,1647.7
1710.0,1742.0
1876.0,1884.7
1691.0,1502.2
2233.0,1762.1
1608.0,1691.4
1282.0,1506.3
1677.0,1614.6
1474.0,1610.4
2179.0,1631.2
1988.0,1708.7
1849.0,1572.4
1821.0,1715.6
1949.0,1758.8
1716.0,1736.4
1987.0,1582.9
1593.0,1706.6
1596.0,1688.9
1662.0,1709.6
1893.0,1722.4
1555.0,1617.3
1861.0,1695.7
1587.0,1749.0
2010.0,1703.9
1466.0,1716.8
1639.0,1721.9
1315.0,1603.0
1819.0,1650.4
2042.0,1623.5
1590.0,1699.9
2176.0,1592.4
1775.0,1653.1
1501.0,1691.4
1638.0,1581.5
1135.0,1636.0
2036.0,1650.6
1243.0,1769.9
1645.0,1666.2
2166.0,1636.5
1617.0,1641.7
1438.0,1615.3
1574.0,1700.9
1782.0,1683.2
1830.0,1577.5
1969.0,1490.7
1556.0,1648.0
1454.0,1722.0
1688.0,1541.2
1419.0,1678.1
1650.0,1640.5
1549.0,1615.0
1721.0,1630.8
2014.0,1655.8
1987.0,1731.2
1638.0,1569.8
1419.0,1643.4
1813.0,1710.0
2270.0,1683.7
1664.0,1659.2
1491.0,1681.7
1753.0,1688.5
1913.0,1645.1
1750.0,1639.6
2280.0,1915.5
1966.0,1718.3
1572.0,1645.5
2055.0,1726.4
1941.0,1715.0
1916.0,1697.0
1891.0,1784.8
1779.0,1657.2
1911.0,1700.5
1857.0,1809.3
1877.0,1732.0
1567.0,1585.6
1162.0,1672.7
1475.0,1532.9
1293.0,1602.2
1672.0,1606.5
1963.0,1719.1
1913.0,1690.8
1207.0,1344.6
1911.0,1709.1
1887.0,1730.6
1748.0,1712.1
1125.0,1595.7
1773.0,1697.3
1485.0,1596.2
1867.0,1652.3
1331.0,1567.0
1828.0,1586.0
1644.0,1675.9
1454.0,1594.0
1678.0,1683.1
1969.0,1821.8
1876.0,1697.4
1604.0,1647.4
2101.0,1616.4
1656.0,1709.7
1237.0,1628.2
1705.0,1517.3
1654.0,1741.7
1692.0,1620.9
1735.0,1661.5
1812.0,1583.6
1544.0,1619.1
1805.0,1641.0
1307.0,1259.8
1391.0,1643.1
1859.0,1673.6
1829.0,1524.5
1241.0,1365.7
1708.0,1635.4
1643.0,1648.9
1751.0,1740.8
1377.0,1726.0
1709.0,1643.4
1469.0,1659.5
1594.0,1699.7
1552.0,1622.9
1640.0,1705.4
1870.0,1682.8
1715.0,1781.8
1825.0,1683.3
1141.0,1648.4
1984.0,1697.8
1629.0,1659.1
1835.0,1761.8
1346.0,1619.0
1848.0,1656.4
1587.0,1670.4
1947.0,1757.8
1577.0,1733.7
1358.0,1621.5
1309.0,1671.8
1887.0,1752.7
1782.0,1698.7
1369.0,1539.9
1504.0,1636.5
1943.0,1679.1
1785.0,1681.9
1688.0,1678.2
1578.0,1603.3
1719.0,1638.4
2036.0,1801.7
1070.0,1561.6
1822.0,1531.9
1825.0,1624.0
1722.0,1623.7
1947.0,1693.5
1221.0,1673.6
1821.0,1610.7
1924.0,1669.3
1727.0,1599.6
2072.0,1651.8
1733.0,1666.0
2145.0,1729.3
1825.0,1680.2
1688.0,1686.4
1358.0,1692.4
1619.0,1746.9
1848.0,1875.8
1841.0,1693.4
1832.0,1651.9
2103.0,1722.9
1768.0,1727.3
1327.0,1698.2
1918.0,1670.3
1605.0,1620.6
1890.0,1545.2
2235.0,1765.5
1882.0,1689.8
1739.0,1518.0
1759.0,1629.4
1616.0,1673.6
1573.0,1627.1
1551.0,1637.0
1618.0,1614.1
1614.0,1655.8
1493.0,1660.6
2035.0,1716.6
1333.0,1628.0
1695.0,1714.4
1278.0,1614.0
1485.0,1644.2
1351.0,1678.6
1513.0,1525.7
1740.0,1664.3
1540.0,1568.4
1185.0,1598.7
1778.0,1911.3
1626.0,1609.3
1508.0,1667.4
1838.0,1752.4
1899.0,1569.7
1281.0,1638.7
2070.0,1568.1
1874.0,1655.7
1433.0,1654.0
1646.0,1644.1
1649.0,1672.3
1809.0,1626.1
1750.0,1552.5
1256.0,1545.9
1776.0,1599.5
1478.0,1516.9
1625.0,1739.5
1814.0,1527.4
1452.0,1693.6
2007.0,1730.3
1976.0,1806.8
1936.0,1713.3
1345.0,1595.3
1587.0,1636.2
1420.0,1613.0
1619.0,1660.7
1203.0,1760.7
1588.0,1668.5
1363.0,1593.8
1539.0,1629.2
1507.0,1666.2
1362.0,1681.6
1931.0,1656.2
2085.0,1706.7
1599.0,1688.2
1753.0,1604.5
1680.0,1648.8
1495.0,1649.0
1860.0,1683.9
1290.0,1610.2
1611.0,1685.2
1646.0,1683.2
2129.0,1694.0
1305.0,1611.7
1639.0,1619.6
2124.0,1657.8
1755.0,1642.4
1381.0,1677.0
1659.0,1619.5
1222.0,1633.6
1747.0,1663.3
1405.0,1566.9
1472.0,1610.2
1872.0,1761.0
1697.0,1758.2
1613.0,1751.9
1274.0,1711.1
1759.0,1738.2
1510.0,1713.9
1932.0,1547.4
1907.0,1824.1
2048.0,1726.0
1624.0,1676.2
1414.0,1551.7
1615.0,1656.5
1552.0,1729.6
1757.0,1564.0
1806.0,1623.3
1517.0,1636.3
1663.0,1801.2
2147.0,1638.8
1893.0,1656.5
1987.0,1499.8
1678.0,1630.1
1689.0,1703.0
2007.0,1712.3
1323.0,1687.1
1558.0,1561.8
1588.0,1500.7
1621.0,1742.4
1607.0,1707.8
1635.0,1722.8
2033.0,1660.7
1968.0,1768.3
2019.0,1754.8
1596.0,1700.0
1795.0,1598.0
1294.0,1251.7
1865.0,1640.6
1654.0,1742.5
1507.0,1584.3
2097.0,1815.6
1775.0,1669.1
1776.0,1678.3
2219.0,1745.1
1801.0,1656.9
1750.0,1583.2
1203.0,1625.3
1614.0,1720.6
2173.0,1739.0
1851.0,1661.1
1614.0,1712.7
1281.0,1715.9
2105.0,1504.1
1874.0,1883.4
1564.0,1598.1
1460.0,1586.9
1557.0,1632.2
1972.0,1673.6
1275.0,1697.2
1677.0,1795.6
2201.0,1698.5
1241.0,1493.2
1795.0,1578.5
1714.0,1705.6
1929.0,1622.8
1964.0,1547.5
1687.0,1659.8
1334.0,1292.4
1321.0,1582.9
1946.0,1541.3
1640.0,1605.6
1873.0,1843.3
1673.0,1641.9
1246.0,1231.7
1494.0,1627.1
1578.0,1698.4
1646.0,1655.5
1279.0,1575.5
1603.0,1656.4
1606.0,1648.2
1429.0,1504.0
1916.0,1643.3
1879.0,1604.8
1971.0,1876.6
2111.0,1660.9
1985.0,1796.8
1575.0,1650.1
1591.0,1682.0
1383.0,1640.8
1863.0,1679.5
1778.0,1631.4
1745.0,1576.2
1721.0,1734.4
1577.0,1692.5
1757.0,1646.5
2097.0,1732.5
1914.0,1703.8
1577.0,1660.8
1912.0,1629.6
1909.0,1703.8
1841.0,1724.8
2024.0,1761.0
1407.0,1675.0
1408.0,1744.4
1283.0,1604.5
1716.0,1887.7
1605.0,1686.3
1827.0,1750.2
1773.0,1749.3
1550.0,1580.3
1575.0,1597.1
1168.0,1651.4
1200.0,1579.2
1686.0,1653.1
1567.0,1491.1
1900.0,1749.6
1757.0,1690.8
1747.0,1614.5
1495.0,1756.9
1519.0,1675.9
1740.0,1646.5
1447.0,1615.3
1566.0,1809.4
1623.0,1631.5
1549.0,1603.3
1541.0,1748.7
1860.0,1618.2
2209.0,1853.4
1678.0,1679.8
1802.0,1658.2
1702.0,1566.9
1373.0,1804.5
1310.0,1246.1
1904.0,1624.7
1867.0,1736.2
1791.0,1747.8
2069.0,1625.5
2066.0,1810.4
1391.0,1604.3
1942.0,1726.3
1459.0,1666.3
1973.0,1629.7
1867.0,1847.2
2093.0,1899.6
1829.0,1592.7
1892.0,1655.3
1265.0,1576.5
2033.0,1624.0
1596.0,1675.0
1577.0,1681.4
1731.0,1655.8
856.0,1577.9
1728.0,1654.4
1837.0,1700.2
1877.0,1678.4
1334.0,1702.1
1981.0,1532.5
1758.0,1759.7
1581.0,1618.5
1773.0,1698.2
1419.0,1661.3
1707.0,1740.2
1365.0,1674.6
1761.0,1655.8
1878.0,1629.1
1714.0,1857.4
2296.0,1713.4
1700.0,1677.3
1716.0,1755.0
1207.0,1629.6
1676.0,1704.7
1957.0,1667.9
1496.0,1654.3
1686.0,1658.2
1131.0,1706.3
1753.0,1704.7
1528.0,1588.1
1769.0,1670.6
1509.0,1615.4
1732.0,1576.2
2011.0,1705.0
1624.0,1680.9
1696.0,1726.8
1566.0,1621.9
1967.0,1604.7
1961.0,1683.8
1938.0,1640.1
1661.0,1639.5
2033.0,1613.0
1347.0,1524.4
1310.0,1613.9
1105.0,1691.0
1370.0,1639.9
1723.0,1712.9
1675.0,1675.5
1688.0,1603.0
1664.0,1713.1
1660.0,1666.1
2131.0,1619.1
1447.0,1602.4
1812.0,1626.1
1896.0,1562.9
1656.0,1551.7
1446.0,1879.1
1923.0,1757.5
1099.0,1705.6
1695.0,1604.7
2064.0,1730.2
1318.0,1659.3
1906.0,1691.1
1611.0,1643.6
1607.0,1656.2
1886.0,1850.5
1757.0,1724.8
1723.0,1673.0
1675.0,1670.3
1935.0,1755.9
1395.0,1611.7
1822.0,1836.8
1414.0,1649.4
1920.0,1729.6
1601.0,1625.3
1374.0,1642.1
1811.0,1693.7
1774.0,1728.6
1839.0,1639.3
2279.0,1742.9
1774.0,1700.3
1834.0,1662.9
1571.0,1609.6
1232.0,1300.5
1400.0,1812.9
1202.0,1679.9
2068.0,1673.1
1374.0,1744.6
1736.0,1675.8
2089.0,1647.5
1610.0,1544.9
1416.0,1674.9
1900.0,1608.3
1454.0,1615.5
1804.0,1620.4
1343.0,1572.2
1879.0,1607.4
1372.0,1570.3
1501.0,1663.4
1144.0,1251.6
1849.0,1760.9
1752.0,1838.9
1258.0,1628.7
1189.0,1282.8
1893.0,1517.5
1844.0,1809.6
1337.0,1656.9
1881.0,1726.3
2105.0,1634.5
1789.0,1592.2
1754.0,1600.8
1672.0,1701.1
1730.0,1597.7
1504.0,1595.3
1879.0,1637.8
1789.0,1681.5
1962.0,1700.9
1588.0,1678.0
1456.0,1767.6
1864.0,1663.0
1825.0,1721.2
1528.0,1685.5
2016.0,1664.5
1650.0,1641.0
1349.0,1645.7
1603.0,1657.4
1197.0,1330.6
1134.0,1625.2
1403.0,1629.5
1726.0,1604.4
1551.0,1741.2
2073.0,1627.3
1513.0,1685.9
1814.0,1670.5
1654.0,1638.5
1982.0,1675.1
1693.0,1830.1
1199.0,1640.1
1810.0,1652.1
1734.0,1535.3
1527.0,1742.4
2135.0,1749.0
1691.0,1600.6
2006.0,1855.8
1732.0,1691.0
1194.0,1670.5
1357.0,1551.6
2063.0,1750.2
1305.0,1687.0
1158.0,1550.9
2106.0,1693.0
1833.0,1680.4
1627.0,1853.8
1785.0,1670.2
1812.0,1670.5
2039.0,1678.8
1276.0,1711.7
2225.0,1763.2
1269.0,1616.1
1743.0,1628.5
1950.0,1569.8
1921.0,1747.0
1449.0,1667.7
1657.0,1566.8
1729.0,1706.0
1907.0,1667.9
1553.0,1676.3
1922.0,1622.4
1606.0,1690.3
1432.0,1643.8
1736.0,1626.8
1985.0,1648.1
1642.0,1644.9
1318.0,1735.2
1372.0,1501.3
1986.0,1668.8
1541.0,1582.8
1976.0,1641.6
2166.0,1696.5
1669.0,1652.7
1253.0,1720.1
1842.0,1612.0
1970.0,1795.6
1280.0,1565.6
1618.0,1547.4
1820.0,1662.3
1779.0,1587.6
1912.0,1699.4
1717.0,1559.9
1414.0,1505.4
1318.0,1700.8
1792.0,1685.5
1752.0,1671.2
1851.0,1675.7
1762.0,1672.3
1855.0,1657.0
1322.0,1748.6
1339.0,1643.3
1507.0,1609.0
1804.0,1686.0
1621.0,1650.9
1910.0,1649.7
1556.0,1704.1
1397.0,1506.8
1708.0,1644.6
1842.0,1753.1
1797.0,1731.3
1711.0,1601.5
1667.0,1650.2
1192.0,1612.5
1632.0,1680.4
1551.0,1642.2
1526.0,1626.4
2309.0,1638.0
1246.0,1644.1
1597.0,1533.9
1819.0,1676.9
1084.0,1543.5
1635.0,1677.9
1856.0,1772.2
1738.0,1661.9
1586.0,1724.1
1335.0,1544.9
1664.0,1618.4
2024.0,1752.7
1520.0,1651.9
1350.0,1582.5
2081.0,1850.0
1545.0,1751.1
1728.0,1615.2
1773.0,1627.9
1494.0,1552.8
1555.0,1670.5
1694.0,1678.5
1684.0,1698.5
1395.0,1515.6
1426.0,1655.3
1488.0,1629.0
2044.0,1699.2
1599.0,1565.6
1116.0,1620.8
1831.0,1683.1
1659.0,1623.1
1840.0,1573.8
1888.0,1845.0
1945.0,1784.2
1621.0,1802.8
1610.0,1640.3
1543.0,1638.5
1529.0,1660.9
1568.0,1677.8
1514.0,1708.7
1611.0,1661.8
1610.0,1614.4
1505.0,1609.7
1885.0,1758.2
2089.0,1639.5
1812.0,1629.1
1709.0,1616.0
1890.0,1853.4
1765.0,1601.0
1630.0,1701.1
1749.0,1659.9
1883.0,1724.1
1401.0,1623.0
1558.0,1607.3
1636.0,1662.2
1671.0,1675.8
1508.0,1549.6
1654.0,1596.4
1543.0,1634.0
1766.0,1849.8
1437.0,1287.6
1915.0,1685.3
1515.0,1620.3
1084.0,1760.5
1454.0,1489.6
1789.0,1694.5
1520.0,1675.2
1803.0,1644.4
1722.0,1533.5
1682.0,1507.2
1649.0,1660.7
1967.0,1745.1
1441.0,1669.3
1800.0,1734.0
1714.0,1599.0
1401.0,1625.0
1597.0,1628.8
2008.0,1810.9
2133.0,1793.4
1529.0,1622.9
1860.0,1660.0
1670.0,1677.4
1195.0,1581.1
1660.0,1661.5
1818.0,1707.3
1331.0,1246.9
1688.0,1702.4
1592.0,1534.4
1197.0,1604.7
1623.0,1620.3
1901.0,1893.0
1767.0,1694.5
1477.0,1633.8
1685.0,1654.3
1710.0,1617.4
1119.0,1269.1
1806.0,1640.1
1900.0,1714.8
1734.0,1652.5
1913.0,1613.0
1513.0,1617.8
1270.0,1614.2
1691.0,1680.6
1292.0,1580.7
1674.0,1652.5
1783.0,1567.3
1905.0,1728.5
1512.0,1662.5
1725.0,1728.2
1966.0,1798.3
1209.0,1710.4
1573.0,1700.1
1630.0,1638.0
1683.0,1622.8
1067.0,1638.6
1504.0,1641.6
1386.0,1696.9
1567.0,1628.6
1236.0,1606.1
2321.0,1683.2
1887.0,1720.4
1773.0,1777.4
1599.0,1565.5
1122.0,1668.5
1575.0,1580.7
1645.0,1834.6
1821.0,1704.3
1614.0,1609.8
1556.0,1607.5
1719.0,1594.9
1701.0,1703.0
1785.0,1778.6
1778.0,1586.5
1453.0,1630.7
1669.0,1636.0
1518.0,1662.2
1274.0,1584.7
1724.0,1602.5
1572.0,1542.2
1609.0,1664.6
1879.0,1757.0
1760.0,1712.6
1944.0,1607.5
1744.0,1658.0
1871.0,1717.5
1723.0,1662.8
1679.0,1616.9
1788.0,1734.4
1926.0,1688.4
1803.0,1628.3
1796.0,1697.4
1595.0,1636.2
1557.0,1697.1
1629.0,1660.4
1503.0,1620.7
1401.0,1579.2
1793.0,1675.1
1778.0,1738.5
1384.0,1716.2
1808.0,1671.9
1810.0,1770.3
1910.0,1807.1
1444.0,1724.1
2327.0,1721.4
1431.0,1671.4
1580.0,1733.3
1709.0,1631.5
1879.0,1689.5
1582.0,1673.1
1847.0,1745.1
1440.0,1703.3
1357.0,1594.1
1181.0,1660.3
1998.0,1744.0
1531.0,1604.4
1638.0,1633.4
1623.0,1697.3
1165.0,1696.1
1847.0,1593.7
1847.0,1788.6
1683.0,1619.0
1615.0,1690.3
2047.0,1612.0
1376.0,1602.0
1685.0,1707.1
1698.0,1662.5
1526.0,1619.3
2075.0,1814.7
1340.0,1687.0
1331.0,1648.6
1568.0,1708.2
2021.0,1751.9
1664.0,1807.2
1889.0,1750.7
1337.0,1793.9
1649.0,1703.6
1523.0,1620.7
1874.0,1612.3
1700.0,1531.1
1504.0,1582.8
2177.0,1692.2
1734.0,1566.2
1606.0,1609.7
1638.0,1728.8
1732.0,1791.6
1911.0,1688.8
1373.0,1507.7
1331.0,1590.8
1639.0,1604.3
1696.0,1701.9
1999.0,1635.8
1243.0,1666.8
1852.0,1570.3
1984.0,1620.6
1249.0,1456.9
1321.0,1736.7
1377.0,1686.2
1630.0,1573.3
1245.0,1507.0
1833.0,1797.1
1734.0,1643.4
1396.0,1650.9
1956.0,1791.1
1933.0,1670.4
1865.0,1710.1
1552.0,1648.3
1906.0,1623.8
2034.0,1612.1
1770.0,1657.9
2110.0,1769.9
1713.0,1849.2
1309.0,1600.7
1727.0,1709.4
1691.0,1714.6
1663.0,1606.0
1981.0,1549.1
1631.0,1646.7
1596.0,1576.6
1323.0,1601.3
1783.0,1676.7
1612.0,1669.7
1692.0,1765.9
1759.0,1545.2
1639.0,1605.5
1583.0,1734.3
1264.0,1725.7
1602.0,1585.5
2041.0,1723.4
1839.0,1677.5
1752.0,1609.4
1732.0,1678.5
1524.0,1641.9
1713.0,1606.2
1475.0,1642.9
1545.0,1646.4
1765.0,1562.4
1743.0,1586.0
1453.0,1645.6
1322.0,1725.7
1612.0,1674.7
1348.0,1575.7
1927.0,1757.5
1697.0,1728.1
1390.0,1691.4
1804.0,1772.6
1346.0,1759.9
1505.0,1641.6
1745.0,1751.2
1646.0,1632.8
1345.0,1530.9
1730.0,1539.2
1314.0,1589.1
1947.0,1550.2
1907.0,1820.8
1533.0,1752.6
1133.0,1774.0
1712.0,1671.5
1461.0,1630.0
1579.0,1615.7
1832.0,1634.6
1271.0,1653.4
1471.0,1787.3
1832.0,1775.5
1416.0,1702.3
1860.0,1618.9
1499.0,1751.9
1593.0,1736.8
1354.0,1680.6
1591.0,1534.5
1638.0,1607.4
1629.0,1569.5
1698.0,1795.8
1486.0,1713.7
1495.0,1707.0
1403.0,1708.7
1521.0,1745.8
1764.0,1668.1
1366.0,1608.1
1327.0,1708.9
1069.0,1509.9
1294.0,1609.0
1846.0,1526.9
1286.0,1276.8
1794.0,1607.6
1362.0,1603.9
1516.0,1669.7
1732.0,1660.0
1622.0,1644.9
1045.0,1648.5
1584.0,1737.7
1729.0,1702.2
1707.0,1633.6
1873.0,1829.8
1769.0,1603.0
1531.0,1499.7
1793.0,1672.8
1211.0,1645.0
1557.0,1659.0
1779.0,1649.9
1521.0,1718.3
1822.0,1673.6
2006.0,1669.3
1584.0,1647.4
1848.0,1797.7
1431.0,1648.0
1426.0,1630.9
1309.0,1232.3
1505.0,1683.3
1603.0,1650.3
1058.0,1176.0
1254.0,1678.6
1609.0,1765.9
1989.0,1695.9
1889.0,1612.2
1858.0,1668.0
1449.0,1567.2
1975.0,1645.3
1415.0,1776.4
1634.0,1659.7
1801.0,1747.4
1619.0,1608.2
1954.0,1637.9
2051.0,1585.3
1680.0,1685.7
1712.0,1612.5
2178.0,1606.4
1580.0,1680.7
1800.0,1896.0
1397.0,1287.3
1238.0,1775.2
1939.0,1768.5
1542.0,1593.5
1747.0,1629.5
1602.0,1646.7
1229.0,1646.9
1675.0,1631.1
1931.0,1633.1
1644.0,1695.2
1147.0,1694.8
1853.0,1547.9
1790.0,1742.5
1760.0,1689.0
1640.0,1745.5
1495.0,1685.5
1281.0,1631.7
1243.0,1593.9
1907.0,1660.0
1694.0,1674.5
1346.0,1569.2
1530.0,1509.9
1610.0,1606.8
2066.0,1637.3
1347.0,1570.1
1313.0,1671.5
2001.0,1742.0
1478.0,1659.8
1535.0,1695.7
1991.0,1665.4
1634.0,1526.3
1106.0,1646.1
1699.0,1635.9
1529.0,1586.2
1592.0,1543.8
1645.0,1725.5
1807.0,1562.1
1376.0,1643.7
2031.0,1884.0
1368.0,1658.1
1537.0,1644.1
1684.0,1658.7
1769.0,1715.6
1757.0,1563.7
1330.0,1647.4
1810.0,1621.4
1839.0,1665.5
2024.0,1669.8
1619.0,1686.2
1783.0,1645.2
1931.0,1685.1
1348.0,1305.4
1643.0,1652.0
1492.0,1755.2
1828.0,1717.1
1612.0,1633.4
1668.0,1654.7
1885.0,1671.1
1570.0,1647.6
1548.0,1689.9
1891.0,1686.8
1359.0,1628.7
1161.0,1653.8
1521.0,1561.3
1522.0,1636.7
1380.0,1679.3
1263.0,1448.3
2156.0,1864.0
1698.0,1813.8
1949.0,1700.8
1473.0,1726.9
1715.0,1635.3
1344.0,1626.3
1814.0,1631.9
1565.0,1750.0
1318.0,1591.4
1582.0,1620.7
1812.0,1713.3
1882.0,1694.1
1759.0,1695.5
1931.0,1660.1
1923.0,1786.6
2063.0,1703.1
1738.0,1754.5
2031.0,1711.7
2357.0,1821.0
1647.0,1727.4
1290.0,1501.2
1477.0,1613.6
2115.0,1594.9
1763.0,1621.7
1767.0,1604.5
1432.0,1613.3
1746.0,1658.9
1595.0,1631.5
2035.0,1663.7
1910.0,1751.9
1830.0,1674.8
2197.0,1642.9
1632.0,1582.9
1958.0,1692.5
1790.0,1732.0
1480.0,1718.9
1607.0,1627.4
1178.0,1617.3
1432.0,1691.4
1673.0,1668.8
2086.0,1554.5
1928.0,1683.0
1601.0,1704.0
1362.0,1805.6
1390.0,1710.6
1399.0,1745.8
1940.0,1673.2
1586.0,1647.7
1967.0,1699.9
1628.0,1699.1
1761.0,1634.3
1318.0,1273.3
1636.0,1714.8
1836.0,1745.2
1908.0,1699.9
1415.0,1596.2
1352.0,1719.5
1939.0,1664.0
1837.0,1618.2
1626.0,1685.7
1671.0,1593.3
1463.0,1714.7
1678.0,1671.2
2096.0,1625.4
1428.0,1619.2
1925.0,1696.4
1496.0,1672.5
1925.0,1731.8
2018.0,1827.3
1692.0,1637.2
1466.0,1691.2
1456.0,1611.9
1753.0,1704.5
1668.0,1612.2
2028.0,1675.9
1685.0,1727.7
1457.0,1570.6
1933.0,1615.2
1802.0,1844.2
1671.0,1648.9
1813.0,1691.2
1808.0,1710.7
1626.0,1557.6
1800.0,1660.5
1967.0,1735.2
1698.0,1785.6
1988.0,1668.6
1491.0,1709.2
1608.0,1565.5
1426.0,1587.2
2158.0,1667.0
1711.0,1743.9
1154.0,1621.1
1538.0,1792.5
1424.0,1630.9
1735.0,1617.6
1666.0,1612.5
1739.0,1704.6
1783.0,1715.7
1372.0,1691.8
1694.0,1732.9
1592.0,1619.7
1809.0,1682.7
2054.0,1740.3
1364.0,1654.8
2000.0,1671.5
1128.0,1585.5
1342.0,1574.5
1428.0,1797.2
1848.0,1770.1
1693.0,1623.8
1761.0,1714.5
1931.0,1626.5
1778.0,1601.3
1941.0,1887.5
1304.0,1594.4
2091.0,1666.8
1875.0,1682.2
1631.0,1765.6
1586.0,1513.6
1389.0,1610.7
1950.0,1757.5
1637.0,1693.1
2004.0,1645.4
1404.0,1698.2
2049.0,1599.6
1627.0,1730.3
1569.0,1689.4
1414.0,1691.6
1740.0,1709.1
1344.0,1742.1
1971.0,1704.5
1740.0,1694.6
1778.0,1584.5
1564.0,1636.3
1915.0,1647.4
1714.0,1733.4
1613.0,1587.1
1371.0,1718.3
1706.0,1655.5
1897.0,1674.6
1934.0,1621.9
1920.0,1712.1
1386.0,1683.5
1909.0,1718.8
1388.0,1644.7
1627.0,1812.9
2029.0,1873.4
1284.0,1689.6
1508.0,1605.6
1177.0,1299.1
1641.0,1627.9
1835.0,1561.1
1545.0,1709.6
1589.0,1674.1
1193.0,1576.4
1820.0,1762.6
1703.0,1633.0
2004.0,1618.7
1678.0,1611.7
1537.0,1625.1
1823.0,1572.8
1525.0,1505.5
1712.0,1729.7
1685.0,1790.5
1895.0,1618.5
1836.0,1886.4
1600.0,1684.8
1568.0,1528.4
1873.0,1695.4
1377.0,1688.7
1615.0,1606.0
1643.0,1574.4
1747.0,1578.5
1845.0,1675.5
1614.0,1606.4
2030.0,1799.7
1290.0,1601.7
1584.0,1625.5
2025.0,1670.1
1279.0,1605.5
1646.0,1631.7
1218.0,1659.8
1995.0,1604.4
1179.0,1641.8
1548.0,1482.7
1693.0,1615.1
1854.0,1591.8
1671.0,1865.3
1545.0,1603.6
1598.0,1668.9
1396.0,1670.7
1690.0,1689.5
1632.0,1699.4
1399.0,1567.1
1552.0,1694.8
1983.0,1828.1
1270.0,1707.7
1356.0,1575.6
1693.0,1500.7
1229.0,1572.6
1689.0,1747.6
1071.0,1483.7
2079.0,1696.1
1349.0,1639.1
1412.0,1737.5
1843.0,1607.8
2067.0,1664.7
1688.0,1650.4
1639.0,1624.9
1462.0,1578.8
1243.0,1637.3
1683.0,1639.4
2043.0,1746.6
1620.0,1662.4
1715.0,1700.4
1472.0,1660.2
1441.0,1522.6
1606.0,1698.8
1174.0,1696.2
1816.0,1509.8
1586.0,1568.6
1662.0,1763.1
1809.0,1681.2
1730.0,1728.8
1805.0,1756.1
1877.0,1702.1
1864.0,1631.9
1671.0,1635.1
2017.0,1565.5
2010.0,1869.8
1399.0,1626.1
1521.0,1752.1
1975.0,1719.8
1677.0,1617.8
1936.0,1831.9
1537.0,1589.4
2148.0,1674.3
1528.0,1622.3
1415.0,1416.6
2030.0,1642.0
1656.0,1687.4
1548.0,1562.5
1704.0,1732.8
1954.0,1609.9
2161.0,1733.0
1190.0,1603.2
1721.0,1502.5
1631.0,1621.9
1814.0,1872.4
1720.0,1662.5
1513.0,1739.2
1320.0,1705.8
1758.0,1614.8
1476.0,1643.4
1883.0,1645.0
1919.0,1710.2
1783.0,1701.9
1365.0,1604.2
1806.0,1637.3
1975.0,1648.2
1290.0,1707.4
1874.0,1630.8
1693.0,1687.7
1547.0,1661.1
1765.0,1801.4
1862.0,1588.0
1531.0,1728.1
1903.0,1722.1
1926.0,1649.9
1310.0,1661.0
1609.0,1627.2
1424.0,1630.6
1269.0,1816.9
1514.0,1650.0
1745.0,1580.9
1702.0,1624.7
1654.0,1825.7
1439.0,1677.3
1986.0,1774.6
1958.0,1696.1
1297.0,1725.5
1642.0,1555.7
1580.0,1599.9
1910.0,1637.0
1525.0,1575.9
1486.0,1602.1
1729.0,1763.5
1893.0,1765.8
1809.0,1712.7
1732.0,1687.8
2206.0,1574.7
2068.0,1598.0
1263.0,1692.6
1697.0,1689.8
1982.0,1699.4
1740.0,1575.7
1269.0,1641.0
1755.0,1643.6
1504.0,1646.3
1902.0,1877.6
1461.0,1552.0
1393.0,1240.5
1228.0,1453.5
2049.0,1640.8
1861.0,1743.3
1255.0,1598.5
1282.0,1626.6
1753.0,1737.0
1390.0,1682.2
1687.0,1716.5
1743.0,1618.8
1629.0,1815.9
1224.0,1604.1
1564.0,1525.0
1756.0,1653.5
1781.0,1747.6
1679.0,1736.2
1534.0,1637.1
1240.0,1639.9
1637.0,1706.2
1832.0,1707.4
1082.0,1222.9
1888.0,1749.3
1666.0,1674.8
1750.0,1755.6
1682.0,1683.0
2270.0,1688.4
1851.0,1684.2
1942.0,1608.2
1604.0,1701.8
1656.0,1568.2
1769.0,1603.1
1598.0,1525.3
1352.0,1561.8
1505.0,1671.4
1191.0,1612.0
1637.0,1561.2
1445.0,1644.4
1363.0,1684.8
1955.0,1788.6
1898.0,1547.5
1257.0,1750.7
2146.0,1766.7
1727.0,1732.4
1531.0,1664.5
2389.0,1794.7
1395.0,1642.8
1784.0,1643.7
1536.0,1492.2
1893.0,1716.5
1566.0,1704.4
2310.0,1535.0
1670.0,1641.2
1786.0,1758.6
1818.0,1672.1
1579.0,1727.8
2004.0,1662.0
1603.0,1874.2
1818.0,1863.4
1449.0,1608.7
1732.0,1656.8
2087.0,1769.7
1583.0,1675.0
1580.0,1617.1
1486.0,1704.4
1742.0,1687.7
1796.0,1682.2
1789.0,1624.6
1691.0,1869.1
1049.0,1639.4
1934.0,1633.7
1871.0,1856.5
1721.0,1565.4
1124.0,1374.4
1616.0,1542.2
1691.0,1682.9
1347.0,1658.4
1786.0,1675.3
2031.0,1734.5
1520.0,1678.7
1437.0,1568.1
1460.0,1570.7
2077.0,1765.3
2008.0,1777.3
1835.0,1857.7
1584.0,1732.7
1423.0,1675.6
1462.0,1676.8
1926.0,1766.1
2067.0,1772.1
1829.0,1612.7
1113.0,1646.6
2022.0,1696.3
2181.0,1699.3
1523.0,1763.3
1564.0,1675.4
1589.0,1677.2
1886.0,1683.5
1422.0,1549.2
1837.0,1659.9
1807.0,1832.8
1535.0,1653.1
1902.0,1752.9
2267.0,1725.0
1486.0,1629.6
1862.0,1642.2
1458.0,1659.5
1940.0,1819.1
1592.0,1738.0
2155.0,1697.0
2029.0,1744.1
2039.0,1659.5
1913.0,1573.6
1724.0,1628.6
1722.0,1670.4
1500.0,1713.0
1376.0,1705.4
1703.0,1599.3
1864.0,1660.2
1770.0,1771.7
1710.0,1740.3
1521.0,1630.5
1557.0,1713.5
1525.0,1708.6
1506.0,1691.1
1591.0,1749.3
1654.0,1877.7
1690.0,1789.3
1867.0,1707.0
1380.0,1625.5
1166.0,1279.9
1570.0,1598.9
1959.0,1573.8
1304.0,1645.3
1474.0,1723.4
1733.0,1649.2
1963.0,1780.3
1632.0,1662.1
1364.0,1670.3
1761.0,1698.7
1693.0,1671.1
1457.0,1688.5
1430.0,1845.0
1293.0,1693.5
1652.0,1569.2
1690.0,1707.7
1779.0,1663.2
1591.0,1344.3
1816.0,1676.9
1820.0,1641.3
1944.0,1771.4
1289.0,1733.3
1740.0,1800.5
1150.0,1618.9
1986.0,1770.3
1796.0,1668.7
1728.0,1840.8
1513.0,1526.6
1282.0,1504.5
1666.0,1681.9
1583.0,1762.9
1661.0,1542.2
1420.0,1601.7
1606.0,1658.3
1975.0,1810.9
1815.0,1652.1
1522.0,1723.2
1869.0,1915.2
1474.0,1598.8
1396.0,1723.6
1728.0,1766.3
1717.0,1680.6
1966.0,1712.2
1904.0,1687.6
1700.0,1625.2
1833.0,1697.6
1706.0,1623.8
1961.0,1700.6
1782.0,1652.4
2134.0,1604.6
1840.0,1610.2
1490.0,1641.3
1800.0,1718.4
1720.0,1612.1
1097.0,1661.6
1637.0,1700.0
1061.0,1287.5
1848.0,1646.7
1187.0,1460.0
1897.0,1848.8
1109.0,1655.7
2110.0,1803.0
1932.0,1858.4
1496.0,1609.0
1691.0,1628.9
1520.0,1651.9
1627.0,1744.1
1491.0,1635.7
1808.0,1810.9
1903.0,1789.1
1702.0,1728.9
1309.0,1607.9
1613.0,1682.5
1275.0,1535.7
1477.0,1675.0
1826.0,1653.6
1816.0,1741.2
1792.0,1712.1
1749.0,1644.0
1705.0,1560.5
1597.0,1623.5
1505.0,1642.3
1872.0,1785.7
1612.0,1564.1
1825.0,1657.1
1253.0,1617.6
1879.0,1735.9
1277.0,1600.9
1387.0,1719.4
1581.0,1764.0
1325.0,1281.9
1640.0,1596.8
1789.0,1661.0
1757.0,1684.3
1780.0,1662.1
1203.0,1252.6
1652.0,1663.7
1519.0,1677.8
2026.0,1684.1
1418.0,1495.9
1874.0,1723.0
1343.0,1577.1
1759.0,1626.4
1157.0,1651.8
1606.0,1587.1
1823.0,1840.4
1642.0,1676.0
1519.0,1552.7
1515.0,1728.2
1688.0,1705.5
1742.0,1701.2
1947.0,1771.4
1824.0,1685.7
1453.0,1536.4
1372.0,1690.3
1827.0,1634.0
1222.0,1642.8
1936.0,1724.4
1567.0,1674.1
1717.0,1725.3
2059.0,1529.9
1973.0,1680.6
1637.0,1581.0
1397.0,1562.9
1351.0,1553.2
1871.0,1675.3
1057.0,1276.6
1347.0,1488.1
1281.0,1619.0
1246.0,1556.5
1558.0,1640.9
1660.0,1664.1
1585.0,1715.2
1661.0,1683.0
1601.0,1691.8
1639.0,1724.3
1460.0,1496.8
1375.0,1657.4
1387.0,1716.4
1964.0,1590.1
1742.0,1664.7
1860.0,1665.1
1202.0,1611.6
1242.0,1745.3
1991.0,1631.5
1804.0,1610.6
1344.0,1416.7
1306.0,1596.3
1718.0,1822.1
2043.0,1682.4
2056.0,1755.6
1727.0,1743.4
1861.0,1605.3
1475.0,1669.1
1564.0,1570.1
1930.0,1684.8
1374.0,1596.5
2111.0,1658.6
1690.0,1670.9
1715.0,1602.2
1533.0,1626.5
1834.0,1737.9
1834.0,1656.0
1808.0,1716.4
1562.0,1664.0
2029.0,1797.1
1577.0,1611.5
2020.0,1667.1
1619.0,1751.7
1847.0,1637.8
2220.0,1665.8
1878.0,1619.1
1389.0,1664.9
1738.0,1660.5
1694.0,1669.6
1298.0,1610.2
1523.0,1795.1
1258.0,1611.6
1930.0,1821.0
1585.0,1598.0
2035.0,1773.5
1680.0,1691.7
1812.0,1696.8
1987.0,1543.0
1236.0,1566.9
1867.0,1671.5
1284.0,1294.8
1639.0,1718.1
1974.0,1604.6
1449.0,1682.9
2284.0,1743.9
1049.0,1534.2
1978.0,1683.3
1964.0,1650.5
2163.0,1721.9
1509.0,1633.1
1148.0,1526.2
1671.0,1716.1
1578.0,1743.1
1158.0,1663.4
2291.0,1689.4
1761.0,1720.4
1656.0,1659.6
1274.0,1598.4
1537.0,1655.7
1341.0,1362.0
1739.0,1702.6
1731.0,1560.4
1361.0,1689.4
1229.0,1680.8
1334.0,1784.5
1680.0,1724.1
1748.0,1673.9
1960.0,1859.6
1522.0,1578.4
1081.0,1225.6
1533.0,1872.8
1693.0,1683.7
1521.0,1653.9
1733.0,1801.5
1729.0,1625.4
1766.0,1824.2
1338.0,1666.8
2206.0,1747.0
1913.0,1831.4
2010.0,1671.2
1664.0,1629.4
1130.0,1629.6
1961.0,1778.8
1709.0,1653.0
1545.0,1685.7
1555.0,1586.5
1631.0,1625.1
1142.0,1639.8
1655.0,1644.9
1359.0,1389.9
1776.0,1668.7
1463.0,1647.4
1419.0,1757.6
1999.0,1732.8
1925.0,1745.1
1641.0,1623.5
2003.0,1671.9
1160.0,1492.7
1806.0,1602.5
1708.0,1692.7
1408.0,1683.0
1744.0,1604.3
1443.0,1634.3
1774.0,1722.8
1658.0,1705.7
1721.0,1656.1
1886.0,1893.4
1938.0,1636.5
1733.0,1564.6
1359.0,1595.5
1626.0,1664.2
1706.0,1819.3
1985.0,1617.2
1113.0,1576.0
1481.0,1634.0
1401.0,1688.0
1564.0,1672.8
1599.0,1735.9
1974.0,1773.6
1353.0,1758.5
2023.0,1610.4
1953.0,1739.2
1760.0,1653.3
1426.0,1722.6
1432.0,1709.5
1577.0,1674.6
1666.0,1727.5
1918.0,1656.2
1041.0,1268.0
2196.0,1686.3
1760.0,1737.7
1820.0,1661.2
1433.0,1720.0
1657.0,1651.5
1451.0,1687.2
1796.0,1666.1
1686.0,1659.4
2034.0,1745.1
1742.0,1667.5
1818.0,1590.8
1838.0,1630.4
1559.0,1538.2
1792.0,1664.4
2055.0,1722.8
1777.0,1713.2
1601.0,1802.2
1584.0,1636.2
1710.0,1631.8
1526.0,1652.8
1817.0,1608.8
2002.0,1764.3
1499.0,1579.7
1716.0,1704.1
1373.0,1545.7
1444.0,1733.5
1865.0,1505.7
1696.0,1655.7
1835.0,1785.6
1220.0,1803.5
2337.0,1824.2
1537.0,1654.3
1547.0,1622.9
1928.0,1676.6
1665.0,1644.8
1693.0,1791.6
1443.0,1640.7
2060.0,1679.3
1755.0,1719.2
1495.0,1608.6
1749.0,1716.5
1686.0,1663.4
1992.0,1769.1
1210.0,1614.3
1976.0,1739.1
1825.0,1730.9
1387.0,1648.4
1619.0,1527.0
1857.0,1648.2
1451.0,1654.8
1691.0,1617.6
1887.0,1779.2
1460.0,1669.1
1591.0,1657.5
1502.0,1674.3
1359.0,1587.0
1570.0,1713.4
1312.0,1510.7
1933.0,1808.7
1225.0,1637.3
1723.0,1638.3
1591.0,1659.4
1626.0,1553.5
1058.0,1744.8
1612.0,1689.9
1801.0,1771.7
1984.0,1820.6
1822.0,1677.8
1716.0,1634.6
1331.0,1497.4
1811.0,1519.5
1456.0,1630.8
1742.0,1618.6
1841.0,1614.6
1238.0,1710.1
1891.0,1691.7
1671.0,1737.2
1932.0,1853.5
1613.0,1695.0
2021.0,1622.4
1959.0,1574.5
1453.0,1596.6
1586.0,1629.2
1870.0,1650.7
1914.0,1789.6
1785.0,1679.3
1893.0,1636.4
1216.0,1684.6
1653.0,1681.7
1767.0,1541.6
2091.0,1679.9
1930.0,1632.0
1999.0,1641.8
1658.0,1757.5
1408.0,1604.4
1945.0,1635.0
1638.0,1624.9
1923.0,1664.3
2025.0,1667.0
2086.0,1851.0
1420.0,1643.6
1251.0,1669.5
1722.0,1613.9
2149.0,1532.7
1936.0,1611.8
1772.0,1790.2
1729.0,1560.5
1632.0,1575.5
1720.0,1624.9
1795.0,1696.4
1763.0,1711.8
1609.0,1671.9
1412.0,1508.2
1932.0,1858.2
2105.0,1780.1
1265.0,1544.6
1803.0,1796.1
1354.0,1603.5
1980.0,1658.2
1443.0,1619.1
1655.0,1435.2
1625.0,1698.6
1518.0,1523.3
1915.0,1721.9
1543.0,1705.0
1862.0,1652.0
1946.0,1774.6
1863.0,1646.1
1621.0,1720.0
1964.0,1881.6
1517.0,1619.0
1907.0,1643.6
1738.0,1717.6
2293.0,1615.9
1724.0,1625.7
1780.0,1756.1
1633.0,1686.3
1304.0,1348.6
1436.0,1653.3
1907.0,1832.6
1726.0,1557.6
1884.0,1695.6
1356.0,1500.4
1161.0,1544.9
1836.0,1762.0
1691.0,1725.7
1917.0,1597.4
2052.0,1615.8
1555.0,1632.2
1474.0,1565.0
1609.0,1640.8
1368.0,1675.4
1370.0,1657.3
1488.0,1522.8
1652.0,1730.8
1499.0,1588.0
1777.0,1633.4
1913.0,1670.5
1688.0,1500.2
1640.0,1581.4
1662.0,1670.7
1743.0,1607.9
1801.0,1619.2
1988.0,1601.2
1607.0,1712.8
1563.0,1560.1
1636.0,1737.6
1717.0,1612.3
1552.0,1666.5
1426.0,1646.2
1300.0,1567.1
1606.0,1775.5
1296.0,1707.1
1658.0,1587.9
1147.0,1156.9
1351.0,1599.1
1899.0,1707.3
1903.0,1584.1
2225.0,1774.2
1626.0,1691.8
1480.0,1625.9
1596.0,1679.9
1146.0,1568.3
1592.0,1598.9
1675.0,1604.2
1450.0,1719.0
1621.0,1648.3
1704.0,1651.0
1876.0,1734.2
1635.0,1647.3
1987.0,1776.2
2053.0,1627.3
1639.0,1547.1
1749.0,1706.7
1810.0,1648.8
1698.0,1354.8
1338.0,1523.0
1450.0,1493.4
1779.0,1609.2
2013.0,1675.0
1569.0,1714.4
2052.0,1598.3
1645.0,1718.4
2094.0,1867.4
1395.0,1628.4
1079.0,1310.4
1178.0,1453.7
1488.0,1572.8
2001.0,1713.9
1560.0,1634.8
1996.0,1738.0
1849.0,1683.0
1543.0,1578.6
1619.0,1726.6
1734.0,1624.5
2063.0,1604.3
2171.0,1732.2
1656.0,1666.7
1347.0,1694.3
1605.0,1679.0
1650.0,1505.1
1953.0,1707.4
1672.0,1676.6
1672.0,1640.2
1448.0,1626.6
1302.0,1686.7
1596.0,1606.8
1971.0,1655.6
1291.0,1639.5
1572.0,1613.8
1829.0,1620.4
1674.0,1619.6
1719.0,1679.2
1751.0,1795.1
1081.0,1588.1
2159.0,1876.9
1726.0,1639.3
1139.0,1565.8
1681.0,1667.7
2246.0,1878.2
1803.0,1647.8
1582.0,1648.7
1946.0,1768.7
1512.0,1700.7
1773.0,1718.2
1780.0,1504.7
1952.0,1686.9
1404.0,1638.8
1338.0,1538.3
1456.0,1647.2
1705.0,1674.8
1613.0,1639.7
1818.0,1548.7
1660.0,1736.5
1265.0,1622.8
1265.0,1716.1
1792.0,1737.1
1517.0,1739.6
1843.0,1735.1
2093.0,1640.4
1541.0,1499.1
1614.0,1709.1
1325.0,1669.5
1476.0,1599.1
1847.0,1654.2
1575.0,1666.0
1517.0,1590.0
2116.0,1723.5
1496.0,1610.9
1840.0,1894.1
1644.0,1676.3
1744.0,1704.3
1400.0,1718.7
1939.0,1735.6
1726.0,1642.2
1808.0,1742.4
1554.0,1718.4
1372.0,1646.8
1806.0,1529.1
1878.0,1782.6
2380.0,1692.6
1520.0,1642.9
1735.0,1692.2
1661.0,1780.9
1452.0,1703.9
1489.0,1685.2
1725.0,1642.0
1421.0,1646.2
1972.0,1706.5
1593.0,1652.1
1761.0,1715.3
2065.0,1816.4
2006.0,1788.3
1969.0,1635.1
1293.0,1658.1
1918.0,1591.7
1876.0,1723.9
2059.0,1710.7
1578.0,1626.9
1874.0,1677.2
1951.0,1615.9
1548.0,1575.1
1778.0,1785.1
1563.0,1628.1
1328.0,1629.3
1356.0,1630.0
1761.0,1696.7
1873.0,1638.0
1558.0,1578.6
1605.0,1620.8
1616.0,1701.9
1610.0,1638.5
1523.0,1677.0
1553.0,1748.8
1778.0,1700.6
1473.0,1638.8
1512.0,1668.7
2142.0,1744.4
1657.0,1729.2
1710.0,1716.9
1413.0,1851.9
1421.0,1528.2
1789.0,1625.1
1470.0,1669.6
1914.0,1662.9
1774.0,1703.8
1892.0,1909.1
1773.0,1637.2
1452.0,1695.3
1530.0,1825.3
1843.0,1729.9
1999.0,1609.7
1595.0,1720.2
1325.0,1616.6
1540.0,1652.5
1789.0,1748.9
1703.0,1541.3
1509.0,1682.1
1479.0,1671.2
1446.0,1618.8
1766.0,1656.0
1661.0,1692.5
1650.0,1681.4
1786.0,1601.0
1692.0,1753.7
1733.0,1693.0
1437.0,1672.9
1759.0,1644.5
1707.0,1661.0
1580.0,1560.4
1342.0,1676.8
1911.0,1710.4
1583.0,1629.8
1906.0,1505.0
1350.0,1591.7
1580.0,1689.5
1301.0,1652.3
1744.0,1633.0
1631.0,1557.3
1763.0,1673.0
1473.0,1554.9
1099.0,1710.5
1808.0,1605.0
1931.0,1618.5
2038.0,1799.0
1131.0,1246.6
1641.0,1614.1
1577.0,1711.6
1844.0,1595.6
1837.0,1702.6
1729.0,1828.8
1732.0,1538.4
1067.0,1454.5
1531.0,1715.7
1567.0,1732.1
1815.0,1783.0
1472.0,1625.0
1366.0,1657.1
1172.0,1585.4
1750.0,1704.2
1815.0,1606.9
1239.0,1690.2
1855.0,1446.0
1649.0,1627.9
1925.0,1544.0
1383.0,1510.5
2012.0,1802.4
1618.0,1711.4
1906.0,1709.3
2078.0,1771.1
1681.0,1658.9
1558.0,1653.6
1598.0,1694.4
1931.0,1417.6
1371.0,1689.9
1373.0,1703.0
1738.0,1831.6
1970.0,1678.6
1669.0,1602.8
1893.0,1527.9
2069.0,1750.3
1817.0,1707.2
2017.0,1874.9
1680.0,1570.4
2074.0,1868.5
1998.0,1734.4
1553.0,1689.0
1723.0,1655.2
1705.0,1617.3
1871.0,1664.3
2193.0,1630.7
1725.0,1691.5
1822.0,1791.2
1575.0,1549.3
1294.0,1666.1
1506.0,1748.3
1874.0,1702.8
2086.0,1870.2
1888.0,1507.1
1700.0,1590.4
1830.0,1490.2
1742.0,1626.1
1721.0,1603.0
1540.0,1505.9
1505.0,1651.4
1559.0,1763.3
1779.0,1729.9
1966.0,1688.8
1779.0,1715.7
1603.0,1606.1
1542.0,1528.4
1493.0,1622.9
1914.0,1701.1
1354.0,1592.8
1423.0,1592.4
1623.0,1703.2
1654.0,1779.4
1664.0,1750.6
1675.0,1627.4
1598.0,1643.8
2326.0,1669.9
1130.0,1659.8
1722.0,1612.7
1743.0,1628.4
2050.0,1824.8
1594.0,1740.4
1979.0,1819.5
1543.0,1627.8
1613.0,1606.0
1689.0,1734.3
1983.0,1785.9
1679.0,1728.1
1694.0,1652.1
1788.0,1788.6
1591.0,1558.3
1892.0,1767.4
1794.0,1724.2
1473.0,1601.6
1560.0,1639.6
1494.0,1740.3
2120.0,1719.9
1801.0,1596.4
1656.0,1707.3
1937.0,1703.4
2095.0,1759.6
1247.0,1231.4
1874.0,1622.4
1665.0,1544.3
1038.0,1240.5
1887.0,1650.4
1850.0,1572.8
1748.0,1642.7
1694.0,1597.5
1562.0,1723.6
1895.0,1700.4
1604.0,1687.8
1370.0,1575.8
1798.0,1724.2
1733.0,1686.4
1490.0,1654.7
2098.0,1672.7
1372.0,1623.8
1542.0,1541.8
1786.0,1630.5
1077.0,1663.3
1698.0,1590.7
1642.0,1618.4
1762.0,1601.8
1423.0,1635.0
1770.0,1613.5
1302.0,1623.4
1953.0,1847.1
1431.0,1609.6
1942.0,1652.8
1837.0,1621.2
1966.0,1597.1
2344.0,1578.8
1517.0,1712.3
1570.0,1701.7
1405.0,1632.5
1660.0,1649.0
1957.0,1797.4
1773.0,1595.3
1757.0,1646.4
1316.0,1626.4
1933.0,1728.2
2066.0,1601.2
1610.0,1694.5
1800.0,1661.9
1767.0,1806.4
1977.0,1833.0
1671.0,1615.8
1393.0,1640.4
1632.0,1693.2
1546.0,1650.2
1388.0,1723.1
1907.0,1702.1
1535.0,1703.7
1877.0,1765.0
1492.0,1646.0
1745.0,1734.7
1310.0,1611.8
1586.0,1716.1
1828.0,1683.8
1507.0,1627.8
2207.0,1625.0
1907.0,1592.5
1855.0,1572.0
1323.0,1645.9
1647.0,1605.7
2023.0,1873.1
1895.0,1714.7
2101.0,1649.9
1503.0,1712.4
1268.0,1668.9
1568.0,1607.9
1662.0,1705.6
1662.0,1803.2
1746.0,1895.9
1511.0,1638.2
1329.0,1682.6
1960.0,1889.1
1413.0,1601.4
1863.0,1642.1
1390.0,1697.4
1577.0,1599.2
1662.0,1728.9
1812.0,1761.0
2054.0,1589.1
1896.0,1749.5
2178.0,1632.7
1557.0,1607.2
1655.0,1638.5
1266.0,1713.5
1717.0,1669.4
1302.0,1600.0
1768.0,1827.9
2071.0,1646.9
1951.0,1708.4
1839.0,1591.2
1443.0,1552.6
1380.0,1597.3
1501.0,1689.0
1728.0,1630.4
1324.0,1605.3
1266.0,1648.8
978.0,1605.0
1759.0,1646.3
1877.0,1672.7
1586.0,1682.3
1681.0,1651.6
1652.0,1734.3
1677.0,1679.8
1893.0,1688.1
2055.0,1724.4
1582.0,1656.9
1611.0,1584.7
2312.0,1940.4
1784.0,1763.9
2194.0,1691.6
1456.0,1589.6
1410.0,1667.1
1657.0,1722.4
1691.0,1668.0
1436.0,1707.2
1492.0,1851.4
1886.0,1704.6
1771.0,1740.0
1543.0,1660.3
1705.0,1633.9
1860.0,1807.8
1431.0,1670.3
1725.0,1729.4
1210.0,1703.0
1727.0,1671.8
1562.0,1452.5
2037.0,1641.9
1750.0,1775.1
1774.0,1615.6
1517.0,1718.4
1692.0,1773.7
1680.0,1728.2
1246.0,1557.2
1203.0,1563.7
1414.0,1706.3
1135.0,1629.6
1947.0,1671.0
2076.0,1637.6
1562.0,1685.1
1798.0,1630.8
1533.0,1595.0
1634.0,1683.0
1401.0,1597.5
1334.0,1288.3
1725.0,1650.1
1747.0,1691.1
1626.0,1627.9
2035.0,1730.0
1933.0,1669.4
1934.0,1673.7
1383.0,1670.2
1824.0,1611.9
1552.0,1642.0
1380.0,1721.4
1335.0,1648.4
1792.0,1682.1
2116.0,1558.7
1758.0,1678.1
1287.0,1682.3
1824.0,1649.1
1672.0,1666.5
1622.0,1573.8
1790.0,1866.1
1615.0,1709.3
2101.0,1729.3
1724.0,1715.4
1193.0,1674.9
2147.0,1752.1
1589.0,1504.1
1176.0,1623.7
1161.0,1402.0
1896.0,1674.8
1810.0,1603.9
1639.0,1590.7
1773.0,1705.7
1804.0,1678.3
1563.0,1729.0
1821.0,1613.0
1607.0,1601.4
1500.0,1619.8
1902.0,1494.8
1685.0,1610.4
1136.0,1523.0
1662.0,1628.1
1980.0,1718.7
1820.0,1667.1
1330.0,1642.0
1365.0,1582.0
1812.0,1770.8
1329.0,1626.9
1463.0,1731.9
1619.0,1629.1
1407.0,1651.4
1369.0,1568.4
1774.0,1608.8
1531.0,1673.3
1959.0,1694.6
1643.0,1651.3
2112.0,1678.6
1636.0,1648.2
1984.0,1728.6
1917.0,1659.7
1748.0,1779.5
1658.0,1676.9
1626.0,1575.6
1906.0,1698.3
2040.0,1934.7
1201.0,1580.3
1787.0,1648.8
1656.0,1593.6
1310.0,1724.7
1658.0,1713.0
1427.0,1725.3
1858.0,1681.9
1425.0,1677.9
1483.0,1651.4
1558.0,1591.0
1811.0,1658.0
1539.0,1590.1
1454.0,1609.0
1674.0,1723.0
1624.0,1678.1
1901.0,1614.6
1617.0,1677.9
1712.0,1697.0
1626.0,1715.0
1561.0,1589.9
1599.0,1725.0
1757.0,1569.2
1718.0,1763.7
1454.0,1777.8
1357.0,1772.5
1678.0,1707.7
1546.0,1650.0
2188.0,1794.7
1686.0,1794.0
1574.0,1625.0
1699.0,1643.4
1866.0,1698.2
1584.0,1742.4
1525.0,1599.9
1794.0,1607.4
1735.0,1696.4
2039.0,1871.0
1467.0,1689.2
2101.0,1720.5
1840.0,1550.7
1927.0,1667.8
1399.0,1702.7
1631.0,1619.4
1609.0,1663.5
1477.0,1678.0
1608.0,1711.2
1483.0,1684.1
1821.0,1685.2
1976.0,1634.6
1953.0,1661.2
1990.0,1664.2
1930.0,1808.3
1779.0,1649.7
1332.0,1665.5
1904.0,1720.7
1858.0,1738.2
1375.0,1738.6
1768.0,1692.3
1619.0,1759.6
1958.0,1588.2
1520.0,1644.9
1655.0,1727.8
1526.0,1672.5
1716.0,1622.4
1819.0,1696.4
1980.0,1634.7
1718.0,1779.2
1473.0,1779.5
1455.0,1654.0
1350.0,1638.1
1241.0,1678.2
1474.0,1676.8
1433.0,1599.8
1829.0,1707.6
1866.0,1655.2
1598.0,1612.9
1777.0,1670.8
1918.0,1671.4
1647.0,1696.3
1438.0,1604.3
2170.0,1677.2
1858.0,1738.7
1790.0,1731.9
1585.0,1630.0
1681.0,1616.6
2176.0,1775.2
1757.0,1760.6
1975.0,1616.0
1448.0,1588.9
1506.0,1679.3
1768.0,1628.4
1889.0,1700.6
1612.0,1659.7
1720.0,1624.2
1626.0,1636.4
1930.0,1689.7
1645.0,1623.4
1950.0,1755.4
1825.0,1724.7
1736.0,1660.3
1546.0,1795.5
1117.0,1652.2
2085.0,1624.9
2206.0,1764.0
1575.0,1720.9
1714.0,1670.3
1425.0,1736.2
1732.0,1664.7
1810.0,1656.2
1476.0,1550.9
1222.0,1710.4
1458.0,1714.6
1587.0,1607.6
1807.0,1657.5
1029.0,1704.7
1437.0,1701.3
2028.0,1675.4
1732.0,1709.4
2258.0,1727.3
1878.0,1585.4
1669.0,1706.5
1465.0,1693.8
1538.0,1673.0
1668.0,1632.0
1681.0,1589.3
1751.0,1668.7
1484.0,1562.9
1517.0,1586.8
1777.0,1649.3
1833.0,1643.9
1246.0,1577.0
1917.0,1674.7
2017.0,1760.9
2279.0,1546.9
1818.0,1655.6
1574.0,1698.6
1689.0,1598.6
1365.0,1641.2
1832.0,1621.6
1626.0,1589.5
1833.0,1713.1
1909.0,1722.2
1536.0,1613.7
1363.0,1586.0
1592.0,1658.5
1470.0,1611.7
1362.0,1742.3
1188.0,1706.6
1545.0,1657.9
1989.0,1743.1
1578.0,1661.9
1722.0,1680.6
1393.0,1735.3
1764.0,1683.9
1391.0,1626.8
1496.0,1719.8
1633.0,1626.2
1703.0,1643.8
1381.0,1617.8
2022.0,1709.8
1507.0,1653.1
1426.0,1685.6
1606.0,1747.4
1251.0,1354.8
1035.0,1604.5
1915.0,1542.5
1768.0,1689.5
1749.0,1584.3
1596.0,1643.9
1625.0,1634.9
2119.0,1597.2
1490.0,1683.8
1808.0,1598.6
1316.0,1674.2
1234.0,1658.2
1849.0,1728.3
1625.0,1627.8
1631.0,1600.0
1525.0,1677.6
2082.0,1773.3
1737.0,1709.1
1166.0,1615.2
2062.0,1815.3
2057.0,1705.8
1627.0,1624.2
1555.0,1672.7
1859.0,1706.3
1710.0,1737.8
2075.0,1837.9
1869.0,1619.2
2033.0,1767.6
1512.0,1693.0
1738.0,1535.9
1872.0,1722.9
1720.0,1655.4
1587.0,1767.9
1573.0,1777.2
1761.0,1746.9
1735.0,1665.7
1676.0,1701.3
1864.0,1701.1
1858.0,1794.6
1801.0,1675.4
1899.0,1648.7
1808.0,1650.8
1690.0,1566.8
1110.0,1739.7
1260.0,1717.5
1385.0,1628.5
1649.0,1701.0
1713.0,1693.0
1993.0,1696.1
1523.0,1716.3
2002.0,1676.5
1416.0,1679.3
1365.0,1577.2
1673.0,1590.8
1627.0,1647.3
1192.0,1564.6
1419.0,1569.5
1636.0,1649.8
1716.0,1664.5
1948.0,1683.5
1521.0,1582.4
1759.0,1746.6
1972.0,1622.2
1328.0,1692.2
1590.0,1637.2
1665.0,1628.7
1710.0,1659.4
2004.0,1620.9
1532.0,1647.2
2121.0,1686.8
1320.0,1621.9
1586.0,1655.8
1889.0,1640.7
1779.0,1641.8
1551.0,1687.8
1568.0,1668.1
1574.0,1602.2
1954.0,1686.7
1642.0,1708.6
1198.0,1251.5
1508.0,1662.7
1820.0,1665.3
1365.0,1602.1
1639.0,1714.0
1555.0,1717.7
1627.0,1633.5
1531.0,1743.2
1872.0,1735.1
1478.0,1643.5
1825.0,1768.3
1997.0,1638.2
1757.0,1675.5
2006.0,1535.1
1719.0,1865.3
1161.0,1715.4
1666.0,1675.5
1225.0,1646.7
1816.0,1692.2
1648.0,1588.9
1268.0,1707.9
2157.0,1729.5
1696.0,1632.2
1190.0,1605.2
1252.0,1717.4
1847.0,1741.5
1639.0,1709.8
1866.0,1709.6
1428.0,1715.9
1076.0,1604.3
1894.0,1742.3
1276.0,1580.5
1926.0,1610.3
1817.0,1771.1
1777.0,1625.8
1878.0,1807.7
1341.0,1548.9
1827.0,1679.2
1137.0,1629.1
1379.0,1635.0
1705.0,1600.0
1766.0,1644.5
1752.0,1740.8
1213.0,1601.8
1967.0,1718.3
1714.0,1683.0
1925.0,1628.9
1637.0,1642.3
1891.0,1724.9
1240.0,1644.5
2058.0,1706.1
1540.0,1658.6
1334.0,1579.8
1887.0,1734.2
1758.0,1600.0
1647.0,1659.6
1387.0,1685.9
1518.0,1728.1
1434.0,1637.3
2259.0,1787.8
1675.0,1582.4
1365.0,1665.5
1596.0,1632.8
1905.0,1623.5
1512.0,1699.2
2049.0,1748.9
1768.0,1720.5
1950.0,1703.4
1852.0,1666.4
1798.0,1689.2
1482.0,1657.9
2049.0,1662.9
1962.0,1874.0
1424.0,1602.7
1674.0,1682.1
1786.0,1617.3
2062.0,1707.7
2119.0,1692.6
1869.0,1645.9
1515.0,1628.0
1863.0,1566.4
1618.0,1762.3
1900.0,1729.2
1438.0,1663.2
1757.0,1757.8
2104.0,1689.5
1765.0,1638.4
1364.0,1611.9
1898.0,1675.0
2028.0,1681.1
1474.0,1692.0
1755.0,1728.7
1822.0,1684.1
1738.0,1625.9
1683.0,1730.2
1565.0,1524.3
2093.0,1604.0
1872.0,1595.6
1826.0,1726.2
1809.0,1692.6
1583.0,1698.1
1521.0,1667.1
1778.0,1665.7
1919.0,1537.4
1815.0,1661.4
1732.0,1655.6
1584.0,1714.9
1818.0,1703.8
1800.0,1710.8
1185.0,1483.0
1566.0,1689.7
1699.0,1733.1
1626.0,1559.8
1407.0,1721.9
1613.0,1649.9
2011.0,1650.5
2101.0,1632.8
1565.0,1681.7
1386.0,1697.6
1594.0,1625.8
1752.0,1738.9
1650.0,1730.5
1819.0,1622.4
1918.0,1622.5
2120.0,1669.6
1468.0,1617.5
1836.0,1815.2
1857.0,1745.3
1877.0,1717.4
2036.0,1738.6
1721.0,1693.3
1359.0,1684.3
1631.0,1643.3
1215.0,1714.1
1891.0,1726.3
1965.0,1587.1
1987.0,1590.7
1693.0,1520.0
1707.0,1746.0
1646.0,1576.1
1718.0,1624.7
1749.0,1798.8
1381.0,1661.4
1995.0,1857.7
1856.0,1712.0
1887.0,1739.0
1626.0,1641.4
1731.0,1448.2
1302.0,1480.0
1444.0,1602.0
1896.0,1729.8
1775.0,1766.7
1341.0,1681.7
1536.0,1701.4
1430.0,1489.3
1392.0,1554.0
1533.0,1674.3
1309.0,1699.8
1669.0,1707.1
1773.0,1707.3
1460.0,1649.3
1558.0,1575.0
1805.0,1736.6
1682.0,1686.7
1585.0,1640.7
1802.0,1620.8
1807.0,1691.2
1961.0,1868.9
1900.0,1696.6
1543.0,1577.0
1588.0,1634.1
1647.0,1779.0
1851.0,1658.0
1619.0,1740.6
1887.0,1678.2
1787.0,1644.7
1366.0,1677.1
1184.0,1700.7
1523.0,1416.4
1244.0,1633.0
1623.0,1717.9
1588.0,1874.8
1764.0,1696.3
1893.0,1684.8
1657.0,1858.6
1487.0,1657.8
1363.0,1567.0
1743.0,1648.1
1617.0,1613.5
1354.0,1659.9
1178.0,1596.3
1908.0,1726.3
1761.0,1717.7
1772.0,1655.2
1960.0,1717.3
2003.0,1634.0
1695.0,1713.2
2048.0,1550.9
1602.0,1621.5
1715.0,1730.9
1657.0,1720.7
1845.0,1638.2
1851.0,1789.8
1523.0,1690.1
1667.0,1560.8
1567.0,1607.0
1615.0,1715.8
1699.0,1610.3
1586.0,1660.9
1781.0,1741.5
2154.0,1905.5
1346.0,1647.6
1139.0,1714.3
1582.0,1565.2
1489.0,1674.0
1728.0,1662.1
1148.0,1488.7
1604.0,1691.9
1411.0,1667.0
2171.0,1695.8
1850.0,1689.5
2131.0,1813.0
1580.0,1718.5
1941.0,1821.1
1740.0,1689.3
1797.0,1666.7
1362.0,1679.4
1869.0,1694.2
1627.0,1535.2
2023.0,1786.4
1725.0,1630.4
1396.0,1565.4
1757.0,1615.2
1636.0,1778.5
1365.0,1636.1
2103.0,1774.9
1456.0,1770.8
1917.0,1744.1
1546.0,1569.1
1638.0,1780.1
1224.0,1712.3
974.0,1834.8
1497.0,1565.9
1639.0,1655.9
2059.0,1887.2
1742.0,1693.3
1913.0,1741.2
1583.0,1582.4
1932.0,1848.1
1318.0,1652.1
1686.0,1763.8
1218.0,1486.9
1882.0,1747.5
1376.0,1559.1
1485.0,1668.5
1938.0,1641.6
1521.0,1611.9
1742.0,1581.7
1369.0,1616.0
1782.0,1707.0
1617.0,1695.5
1860.0,1762.5
1824.0,1673.9
1272.0,1623.5
2201.0,1811.4
1591.0,1632.1
1527.0,1607.1
1376.0,1631.7
2342.0,1737.0
1672.0,1725.7
1648.0,1754.9
1449.0,1733.9
1370.0,1700.3
1871.0,1554.4
1723.0,1701.2
1612.0,1746.0
1554.0,1626.5
1708.0,1715.4
1559.0,1689.0
1848.0,1721.2
1415.0,1613.4
1904.0,1703.0
1601.0,1679.8
1812.0,1643.3
1781.0,1735.7
1712.0,1738.3
1605.0,1637.9
1496.0,1639.2
1782.0,1777.3
1892.0,1703.3
1703.0,1602.6
1534.0,1656.1
1800.0,1646.0
1962.0,1718.0
2012.0,1594.7
1244.0,1586.0
1745.0,1620.0
1763.0,1836.2
1783.0,1600.7
2271.0,1712.7
1965.0,1749.0
1984.0,1698.1
1687.0,1647.3
1375.0,1692.5
1500.0,1521.0
1722.0,1680.2
1872.0,1708.6
1772.0,1617.4
1703.0,1735.7
1766.0,1641.4
2192.0,1694.7
1473.0,1661.6
1233.0,1684.9
2031.0,1628.2
2202.0,1833.8
1662.0,1666.3
2253.0,1792.6
1785.0,1738.6
1373.0,1676.7
1717.0,1666.7
1886.0,1878.8
1939.0,1596.1
1618.0,1702.4
1668.0,1711.4
1730.0,1681.5
1919.0,1662.6
1814.0,1681.0
1742.0,1763.9
1733.0,1647.0
1411.0,1646.7
1779.0,1609.0
2313.0,1711.5
1733.0,1789.7
1638.0,1676.4
1387.0,1659.4
1434.0,1707.8
1706.0,1731.0
1654.0,1612.4
1337.0,1672.3
1277.0,1646.7
1756.0,1610.1
1915.0,1659.2
1282.0,1660.3
1230.0,1326.9
1333.0,1634.1
1475.0,1544.2
1660.0,1711.7
1613.0,1617.6
1849.0,1870.0
1632.0,1693.8
1712.0,1783.4
1325.0,1636.3
1655.0,1704.3
1524.0,1664.8
1202.0,1632.0
1693.0,1716.6
1724.0,1646.3
1698.0,1664.2
1299.0,1330.5
1920.0,1712.3
1597.0,1573.8
1616.0,1692.4
1870.0,1669.3
1644.0,1632.3
1990.0,1701.2
1994.0,1632.1
2181.0,1584.9
1565.0,1698.7
1526.0,1637.9
1671.0,1604.5
1749.0,1689.1
1863.0,1617.5
1254.0,1534.2
1306.0,1541.8
1622.0,1671.4
1744.0,1567.3
1352.0,1645.4
1309.0,1728.3
1588.0,1645.6
1825.0,1603.7
1773.0,1635.5
1880.0,1626.8
1792.0,1543.0
1826.0,1766.9
2294.0,1857.9
1898.0,1662.8
2231.0,1702.5
1973.0,1635.2
1271.0,1617.9
1444.0,1635.4
2092.0,1661.3
1945.0,1660.1
1872.0,1655.7
1445.0,1545.2
1812.0,1816.8
2295.0,1678.3
1766.0,1547.6
1717.0,1639.5
1644.0,1653.1
1737.0,1846.2
1817.0,1727.7
1813.0,1626.5
1594.0,1649.5
973.0,1486.9
2054.0,1737.4
2020.0,1628.3
1613.0,1628.6
1870.0,1741.5
1925.0,1710.7
2112.0,1742.4
1282.0,1740.5
1568.0,1678.6
1911.0,1613.8
1839.0,1707.1
1927.0,1588.3
1930.0,1807.7
1401.0,1684.2
2083.0,1592.7
1362.0,1629.2
1585.0,1752.0
1921.0,1581.1
1926.0,1688.2
1232.0,1546.3
1673.0,1655.4
1936.0,1544.6
1644.0,1690.5
1821.0,1515.7
1539.0,1793.7
1538.0,1744.3
1353.0,1686.5
1547.0,1742.0
2009.0,1608.7
2271.0,1795.8
1816.0,1472.9
1462.0,1548.8
1824.0,1619.8
1275.0,1733.4
1683.0,1634.5
1766.0,1687.1
2089.0,1702.0
1609.0,1704.7
1398.0,1648.2
1353.0,1666.1
1822.0,1668.5
1740.0,1703.9
1618.0,1697.2
1578.0,1672.2
1975.0,1845.7
1251.0,1645.3
1838.0,1596.9
1304.0,1508.6
1006.0,1756.2
1360.0,1696.6
1744.0,1838.2
1557.0,1605.4
1582.0,1598.9
1867.0,1740.1
1921.0,1867.6
1321.0,1539.7
1443.0,1521.5
1362.0,1715.9
1770.0,1552.8
1406.0,1597.3
1337.0,1696.1
2035.0,1700.9
1707.0,1622.8
2247.0,1732.5
1880.0,1694.1
1553.0,1701.9
2039.0,1707.2
1797.0,1580.4
1855.0,1659.6
1702.0,1740.7
1363.0,1620.5
1852.0,1703.6
1835.0,1604.5
1822.0,1606.3
1578.0,1674.7
1799.0,1736.7
1329.0,1748.2
1719.0,1795.7
1910.0,1706.3
2013.0,1717.6
1758.0,1713.9
1913.0,1751.4
1480.0,1618.3
1941.0,1686.2
2059.0,1814.6
1820.0,1669.3
1367.0,1675.6
1645.0,1599.2
1947.0,1760.9
1672.0,1805.6
1525.0,1449.1
1309.0,1690.0
1462.0,1651.3
1551.0,1509.6
1461.0,1643.9
1660.0,1554.0
1836.0,1752.9
1437.0,1677.4
1723.0,1671.1
1855.0,1627.4
1829.0,1682.0
1183.0,1547.3
1878.0,1705.0
1651.0,1771.0
2017.0,1858.8
1432.0,1589.9
1471.0,1663.6
1577.0,1612.5
2051.0,1733.5
1647.0,1698.7
1648.0,1684.1
1464.0,1643.7
1504.0,1674.4
2226.0,1664.4
1967.0,1796.7
1872.0,1694.1
2174.0,1693.4
1709.0,1625.4
1672.0,1641.0
1703.0,1710.4
1447.0,1580.3
1704.0,1725.2
1817.0,1688.3
1812.0,1586.7
1559.0,1683.3
2013.0,1684.9
1955.0,1700.6
1860.0,1656.7
1779.0,1698.0
1242.0,1233.7
1400.0,1791.4
1956.0,1710.8
1591.0,1664.5
1915.0,1769.1
1979.0,1674.3
2045.0,1604.4
1714.0,1697.4
1609.0,1560.4
1604.0,1722.7
1879.0,1696.2
1931.0,1658.6
1597.0,1642.9
1837.0,1687.8
1579.0,1677.0
1730.0,1727.7
1675.0,1630.8
1405.0,1257.3
2122.0,1742.7
1439.0,1460.1
2245.0,1693.7
1818.0,1560.9
1799.0,1707.9
1677.0,1577.4
1560.0,1682.1
1583.0,1634.3
1820.0,1490.2
1869.0,1521.4
1168.0,1734.6
1604.0,1670.6
2109.0,1577.7
1873.0,1701.7
1510.0,1684.8
1524.0,1613.3
1748.0,1776.8
1639.0,1682.0
1756.0,1618.0
2041.0,1604.4
2167.0,1722.9
1560.0,1566.9
1514.0,1688.4
1359.0,1621.2
1449.0,1760.9
2091.0,1869.1
1473.0,1623.0
1874.0,1637.5
2113.0,1639.4
1390.0,1235.0
1181.0,1655.2
1679.0,1649.8
1709.0,1626.6
1957.0,1753.7
1740.0,1546.6
1916.0,1640.8
1866.0,1669.8
1488.0,1646.8
1405.0,1714.1
1585.0,1606.6
1569.0,1631.0
2050.0,1654.8
1657.0,1743.8
1366.0,1639.6
1301.0,1479.6
1581.0,1665.7
1794.0,1688.9
1460.0,1679.6
1490.0,1664.5
1810.0,1661.5
1943.0,1728.4
2086.0,1799.1
1727.0,1662.2
1751.0,1528.2
1598.0,1664.2
1411.0,1640.7
1177.0,1775.5
1679.0,1718.4
1646.0,1647.6
1772.0,1769.3
1618.0,1764.4
1948.0,1801.6
1531.0,1735.0
1364.0,1304.2
1605.0,1648.0
1826.0,1701.7
1399.0,1705.1
1488.0,1593.7
1871.0,1713.9
1988.0,1824.7
2032.0,1741.8
1386.0,1553.7
2062.0,1701.2
2124.0,1731.3
1681.0,1681.5
2023.0,1760.5
2163.0,1734.5
1852.0,1758.6
1600.0,1696.2
1485.0,1624.6
1726.0,1715.8
2276.0,1792.0
1856.0,1691.9
1747.0,1650.2
2071.0,1954.1
1623.0,1581.9
1434.0,1700.5
1758.0,1567.6
1350.0,1597.1
1856.0,1729.0
1444.0,1516.6
1820.0,1694.8
1638.0,1673.7
1939.0,1875.3
1717.0,1696.4
1668.0,1661.1
1222.0,1616.3
1511.0,1863.2
1629.0,1627.5
1554.0,1656.1
2043.0,1745.8
1747.0,1693.2
1655.0,1650.0
2130.0,1696.1
1892.0,1578.2
1603.0,1589.2
1809.0,1665.4
2018.0,1582.4
2145.0,1681.2
1292.0,1232.0
1709.0,1534.3
1522.0,1607.7
2064.0,1601.7
1933.0,1674.7
1725.0,1711.4
1696.0,1672.3
1590.0,1660.4
1681.0,1592.7
1337.0,1747.8
2268.0,1634.2
1394.0,1780.0
1799.0,1633.0
1411.0,1606.7
1986.0,1667.9
1917.0,1609.5
1375.0,1529.3
1831.0,1780.3
1971.0,1689.3
1613.0,1688.4
1470.0,1605.5
1951.0,1635.4
2034.0,1663.1
1734.0,1728.0
1208.0,1628.6
1610.0,1618.4
1742.0,1701.3
1912.0,1861.6
1968.0,1586.3
1880.0,1719.8
2158.0,1698.2
1974.0,1768.1
1107.0,1785.9
2080.0,1701.3
1530.0,1658.6
1461.0,1670.1
1328.0,1620.4
1145.0,1552.7
1163.0,1262.4
1532.0,1697.9
1359.0,1647.2
1217.0,1274.5
1601.0,1813.2
1484.0,1695.6
1789.0,1692.3
1875.0,1633.4
1932.0,1634.8
1878.0,1708.8
1974.0,1748.0
1626.0,1670.4
1732.0,1723.5
1413.0,1591.9
1808.0,1735.5
1331.0,1724.1
1835.0,1550.2
1831.0,1866.7
1761.0,1700.6
1742.0,1682.9
1880.0,1627.0
1821.0,1648.2
1769.0,1601.2
1398.0,1586.8
1629.0,1575.4
1831.0,1807.3
1630.0,1850.2
1535.0,1623.4
1188.0,1695.2
2084.0,1758.3
1519.0,1694.9
1737.0,1605.2
1452.0,1566.8
1899.0,1602.1
1853.0,1774.5
1260.0,1630.8
1361.0,1543.2
1846.0,1596.9
1633.0,1651.2
1437.0,1639.3
2070.0,1621.2
1768.0,1761.3
1971.0,1807.7
1681.0,1698.5
1723.0,1609.3
2146.0,1822.0
1621.0,1659.2
2053.0,1800.8
1782.0,1734.5
1612.0,1678.8
1918.0,1710.7
1380.0,1577.2
2232.0,1597.6
1631.0,1692.5
1594.0,1702.1
1878.0,1641.8
1813.0,1816.7
1493.0,1604.0
1868.0,1783.0
1421.0,1687.8
1745.0,1716.5
1526.0,1631.2
1949.0,1581.2
1540.0,1652.5
1606.0,1507.9
866.0,1215.1
1716.0,1702.0
1494.0,1596.9
1567.0,1691.3
1528.0,1628.7
1057.0,1631.8
1873.0,1714.3
1649.0,1645.7
1567.0,1558.2
1798.0,1603.3
1903.0,1688.4
1654.0,1627.2
1634.0,1682.6
1503.0,1623.9
1657.0,1596.7
1449.0,1635.7
1744.0,1657.1
1956.0,1806.5
1506.0,1662.7
1850.0,1814.3
1539.0,1616.5
1603.0,1579.3
1632.0,1731.5
1184.0,1673.6
1542.0,1733.0
1921.0,1742.8
1511.0,1608.7
1195.0,1255.8
1398.0,1602.0
1996.0,1684.8
1873.0,1663.8
1309.0,1595.6
2102.0,1652.7
1619.0,1750.4
1855.0,1613.0
1481.0,1687.4
1584.0,1661.9
2020.0,1593.1
1435.0,1693.9
1805.0,1675.9
1463.0,1562.9
1620.0,1644.9
1405.0,1585.3
1756.0,1701.9
1488.0,1792.1
1821.0,1558.9
1844.0,1708.2
1652.0,1616.7
1665.0,1641.1
1779.0,1645.6
1885.0,1635.5
1176.0,1733.7
1578.0,1654.8
1385.0,1619.4
1683.0,1601.8
1677.0,1684.4
1438.0,1647.2
1675.0,1655.0
1803.0,1676.7
1693.0,1663.0
1531.0,1520.0
1845.0,1623.9
1544.0,1607.3
1158.0,1323.3
2041.0,1720.5
1538.0,1724.9
1555.0,1716.6
1416.0,1681.1
2105.0,1675.8
1549.0,1649.6
1232.0,1603.4
1989.0,1596.9
1748.0,1660.7
1440.0,1725.3
1506.0,1704.5
1229.0,1715.7
1651.0,1724.2
1869.0,1814.4
1503.0,1658.3
1714.0,1602.7
1632.0,1743.6
1443.0,1644.9
1823.0,1727.5
1660.0,1723.9
1878.0,1596.8
1556.0,1738.5
1879.0,1706.1
1983.0,1700.4
1546.0,1549.1
1669.0,1757.3
1630.0,1668.0
1670.0,1655.9
1300.0,1630.8
1368.0,1519.5
1802.0,1656.9
1994.0,1702.7
1572.0,1549.4
1615.0,1655.7
1590.0,1587.1
1771.0,1652.1
1540.0,1262.5
1126.0,1632.5
2115.0,1652.6
1652.0,1667.6
2089.0,1677.9
1902.0,1680.0
1987.0,1651.5
1529.0,1654.4
1257.0,1676.6
1472.0,1738.7
1642.0,1604.5
1472.0,1677.5
2012.0,1688.1
1807.0,1706.5
1852.0,1604.3
1872.0,1628.7
2117.0,1693.9
1970.0,1640.0
1258.0,1242.9
1656.0,1673.7
1447.0,1654.7
1340.0,1624.7
1559.0,1614.4
1969.0,1701.9
1576.0,1577.0
1395.0,1558.7
1299.0,1535.4
1459.0,1741.4
1408.0,1604.3
1694.0,1672.1
1293.0,1580.2
1544.0,1693.9
1509.0,1734.2
2083.0,1748.8
1605.0,1754.2
1942.0,1828.7
1802.0,1633.7
1554.0,1692.2
1883.0,1733.6
1785.0,1707.9
1805.0,1671.0
1528.0,1763.0
1719.0,1699.5
1749.0,1734.8
1642.0,1669.5
1820.0,1858.9
1822.0,1754.4
1353.0,1650.9
2195.0,1845.1
1832.0,1579.1
1918.0,1554.5
1901.0,1595.1
1527.0,1701.1
1717.0,1651.5
1716.0,1650.4
1556.0,1660.5
1386.0,1723.3
2120.0,1773.8
1517.0,1744.7
1495.0,1739.8
1676.0,1785.6
1611.0,1661.5
1797.0,1678.3
1279.0,1739.4
1940.0,1748.6
1586.0,1631.5
2039.0,1660.6
1699.0,1587.3
1707.0,1653.1
1049.0,1604.1
1726.0,1668.1
1301.0,1618.1
1168.0,1712.2
1373.0,1618.7
1967.0,1632.8
2185.0,1690.7
2090.0,1674.9
1558.0,1564.0
1591.0,1611.3
1461.0,1653.4
1961.0,1665.3
1560.0,1605.5
1452.0,1619.2
1234.0,1715.3
1484.0,1672.1
1596.0,1682.9
1372.0,1588.8
1362.0,1646.4
1692.0,1672.7
1334.0,1611.9
1979.0,1669.1
1885.0,1670.1
1503.0,1634.6
1584.0,1607.4
1510.0,1709.0
1718.0,1655.6
1772.0,1648.1
1913.0,1870.0
1897.0,1671.1
1472.0,1646.3
2056.0,1718.4
1538.0,1652.7
1415.0,1616.6
1203.0,1518.4
1422.0,1645.7
1277.0,1609.2
2020.0,1702.3
1901.0,1670.5
2072.0,1880.6
1642.0,1425.7
1886.0,1624.7
1940.0,1708.3
1572.0,1600.0
1863.0,1774.0
1859.0,1835.9
1710.0,1617.9
1337.0,1621.0
1773.0,1630.7
1622.0,1692.8
1610.0,1703.4
1572.0,1750.0
2013.0,1679.6
1768.0,1621.7
1905.0,1704.7
2029.0,1708.5
1906.0,1860.6
1319.0,1626.2
1899.0,1641.9
1895.0,1655.6
1692.0,1697.2
1780.0,1746.6
1665.0,1647.2
1927.0,1622.4
1534.0,1676.7
1825.0,1628.3
1640.0,1621.1
1974.0,1707.2
1538.0,1610.4
1778.0,1703.7
1439.0,1656.3
1316.0,1680.6
1949.0,1762.5
1667.0,1674.4
1605.0,1633.1
1498.0,1587.9
1191.0,1607.4
1388.0,1662.3
1702.0,1607.4
1705.0,1765.5
1537.0,1631.8
1902.0,1635.6
1635.0,1699.2
1591.0,1637.8
1978.0,1743.5
1370.0,1710.1
1923.0,1665.9
1806.0,1770.9
1561.0,1618.3
1491.0,1685.0
1638.0,1718.3
1681.0,1617.8
1368.0,1512.8
1542.0,1621.6
1291.0,1622.4
1641.0,1608.1
1589.0,1572.2
1918.0,1603.8
1609.0,1617.7
1593.0,1723.5
2062.0,1741.2
1797.0,1707.1
1561.0,1701.1
1768.0,1738.7
1661.0,1593.3
1427.0,1678.6
2077.0,1827.4
1847.0,1761.0
1596.0,1658.7
1944.0,1667.2
1318.0,1619.4
1305.0,1590.7
1364.0,1650.8
1738.0,1723.1
1863.0,1756.0
1464.0,1724.4
1999.0,1744.1
1730.0,1674.1
1941.0,1820.8
1638.0,1621.1
1621.0,1662.2
2182.0,1706.3
1698.0,1705.1
1576.0,1701.7
1675.0,1649.8
1795.0,1640.6
2034.0,1723.0
1568.0,1683.9
1873.0,1634.9
1740.0,1698.8
1576.0,1617.0
1440.0,1596.7
1122.0,1750.9
1618.0,1556.7
2106.0,1671.5
1355.0,1741.7
2129.0,1633.9
1524.0,1667.9
1978.0,1628.8
1761.0,1711.7
1694.0,1767.8
1819.0,1701.5
1374.0,1258.3
1585.0,1644.5
1545.0,1679.3
1624.0,1739.2
1582.0,1632.7
1768.0,1666.9
1719.0,1716.7
1458.0,1494.4
1334.0,1710.1
1720.0,1847.8
1939.0,1753.8
1953.0,1676.5
1904.0,1810.2
1471.0,1679.4
1852.0,1648.6
1928.0,1713.9
1619.0,1723.0
1931.0,1619.2
1643.0,1725.7
1963.0,1740.0
2094.0,1743.2
1818.0,1605.8
1463.0,1635.1
1732.0,1659.4
1815.0,1777.0
1486.0,1676.3
1883.0,1828.0
1969.0,1648.5
1497.0,1622.1
1544.0,1895.0
1603.0,1619.5
1756.0,1654.2
1923.0,1733.1
2105.0,1623.5
1689.0,1740.9
1765.0,1545.2
1693.0,1613.8
1433.0,1618.3
1961.0,1688.0
1907.0,1654.1
1907.0,1591.9
1890.0,1789.4
1796.0,1748.7
1701.0,1641.0
1258.0,1487.0
1784.0,1680.4
1687.0,1735.4
1856.0,1536.1
1284.0,1564.4
1694.0,1749.7
1173.0,1617.7
1501.0,1442.0
2184.0,1638.5
1325.0,1438.2
1705.0,1654.4
1389.0,1294.5
1706.0,1628.4
1372.0,1602.1
1635.0,1616.8
1670.0,1591.6
1842.0,1635.1
1916.0,1692.7
1926.0,1539.0
2343.0,1859.5
1640.0,1713.6
1530.0,1754.6
1561.0,1754.6
1307.0,1683.8
1735.0,1621.3
1693.0,1613.9
1845.0,1716.7
1720.0,1629.0
1883.0,1743.6
2212.0,1645.1
1937.0,1693.0
1617.0,1639.8
1775.0,1667.2
1902.0,1691.5
1724.0,1633.9
1703.0,1594.0
1776.0,1618.2
1937.0,1733.4
1536.0,1637.4
1590.0,1648.0
1895.0,1660.0
1359.0,1624.5
1119.0,1704.8
1536.0,1507.6
1560.0,1652.4
1415.0,1656.9
1725.0,1606.7
1257.0,1655.8
1409.0,1582.8
1933.0,1616.9
1712.0,1753.5
1327.0,1566.3
1790.0,1668.0
1967.0,1847.2
1228.0,1640.9
1333.0,1707.9
1361.0,1720.7
1514.0,1649.9
1567.0,1656.3
2289.0,1779.0
1633.0,1626.5
1596.0,1632.3
1901.0,1743.1
1419.0,1583.2
2138.0,1748.4
1766.0,1609.4
1568.0,1673.5
1690.0,1743.5
1805.0,1637.2
1919.0,1692.1
2011.0,1767.0
1211.0,1669.0
1858.0,1702.8
1732.0,1657.4
1305.0,1632.2
1627.0,1546.3
1762.0,1700.4
1178.0,1626.1
1393.0,1621.4
1298.0,1751.0
1972.0,1658.5
1827.0,1823.1
1854.0,1608.5
1536.0,1607.0
1740.0,1551.2
1824.0,1786.3
1722.0,1640.7
1671.0,1619.2
1632.0,1601.9
1839.0,1759.4
1859.0,1739.4
1737.0,1742.3
1166.0,1634.0
1756.0,1694.3
1574.0,1667.2
1664.0,1636.7
1529.0,1577.7
1936.0,1672.0
1904.0,1721.4
1647.0,1693.7
1381.0,1640.1
1666.0,1593.7
1693.0,1676.1
2001.0,1687.6
1493.0,1653.2
1984.0,1836.8
2010.0,1714.8
2021.0,1648.3
1728.0,1685.3
1707.0,1657.1
1520.0,1687.1
1223.0,1627.6
1684.0,1833.7
1927.0,1755.6
1806.0,1708.2
2153.0,1787.7
1976.0,1699.8
1581.0,1616.1
1199.0,1675.7
1608.0,1649.8
1650.0,1781.0
2012.0,1615.7
1704.0,1731.3
1954.0,1662.8
1511.0,1556.4
2038.0,1700.6
2070.0,1826.0
1839.0,1598.4
1915.0,1753.0
1784.0,1513.7
1904.0,1628.8
1256.0,1602.4
1683.0,1774.8
1702.0,1556.4
1775.0,1744.7
1723.0,1829.5
1331.0,1515.6
1719.0,1646.6
1651.0,1634.7
1982.0,1775.6
1298.0,1639.3
1290.0,1551.0
1417.0,1399.2
1513.0,1700.8
1731.0,1740.3
1654.0,1697.5
2021.0,1859.4
1721.0,1665.6
1755.0,1691.7
1861.0,1891.1
1869.0,1689.3
1796.0,1749.3
1494.0,1616.8
1890.0,1662.2
1523.0,1604.0
1697.0,1655.1
1874.0,1763.6
1552.0,1721.0
1924.0,1678.9
1155.0,1227.9
1279.0,1615.8
1765.0,1758.1
1684.0,1691.1
1601.0,1708.0
1452.0,1712.0
1687.0,1584.1
1391.0,1659.1
1627.0,1704.9
1749.0,1536.0
1771.0,1545.8
1740.0,1740.0
1985.0,1757.7
1893.0,1652.5
1575.0,1615.3
1937.0,1628.5
1571.0,1613.2
1703.0,1666.2
1439.0,1579.0
1651.0,1633.5
1695.0,1659.8
1768.0,1684.8
1718.0,1635.8
1310.0,1305.0
2011.0,1728.9
1492.0,1695.9
1643.0,1691.7
1968.0,1619.9
1621.0,1627.9
1592.0,1622.8
1913.0,1699.5
1432.0,1671.2
1409.0,1272.6
1257.0,1579.2
1603.0,1671.5
2152.0,1705.6
1668.0,1641.2
1805.0,1673.9
1889.0,1719.2
1968.0,1642.1
2024.0,1554.5
1504.0,1609.5
2103.0,1837.2
1936.0,1706.7
1855.0,1733.2
1994.0,1587.4
2079.0,1722.3
1839.0,1804.2
1882.0,1674.2
1535.0,1659.3
1746.0,1551.3
1855.0,1681.8
1835.0,1710.5
1626.0,1568.6
1510.0,1705.7
1527.0,1625.7
1629.0,1617.4
1289.0,1713.1
1661.0,1652.8
1927.0,1933.8
1439.0,1692.5
1829.0,1724.5
2163.0,1743.3
1974.0,1879.5
1991.0,1722.5
1791.0,1714.6
1840.0,1706.6
1235.0,1684.5
1630.0,1561.5
1556.0,1641.0
1746.0,1697.7
1741.0,1612.7
1607.0,1664.9
1432.0,1622.4
1688.0,1738.6
1321.0,1589.8
1829.0,1744.3
1647.0,1794.1
2152.0,1673.5
1304.0,1665.3
1322.0,1582.0
1461.0,1710.8
2061.0,1583.4
1648.0,1691.6
1385.0,1583.3
1191.0,1702.0
1904.0,1660.8
1828.0,1710.4
1946.0,1647.6
1308.0,1254.9
1406.0,1668.4
1694.0,1672.6
1653.0,1680.1
1320.0,1622.4
1183.0,1459.0
1354.0,1721.4
1253.0,1254.6
1350.0,1567.6
1283.0,1642.4
1970.0,1840.0
1668.0,1636.7
1728.0,1687.4
1678.0,1664.9
1713.0,1717.4
1821.0,1618.4
2145.0,1591.9
1896.0,1603.4
1595.0,1673.1
1743.0,1743.0
1870.0,1623.7
1396.0,1560.3
1641.0,1762.1
1548.0,1759.3
1722.0,1647.5
1512.0,1623.6
1751.0,1705.8
1233.0,1567.2
2185.0,1704.5
1618.0,1630.1
1586.0,1730.8
1670.0,1682.3
1543.0,1575.1
1178.0,1630.7
2066.0,1605.6
1585.0,1680.1
2017.0,1646.0
1723.0,1647.5
2070.0,1832.5
1292.0,1713.2
1802.0,1843.6
1466.0,1528.3
1465.0,1677.5
1956.0,1748.7
1833.0,1659.2
2233.0,1637.3
1713.0,1679.6
1644.0,1718.6
1797.0,1688.4
1834.0,1783.3
1711.0,1644.6
1922.0,1605.8
1579.0,1650.4
1651.0,1630.9
1824.0,1666.2
1955.0,1734.1
1330.0,1616.3
1012.0,1618.1
1747.0,1657.5
1676.0,1798.7
1366.0,1573.1
1182.0,1602.4
1923.0,1739.5
1975.0,1687.8
1599.0,1682.8
1372.0,1711.0
1488.0,1336.0
1687.0,1681.9
1826.0,1735.7
1708.0,1519.4
1478.0,1641.6
2127.0,1753.0
2028.0,1636.6
1724.0,1652.7
1610.0,1705.4
2377.0,1606.1
1429.0,1615.1
1406.0,1581.4
2072.0,1737.3
1693.0,1702.0
1810.0,1635.6
1663.0,1663.3
1868.0,1657.3
1749.0,1655.0
1938.0,1679.5
1158.0,1215.3
1977.0,1889.3
1870.0,1655.2
1280.0,1514.5
1673.0,1686.6
1670.0,1818.9
1192.0,1587.2
1474.0,1673.0
1918.0,1874.4
1808.0,1881.7
1609.0,1742.6
1501.0,1661.4
1953.0,1762.1
2328.0,1764.6
1799.0,1627.0
1607.0,1613.4
1583.0,1693.3
1897.0,1685.7
1551.0,1662.9
1996.0,1688.3
1799.0,1748.4
1428.0,1676.7
1837.0,1600.5
1268.0,1732.1
1743.0,1630.1
1416.0,1587.7
1857.0,1651.7
1437.0,1703.7
1237.0,1569.4
1613.0,1695.4
1546.0,1681.1
1658.0,1749.6
1578.0,1739.9
1161.0,1626.2
1360.0,1658.1
1347.0,1644.3
1765.0,1839.7
1557.0,1621.9
1816.0,1631.9
1983.0,1652.4
1692.0,1700.7
1834.0,1697.4
1384.0,1680.9
1623.0,1709.9
1535.0,1717.0
1199.0,1634.1
1911.0,1601.7
1747.0,1642.3
1273.0,1640.9
1647.0,1772.3
1685.0,1653.0
1641.0,1689.7
1623.0,1705.6
1527.0,1758.7
1981.0,1679.1
1614.0,1672.7
1441.0,1687.4
1522.0,1734.8
1883.0,1719.8
1374.0,1645.0
1468.0,1651.2
2062.0,1680.1
1331.0,1641.2
2105.0,1712.9
1730.0,1817.8
1664.0,1610.5
1465.0,1684.6
1305.0,1272.4
1817.0,1627.2
1745.0,1647.4
1398.0,1638.2
1427.0,1546.0
1681.0,1557.5
1275.0,1606.0
2064.0,1665.2
1805.0,1669.7
1800.0,1747.0
2005.0,1489.8
1281.0,1286.8
1413.0,1682.8
1866.0,1726.7
1544.0,1594.4
2019.0,1733.6
1846.0,1563.1
1683.0,1640.3
1817.0,1640.1
1979.0,1692.2
1639.0,1611.2
1765.0,1574.8
1679.0,1531.6
1798.0,1779.7
1733.0,1560.2
1711.0,1531.7
1701.0,1628.2
1717.0,1643.8
1998.0,1800.2
1679.0,1650.0
1956.0,1741.6
2003.0,1690.9
1189.0,1585.2
1447.0,1638.7
1921.0,1602.9
1600.0,1834.0
1489.0,1679.9
1624.0,1640.3
1365.0,1247.4
2004.0,1683.3
1543.0,1545.9
1558.0,1835.8
1814.0,1592.2
1058.0,1688.7
1829.0,1640.8
1758.0,1618.8
1232.0,1474.6
1770.0,1686.3
2027.0,1740.0
1619.0,1592.1
1873.0,1616.6
1941.0,1847.6
2003.0,1732.2
1344.0,1573.8
1696.0,1688.3
1996.0,1671.0
1699.0,1774.2
1661.0,1632.2
1618.0,1650.2
1718.0,1633.5
1583.0,1613.0
2039.0,1788.4
1441.0,1724.8
1654.0,1660.3
2225.0,1754.6
1345.0,1708.5
2060.0,1611.8
1757.0,1689.1
2093.0,1635.6
1617.0,1685.9
1885.0,1686.9
1933.0,1683.2
1789.0,1624.2
1743.0,1608.4
1323.0,1684.3
1702.0,1629.3
1298.0,1655.2
1770.0,1811.0
1564.0,1675.7
1428.0,1680.7
1819.0,1644.1
1815.0,1764.6
1987.0,1608.6
1919.0,1623.1
1321.0,1546.4
1785.0,1531.9
1720.0,1539.6
1100.0,1609.1
1725.0,1695.7
1571.0,1711.1
1741.0,1808.3
1934.0,1664.3
1115.0,1642.3
1483.0,1735.8
1627.0,1667.7
1973.0,1666.0
2150.0,1686.8
1362.0,1686.2
1183.0,1251.4
1542.0,1588.0
1314.0,1652.3
1946.0,1567.8
1402.0,1631.5
1741.0,1611.2
1844.0,1698.0
1186.0,1695.1
1594.0,1687.5
2009.0,1652.4
1997.0,1684.1
2024.0,1655.8
1537.0,1642.4
1976.0,1662.4
1778.0,1636.0
1400.0,1631.4
1885.0,1743.7
1682.0,1636.3
1707.0,1569.7
1698.0,1882.2
1433.0,1617.9
1401.0,1544.4
1555.0,1691.7
1705.0,1663.3
1527.0,1707.6
1643.0,1666.8
1798.0,1848.0
1598.0,1791.3
1197.0,1266.9
1185.0,1466.8
2113.0,1798.4
1600.0,1623.4
1697.0,1573.3
1622.0,1666.0
1235.0,1586.9
2196.0,1595.1
1893.0,1690.9
1339.0,1676.3
1797.0,1761.4
1991.0,1715.2
1709.0,1696.4
1493.0,1790.7
1401.0,1664.0
1496.0,1520.7
1508.0,1640.6
1643.0,1638.6
1499.0,1666.4
1962.0,1691.7
2089.0,1764.8
1829.0,1607.8
1498.0,1726.7
1502.0,1747.5
1929.0,1746.6
1917.0,1740.2
1916.0,1684.2
1570.0,1489.0
1530.0,1748.8
1540.0,1453.4
1669.0,1579.8
1880.0,1626.1
1794.0,1615.8
1914.0,1698.9
1752.0,1623.7
1460.0,1626.0
1770.0,1692.3
1621.0,1666.2
1378.0,1641.5
1849.0,1593.6
1698.0,1650.3
1387.0,1668.6
1409.0,1701.6
1683.0,1544.4
1172.0,1744.7
1834.0,1629.7
1610.0,1648.3
1644.0,1620.9
1664.0,1566.0
1804.0,1638.5
1724.0,1554.7
1667.0,1655.4
2230.0,1791.6
1245.0,1570.7
1248.0,1678.0
1915.0,1849.3
1710.0,1640.5
1802.0,1719.1
1454.0,1644.9
1806.0,1597.2
1105.0,1610.6
1383.0,1268.0
1873.0,1624.7
1762.0,1593.7
1985.0,1538.8
1951.0,1650.4
1833.0,1514.1
2008.0,1651.8
1905.0,1605.2
1313.0,1542.6
1985.0,1664.0
1737.0,1716.0
1675.0,1692.4
2208.0,1875.4
1179.0,1533.3
1557.0,1628.3
1569.0,1629.1
1746.0,1665.2
2035.0,1720.1
1676.0,1632.8
1226.0,1442.1
1593.0,1701.0
1501.0,1301.5
1927.0,1713.1
1960.0,1738.5
1557.0,1669.6
1319.0,1708.5
1688.0,1686.1
1792.0,1613.6
1811.0,1691.3
1750.0,1710.8
2112.0,1628.3
1948.0,1618.6
1685.0,1737.7
1348.0,1517.4
1662.0,1627.2
1797.0,1661.7
1700.0,1682.7
896.0,1609.4
1648.0,1768.7
1818.0,1626.3
1343.0,1648.4
1928.0,1690.7
1975.0,1697.0
1676.0,1648.3
1227.0,1645.3
1236.0,1727.9
1668.0,1667.3
1754.0,1601.0
1169.0,1245.0
1728.0,1775.5
1614.0,1717.8
2056.0,1682.5
1550.0,1618.6
1509.0,1639.0
1419.0,1560.0
1401.0,1619.8
1696.0,1741.2
1892.0,1882.6
1725.0,1717.9
1320.0,1225.3
1763.0,1722.4
1733.0,1647.3
1911.0,1675.5
1825.0,1764.7
1539.0,1563.1
1374.0,1677.6
1811.0,1705.8
1501.0,1660.3
2210.0,1753.6
1515.0,1543.3
2040.0,1674.6
1656.0,1696.4
1673.0,1644.1
1654.0,1587.6
1406.0,1708.6
1839.0,1754.8
1465.0,1571.6
1419.0,1677.1
1173.0,1521.2
1082.0,1576.0
1610.0,1411.6
1664.0,1620.0
1655.0,1704.8
1838.0,1745.0
1688.0,1593.4
1511.0,1691.2
1381.0,1701.2
1770.0,1675.9
1611.0,1840.3
1597.0,1674.4
1691.0,1616.9
1870.0,1650.6
1944.0,1812.5
1980.0,1839.6
2031.0,1794.3
2004.0,1749.2
1720.0,1631.9
1563.0,1579.8
1870.0,1537.1
1469.0,1755.9
1670.0,1500.4
1866.0,1550.5
2074.0,1622.4
1555.0,1642.2
1391.0,1598.3
1277.0,1618.0
1373.0,1640.7
2326.0,1653.8
1765.0,1626.1
1119.0,1683.7
1689.0,1684.9
1736.0,1659.6
1840.0,1673.5
1828.0,1748.3
1501.0,1666.3
1199.0,1665.1
1824.0,1674.6
1242.0,1633.3
1288.0,1573.6
1491.0,1570.5
1925.0,1632.8
1681.0,1853.0
2012.0,1692.8
1304.0,1601.9
1709.0,1673.2
1442.0,1640.1
1737.0,1721.3
1715.0,1702.8
1551.0,1741.7
1274.0,1534.3
1605.0,1655.7
1041.0,1622.5
1813.0,1541.8
1701.0,1700.9
1499.0,1630.6
1913.0,1714.5
2000.0,1672.6
1932.0,1735.4
1972.0,1677.2
2146.0,1720.7
1233.0,1596.2
1440.0,1750.2
1228.0,1583.9
1848.0,1753.4
1577.0,1683.8
1682.0,1594.8
1444.0,1652.7
1238.0,1631.9
1757.0,1581.2
1549.0,1625.1
1856.0,1755.1
1627.0,1733.0
1837.0,1841.9
1552.0,1586.9
1639.0,1731.7
1257.0,1702.5
1877.0,1693.6
1739.0,1518.5
1902.0,1699.8
1964.0,1700.0
1536.0,1619.3
1950.0,1716.9
1135.0,1527.6
1684.0,1656.2
1865.0,1688.0
1559.0,1643.2
1880.0,1667.9
1575.0,1534.4
1782.0,1735.1
1772.0,1660.4
1401.0,1668.6
1993.0,1660.5
1829.0,1567.5
1670.0,1772.7
1580.0,1682.4
2165.0,1699.9
1482.0,1730.5
1503.0,1599.2
1854.0,1716.3
1548.0,1562.7
1419.0,1647.0
1681.0,1645.6
1771.0,1525.8
1662.0,1717.9
1010.0,1510.3
1283.0,1649.1
1405.0,1660.1
1444.0,1696.8
1848.0,1569.8
1842.0,1669.0
1960.0,1649.9
1720.0,1733.0
1530.0,1599.0
1479.0,1692.5
1831.0,1642.0
1963.0,1773.3
1860.0,1756.8
1920.0,1656.3
2144.0,1649.6
1929.0,1610.9
1485.0,1622.4
1863.0,1539.3
1695.0,1594.4
1436.0,1671.3
1347.0,1615.3
1810.0,1588.5
2049.0,1776.3
1186.0,1709.4
1265.0,1628.7
1762.0,1743.6
1473.0,1633.9
2312.0,1741.5
2085.0,1873.3
1371.0,1571.5
1759.0,1692.9
2094.0,1823.8
1282.0,1530.4
1858.0,1850.0
1059.0,1653.0
1237.0,1678.3
1735.0,1670.9
1850.0,1682.4
1964.0,1689.7
1414.0,1679.2
1602.0,1628.9
1672.0,1608.7
1479.0,1636.4
2023.0,1681.9
1481.0,1665.7
1771.0,1553.0
1426.0,1664.8
1462.0,1700.6
1527.0,1645.8
1219.0,1625.6
1533.0,1634.5
1873.0,1672.9
1877.0,1861.5
1538.0,1627.5
1992.0,1632.4
1930.0,1838.4
1241.0,1568.7
1184.0,1260.0
1222.0,1652.7
1767.0,1679.0
1627.0,1750.8
1687.0,1560.5
1929.0,1681.4
1606.0,1767.3
1702.0,1664.4
2031.0,1653.1
1824.0,1720.0
1504.0,1650.6
1336.0,1691.4
1780.0,1754.0
2128.0,1689.8
1595.0,1819.9
1720.0,1792.0
1638.0,1625.7
1122.0,1663.4
2094.0,1626.8
1900.0,1782.6
1751.0,1776.0
2101.0,1714.5
1906.0,1703.4
1743.0,1594.1
1843.0,1710.7
1448.0,1676.5
1398.0,1597.5
1203.0,1693.7
1641.0,1703.2
2221.0,1593.7
1782.0,1622.7
1738.0,1665.4
1687.0,1703.2
1743.0,1637.1
1701.0,1669.1
1381.0,1563.6
1379.0,1365.7
1376.0,1603.1
1322.0,1613.8
1529.0,1684.4
1441.0,1586.0
1779.0,1755.3
1155.0,1585.5
1772.0,1711.5
1283.0,1670.2
1912.0,1759.9
1505.0,1698.5
1356.0,1552.4
1703.0,1621.1
1645.0,1691.5
1599.0,1791.9
2114.0,1712.8
1670.0,1687.6
1322.0,1648.9
1981.0,1668.9
1967.0,1724.2
1497.0,1582.6
1442.0,1660.7
1523.0,1699.7
1354.0,1532.4
1841.0,1688.7
1517.0,1685.5
1701.0,1730.0
1756.0,1661.5
1666.0,1644.8
1852.0,1573.2
1829.0,1673.6
1549.0,1654.2
1570.0,1734.7
1344.0,1658.9
1564.0,1633.4
1630.0,1644.4
1663.0,1499.8
1606.0,1649.2
1811.0,1632.4
1898.0,1577.0
1584.0,1709.8
1676.0,1690.9
1759.0,1749.0
1778.0,1546.7
1370.0,1585.2
1326.0,1533.2
1548.0,1589.5
1826.0,1600.2
1940.0,1868.8
1754.0,1741.4
1675.0,1629.1
1185.0,1708.6
1684.0,1742.9
1771.0,1619.2
1897.0,1635.3
1842.0,1652.9
1423.0,1579.3
1663.0,1556.7
1712.0,1813.8
1768.0,1622.0
1958.0,1623.9
1825.0,1832.8
1110.0,1596.6
1636.0,1597.0
1646.0,1710.7
1907.0,1680.9
1593.0,1566.6
1427.0,1623.7
1719.0,1569.0
1669.0,1660.7
1711.0,1693.2
1582.0,1604.4
1445.0,1590.4
1632.0,1712.7
1632.0,1612.9
1762.0,1701.6
1417.0,1758.7
1670.0,1631.2
2050.0,1702.6
1648.0,1617.6
2020.0,1881.4
1812.0,1600.2
1878.0,1556.9
1218.0,1509.3
2037.0,1667.7
1287.0,1636.7
1640.0,1710.5
1472.0,1663.6
1062.0,1624.4
1375.0,1668.8
1175.0,1452.7
1559.0,1620.9
1610.0,1829.7
1496.0,1609.6
1332.0,1657.1
1741.0,1608.0
1593.0,1700.6
1551.0,1689.8
1697.0,1626.4
1793.0,1650.8
1207.0,1618.1
1683.0,1631.9
1778.0,1647.7
1637.0,1782.8
1675.0,1673.4
1628.0,1804.2
1236.0,1666.3
1409.0,1681.2
1765.0,1577.0
1707.0,1692.4
1642.0,1519.3
1699.0,1676.4
1538.0,1544.6
1352.0,1651.1
1799.0,1606.6
1332.0,1598.6
1252.0,1667.4
1343.0,1667.8
1924.0,1716.6
1311.0,1691.8
1486.0,1681.7
1981.0,1609.1
1724.0,1651.3
1933.0,1628.0
1957.0,1672.2
1911.0,1743.3
1746.0,1723.5
1533.0,1641.6
1624.0,1645.8
1545.0,1640.6
1773.0,1709.7
1738.0,1559.6
1603.0,1651.1
1578.0,1629.9
1535.0,1664.9
1585.0,1625.3
1431.0,1620.4
1916.0,1839.7
1639.0,1814.4
1555.0,1648.8
1758.0,1604.6
2099.0,1796.8
1912.0,1662.6
1803.0,1699.8
1787.0,1551.1
1261.0,1782.3
1324.0,1777.8
1753.0,1640.1
1825.0,1769.6
1601.0,1729.9
1427.0,1690.1
1527.0,1566.1
2042.0,1612.6
1607.0,1689.6
1761.0,1722.6
1655.0,1684.1
1480.0,1570.9
2130.0,1642.3
1460.0,1348.9
1788.0,1865.8
1319.0,1635.3
1914.0,1696.1
1773.0,1743.7
2349.0,1727.6
1947.0,1674.1
1673.0,1863.6
1490.0,1657.4
1785.0,1712.8
1983.0,1652.9
1543.0,1584.9
1489.0,1642.3
1806.0,1632.2
1190.0,1625.3
2244.0,1783.2
1759.0,1659.2
1398.0,1615.9
1346.0,1694.1
1952.0,1695.3
1514.0,1583.9
1936.0,1733.4
1533.0,1577.7
1631.0,1632.3
1569.0,1660.3
2269.0,1583.8
1160.0,1694.0
1893.0,1659.4
1767.0,1638.3
2026.0,1733.6
1302.0,1620.5
1983.0,1740.7
1827.0,1886.7
1632.0,1611.0
1774.0,1609.1
1673.0,1600.5
1943.0,1605.1
1684.0,1577.2
1992.0,1766.5
1558.0,1687.9
1998.0,1721.2
1653.0,1610.0
1980.0,1722.8
1459.0,1582.6
1830.0,1594.1
1498.0,1540.8
1590.0,1587.4
1392.0,1650.2
1472.0,1673.4
1397.0,1659.8
1453.0,1604.2
1668.0,1652.8
1723.0,1654.2
1507.0,1593.1
1301.0,1633.6
1521.0,1763.2
1519.0,1858.9
2051.0,1634.6
1824.0,1668.9
1928.0,1631.5
1459.0,1709.2
1853.0,1667.5
1685.0,1653.8
1157.0,1717.9
1262.0,1698.9
1592.0,1605.7
2246.0,1770.6
1834.0,1625.3
1929.0,1668.7
1828.0,1663.1
1143.0,1688.1
1313.0,1231.6
2337.0,1724.9
1669.0,1727.3
1250.0,1719.5
1527.0,1653.6
1763.0,1656.7
1256.0,1618.3
1720.0,1789.2
1578.0,1609.8
1752.0,1752.8
1708.0,1578.1
1971.0,1574.8
1866.0,1668.0
1269.0,1640.0
1988.0,1636.8
2085.0,1753.0
1923.0,1640.3
1475.0,1565.0
1763.0,1575.0
1362.0,1261.9
1848.0,1682.1
1823.0,1665.2
1171.0,1552.3
1865.0,1658.6
1669.0,1599.2
2003.0,1668.6
1482.0,1639.4
1599.0,1698.0
2097.0,1594.2
1557.0,1680.8
1534.0,1658.3
1660.0,1725.0
1464.0,1803.6
1336.0,1390.6
1151.0,1624.0
2158.0,1685.8
1574.0,1536.5
1364.0,1706.1
1991.0,1811.0
1612.0,1709.0
1872.0,1533.6
2009.0,1700.1
1888.0,1611.6
2344.0,1669.3
1302.0,1550.1
1320.0,1549.2
1552.0,1633.0
1717.0,1606.3
1611.0,1802.2
1501.0,1594.5
1578.0,1676.9
1312.0,1740.6
1285.0,1790.5
1820.0,1679.7
1985.0,1656.8
1968.0,1843.2
1712.0,1684.9
1427.0,1634.0
1745.0,1831.8
1461.0,1490.5
1978.0,1715.8
1562.0,1752.1
1833.0,1662.3
1937.0,1788.2
1518.0,1638.7
1670.0,1557.9
1932.0,1735.0
1810.0,1560.6
1270.0,1591.7
1820.0,1874.9
1772.0,1662.1
1293.0,1547.2
1675.0,1617.7
1842.0,1745.4
1612.0,1607.0
1541.0,1620.1
1840.0,1629.0
1584.0,1688.8
1799.0,1670.8
2212.0,1713.0
1358.0,1721.0
1518.0,1788.3
1957.0,1560.7
1304.0,1548.7
1659.0,1711.6
1747.0,1643.6
1849.0,1619.2
2372.0,1651.8
1063.0,1652.7
1701.0,1635.5
1791.0,1588.3
1979.0,1831.4
1885.0,1634.9
1294.0,1480.8
1341.0,1665.4
1968.0,1606.9
1388.0,1670.5
1458.0,1604.9
1694.0,1678.1
1713.0,1650.7
2088.0,1582.8
1702.0,1568.1
1810.0,1648.7
1372.0,1515.5
1294.0,1690.3
1710.0,1573.2
1459.0,1563.1
1193.0,1575.1
1751.0,1654.5
1593.0,1683.2
1724.0,1680.9
1795.0,1744.0
1565.0,1702.5
1297.0,1691.4
1863.0,1684.0
1667.0,1712.4
2037.0,1647.3
1206.0,1639.3
1302.0,1595.0
1323.0,1647.3
1439.0,1516.9
1723.0,1728.0
1446.0,1679.5
1180.0,1611.5
1520.0,1635.3
1890.0,1692.7
1840.0,1661.2
1651.0,1625.8
1537.0,1612.7
1622.0,1596.7
1651.0,1553.4
1295.0,1580.7
1886.0,1747.1
1555.0,1682.9
1235.0,1328.9
1167.0,1565.2
1806.0,1791.8
1812.0,1652.5
1537.0,1660.6
1834.0,1584.6
1462.0,1777.8
1720.0,1610.6
2062.0,1761.1
1613.0,1642.6
1752.0,1643.0
2087.0,1648.2
2030.0,1779.4
1673.0,1702.9
1732.0,1904.9
1333.0,1661.4
1578.0,1596.6
1688.0,1638.0
1631.0,1636.9
1525.0,1646.3
1913.0,1653.5
1753.0,1871.5
2097.0,1640.5
1616.0,1643.9
1575.0,1643.9
1591.0,1605.8
1418.0,1722.9
1366.0,1661.1
1786.0,1737.7
2027.0,1615.2
1637.0,1616.5
1920.0,1686.6
1567.0,1738.3
1631.0,1653.5
1794.0,1557.4
1543.0,1676.2
1693.0,1693.7
1166.0,1504.2
1650.0,1687.0
1422.0,1596.5
1833.0,1651.2
1956.0,1495.0
1485.0,1587.4
1465.0,1672.7
1855.0,1577.2
1736.0,1808.9
1559.0,1680.8
1290.0,1723.3
1666.0,1640.8
1912.0,1732.1
1397.0,1718.3
2192.0,1662.9
1574.0,1622.3
1402.0,1733.5
1603.0,1810.0
1699.0,1773.7
2067.0,1659.1
1997.0,1684.7
1629.0,1706.0
1652.0,1609.2
1667.0,1728.1
1540.0,1641.2
1637.0,1628.6
1753.0,1693.4
1759.0,1689.2
1564.0,1664.4
1919.0,1692.4
1807.0,1633.7
1777.0,1711.0
1762.0,1772.1
1688.0,1665.1
1662.0,1748.5
1535.0,1599.8
1635.0,1706.6
1773.0,1675.0
1792.0,1699.5
975.0,1567.6
1578.0,1660.6
1514.0,1596.7
1861.0,1673.9
1929.0,1572.4
1606.0,1623.3
1306.0,1643.0
1771.0,1746.8
1844.0,1795.0
1618.0,1693.7
1695.0,1770.8
1242.0,1630.9
1363.0,1467.0
1887.0,1691.5
1787.0,1652.0
1733.0,1693.0
1736.0,1598.6
1672.0,1667.2
1802.0,1572.9
1732.0,1589.1
1280.0,1666.3
1553.0,1651.4
2099.0,1743.3
1687.0,1671.7
1599.0,1713.4
2075.0,1743.9
1506.0,1716.2
1614.0,1529.4
1873.0,1702.3
1229.0,1579.8
1824.0,1725.8
1598.0,1674.1
1499.0,1665.9
1977.0,1636.8
1623.0,1684.3
1816.0,1646.0
1876.0,1667.2
1646.0,1619.2
1877.0,1591.6
1910.0,1819.5
1828.0,1595.8
1731.0,1665.4
1244.0,1629.1
1503.0,1509.5
1307.0,1639.7
1258.0,1656.7
1226.0,1644.5
1971.0,1719.5
2104.0,1671.7
1586.0,1630.2
1633.0,1747.5
1823.0,1606.3
1633.0,1647.9
1615.0,1724.5
1905.0,1646.6
1867.0,1821.8
1266.0,1669.7
1325.0,1772.2
1995.0,1611.9
1596.0,1820.6
2096.0,1782.8
1991.0,1679.2
1328.0,1754.9
1185.0,1570.1
1546.0,1586.4
1624.0,1675.5
2378.0,1813.0
1691.0,1447.1
1992.0,1559.2
1970.0,1714.1
1601.0,1673.8
1577.0,1607.8
1946.0,1624.9
1783.0,1833.2
1652.0,1484.0
1488.0,1646.1
1866.0,1700.1
1194.0,1662.1
1988.0,1687.1
1917.0,1773.7
1654.0,1576.2
1608.0,1759.5
2379.0,1758.7
1716.0,1642.0
1907.0,1689.4
1611.0,1663.2
1196.0,1659.5
1741.0,1653.8
1319.0,1667.1
1542.0,1621.1
1511.0,1707.6
1274.0,1715.3
1713.0,1662.8
1658.0,1615.6
1105.0,1559.3
1795.0,1637.1
1616.0,1612.3
1643.0,1625.5
1717.0,1715.4
1611.0,1620.1
1604.0,1652.8
1984.0,1862.8
1729.0,1638.4
1895.0,1669.1
1552.0,1720.8
1733.0,1681.1
1485.0,1579.1
2012.0,1829.0
1918.0,1713.0
1331.0,1606.4
2098.0,1628.8
1391.0,1763.0
1949.0,1504.1
2128.0,1895.2
1331.0,1403.5
1326.0,1644.1
2070.0,1547.1
1395.0,1531.4
1841.0,1661.3
1230.0,1686.7
1602.0,1655.9
1666.0,1692.9
1869.0,1694.9
1678.0,1604.3
2459.0,1845.1
1066.0,1612.4
1531.0,1560.6
1539.0,1721.0
1529.0,1619.6
1373.0,1690.5
1858.0,1628.5
2005.0,1551.4
1660.0,1639.8
1716.0,1781.9
1887.0,1676.8
1697.0,1637.5
1776.0,1683.4
1345.0,1629.0
1719.0,1645.0
1581.0,1683.4
1508.0,1598.1
1839.0,1629.3
1484.0,1692.9
1545.0,1519.0
1919.0,1699.5
1261.0,1633.4
2106.0,1666.6
1498.0,1640.7
1796.0,1745.5
1492.0,1677.0
1608.0,1686.2
1946.0,1720.4
1320.0,1625.6
1727.0,1576.7
1913.0,1559.8
1253.0,1691.6
1981.0,1816.9
1854.0,1734.0
1842.0,1720.7
1607.0,1671.2
1635.0,1701.0
1901.0,1672.1
1795.0,1646.3
1909.0,1675.0
1339.0,1631.2
1876.0,1604.8
1853.0,1416.9
1570.0,1766.2
1674.0,1722.1
1658.0,1667.9
1996.0,1556.8
1326.0,1690.9
1867.0,1769.3
1816.0,1632.4
1586.0,1768.6
1856.0,1741.0
2244.0,1749.5
1129.0,1613.1
1698.0,1614.1
1551.0,1637.1
1927.0,1724.3
1660.0,1616.8
1395.0,1684.1
1684.0,1895.7
1768.0,1563.2
1344.0,1695.2
1484.0,1704.8
1692.0,1668.7
1833.0,1701.1
1740.0,1660.1
1375.0,1727.3
1360.0,1639.9
1723.0,1710.5
1791.0,1679.1
1977.0,1663.5
1219.0,1544.5
1686.0,1809.7
1962.0,1737.8
1874.0,1853.0
1310.0,1570.4
1577.0,1637.5
1779.0,1717.4
1715.0,1730.6
1849.0,1754.4
1373.0,1617.7
1753.0,1612.4
1967.0,1632.9
1360.0,1574.5
1787.0,1733.1
1293.0,1644.3
1877.0,1615.9
1532.0,1594.0
1583.0,1592.8
1879.0,1711.0
1635.0,1702.3
1541.0,1650.8
1381.0,1612.4
2019.0,1711.5
1641.0,1563.9
1644.0,1672.8
1573.0,1712.8
1575.0,1500.4
1624.0,1544.2
1495.0,1640.5
1293.0,1623.1
1873.0,1696.3
1202.0,1632.7
1579.0,1649.6
2014.0,1697.4
1177.0,1599.9
1727.0,1655.5
2072.0,1775.1
1871.0,1691.0
1239.0,1707.7
1927.0,1773.9
1867.0,1709.7
1341.0,1220.6
1504.0,1682.9
1780.0,1527.7
2216.0,1646.4
1860.0,1658.4
1339.0,1576.1
2188.0,1611.0
1730.0,1673.5
1672.0,1612.8
1931.0,1620.5
1533.0,1649.4
1348.0,1561.8
1471.0,1642.7
1408.0,1720.8
1617.0,1691.2
1733.0,1599.9
2055.0,1579.8
1349.0,1660.0
1891.0,1574.8
1430.0,1580.5
1672.0,1602.9
1101.0,1679.1
1482.0,1546.4
1776.0,1743.3
2115.0,1724.7
1693.0,1764.4
1899.0,1688.0
1618.0,1666.2
2007.0,1668.1
1807.0,1707.6
1698.0,1761.1
1857.0,1710.2
1760.0,1608.4
1076.0,1482.4
2155.0,1637.1
1797.0,1535.6
1629.0,1685.7
1751.0,1716.4
1605.0,1670.9
1710.0,1685.3
2079.0,1693.5
1608.0,1668.3
1631.0,1818.9
1917.0,1711.5
1832.0,1638.5
1784.0,1756.6
1276.0,1573.4
2091.0,1617.3
1612.0,1592.7
1681.0,1556.5
1862.0,1633.9
1642.0,1552.2
1666.0,1624.8
1622.0,1663.5
1936.0,1653.1
1509.0,1659.0
1594.0,1823.0
1943.0,1706.3
1618.0,1605.0
1319.0,1622.9
1686.0,1646.2
1679.0,1768.5
1588.0,1687.2
1640.0,1579.3
1560.0,1664.6
2196.0,1724.3
1764.0,1574.8
1626.0,1706.1
1665.0,1709.6
1605.0,1622.9
1208.0,1727.2
1449.0,1505.5
1827.0,1683.6
1490.0,1559.0
1436.0,1638.8
1901.0,1614.7
1399.0,1673.0
1863.0,1632.7
1870.0,1639.8
1580.0,1667.6
1861.0,1637.5
1432.0,1609.0
1756.0,1722.7
1156.0,1295.1
1537.0,1683.2
1628.0,1560.9
1602.0,1679.0
1869.0,1624.0
1975.0,1596.7
1688.0,1676.2
1733.0,1800.4
1692.0,1749.2
1647.0,1616.6
1631.0,1710.6
1795.0,1714.0
1951.0,1604.5
1516.0,1593.5
1949.0,1658.3
1455.0,1681.2
1184.0,1651.5
1611.0,1676.6
1820.0,1682.1
1559.0,1739.8
1627.0,1565.4
1786.0,1852.9
1756.0,1612.9
1283.0,1657.0
1651.0,1700.6
1591.0,1550.9
1907.0,1784.6
1385.0,1525.8
1862.0,1686.6
1399.0,1735.8
1636.0,1784.0
1850.0,1726.7
1662.0,1721.0
1746.0,1677.3
1697.0,1606.6
1567.0,1751.4
1387.0,1633.2
1722.0,1610.1
1001.0,1723.5
1607.0,1740.5
1952.0,1867.4
1194.0,1670.3
1807.0,1672.8
1988.0,1808.5
1834.0,1753.8
1808.0,1631.6
2120.0,1888.9
1235.0,1761.8
1807.0,1615.1
1590.0,1631.6
1762.0,1586.7
1486.0,1692.1
1418.0,1733.8
1843.0,1678.6
2158.0,1617.7
1650.0,1646.7
1772.0,1752.0
1663.0,1531.1
1379.0,1760.1
1360.0,1586.6
1876.0,1630.9
1610.0,1688.0
2184.0,1766.4
2180.0,1667.9
1996.0,1624.1
2070.0,1830.9
2245.0,1650.3
1517.0,1612.7
1391.0,1644.1
1866.0,1628.7
1201.0,1585.9
1150.0,1611.8
1521.0,1596.3
1994.0,1774.6
1821.0,1698.3
1860.0,1718.0
1527.0,1800.9
1765.0,1686.5
1472.0,1717.3
1299.0,1609.6
1562.0,1627.1
1867.0,1640.0
2175.0,1735.7
1700.0,1553.7
2027.0,1567.1
1502.0,1699.8
1311.0,1515.9
1843.0,1735.3
1590.0,1631.0
1821.0,1754.0
1528.0,1743.7
1405.0,1557.5
2221.0,1644.5
1993.0,1697.9
1620.0,1669.3
1429.0,1718.8
1567.0,1574.1
1558.0,1721.7
1313.0,1644.5
1263.0,1550.7
1737.0,1718.3
1201.0,1566.6
1408.0,1691.4
1586.0,1629.2
1795.0,1680.1
2110.0,1795.3
2041.0,1771.4
1740.0,1705.3
1443.0,1644.2
1773.0,1671.3
1527.0,1700.8
1405.0,1630.4
1340.0,1754.1
1955.0,1719.7
1782.0,1636.2
1783.0,1671.3
1767.0,1823.1
1429.0,1631.4
1529.0,1592.0
1589.0,1724.4
2156.0,1717.0
1768.0,1633.7
1939.0,1619.2
2084.0,1688.0
1589.0,1708.5
1552.0,1701.3
1677.0,1615.2
1637.0,1609.1
1936.0,1754.5
1984.0,1647.4
1853.0,1778.5
1558.0,1657.3
1560.0,1553.0
2097.0,1834.6
2069.0,1906.1
1834.0,1803.3
1758.0,1662.4
1750.0,1716.7
1634.0,1711.3
2146.0,1661.9
1539.0,1624.8
1782.0,1718.6
1461.0,1663.6
2147.0,1788.2
1561.0,1609.3
1718.0,1565.7
1872.0,1655.8
1716.0,1497.4
1379.0,1624.0
1501.0,1632.9
1681.0,1574.5
1962.0,1611.7
1133.0,1694.4
2105.0,1630.3
1771.0,1688.5
1961.0,1750.1
1465.0,1584.1
1281.0,1602.4
1454.0,1683.7
1584.0,1694.9
1627.0,1662.8
2108.0,1726.4
1406.0,1648.5
1840.0,1717.7
1808.0,1644.0
1546.0,1599.2
1683.0,1693.7
1813.0,1642.3
2014.0,1624.6
1740.0,1594.1
1707.0,1608.2
1298.0,1617.1
1582.0,1822.1
1989.0,1598.6
1438.0,1655.8
1563.0,1582.2
2488.0,1706.3
1629.0,1594.1
1373.0,1631.1
1529.0,1732.5
1011.0,1599.1
1409.0,1708.5
1968.0,1689.5
1563.0,1691.7
1566.0,1713.4
1941.0,1682.3
1150.0,1598.2
1574.0,1605.9
2166.0,1560.0
2150.0,1664.4
2048.0,1660.0
1966.0,1777.1
1846.0,1695.9
2018.0,1618.1
1585.0,1629.0
1597.0,1860.1
1336.0,1609.5
1503.0,1616.8
2278.0,1607.0
1524.0,1849.5
2065.0,1624.9
1598.0,1654.1
1497.0,1707.5
1828.0,1671.0
1339.0,1571.3
2039.0,1686.8
1647.0,1607.7
1250.0,1597.5
1232.0,1587.8
1907.0,1663.3
1851.0,1576.9
1695.0,1716.3
1711.0,1628.8
1572.0,1744.4
1845.0,1778.2
1399.0,1650.5
1989.0,1873.9
1655.0,1658.1
1594.0,1723.9
1725.0,1621.7
1379.0,1678.2
1914.0,1620.2
1822.0,1731.6
1609.0,1688.7
1844.0,1598.5
1566.0,1723.9
1920.0,1708.6
1386.0,1650.9
2204.0,1752.5
1348.0,1721.9
1682.0,1682.3
1325.0,1708.5
1527.0,1792.7
1818.0,1649.5
1923.0,1675.6
1635.0,1689.4
2136.0,1661.3
1463.0,1570.3
1830.0,1658.4
1773.0,1715.0
1185.0,1565.1
1784.0,1848.7
1275.0,1606.1
1606.0,1645.1
1954.0,1662.7
1949.0,1711.9
1930.0,1682.9
1623.0,1585.4
1891.0,1630.0
1523.0,1713.8
1516.0,1731.6
1612.0,1523.3
1394.0,1641.4
1605.0,1659.3
1864.0,1632.8
1499.0,1597.4
1650.0,1807.7
1592.0,1636.7
1786.0,1810.3
2057.0,1777.2
1829.0,1641.9
1498.0,1547.9
1691.0,1700.5
1999.0,1833.0
1690.0,1447.5
1283.0,1712.5
1578.0,1612.3
1790.0,1734.7
1987.0,1728.7
1876.0,1666.1
1362.0,1599.9
1924.0,1678.1
1754.0,1613.9
1874.0,1664.2
1430.0,1610.5
1567.0,1656.0
1540.0,1662.2
1958.0,1657.1
1312.0,1657.0
1852.0,1731.8
1642.0,1659.8
1890.0,1617.5
1437.0,1644.6
1964.0,1664.8
1871.0,1686.9
1758.0,1628.5
1437.0,1574.3
2161.0,1859.4
1148.0,1595.4
2051.0,1683.5
2029.0,1736.2
1544.0,1595.0
1253.0,1555.1
1789.0,1640.6
1146.0,1595.2
1881.0,1636.3
1285.0,1667.9
1935.0,1644.1
1476.0,1520.4
1931.0,1718.9
1998.0,1698.6
1664.0,1585.5
1831.0,1702.3
1582.0,1742.3
1399.0,1641.1
1389.0,1652.6
1572.0,1641.3
1304.0,1590.4
1832.0,1606.5
1829.0,1683.2
1817.0,1639.7
1231.0,1663.1
1515.0,1657.2
1440.0,1509.3
1816.0,1630.9
1520.0,1805.3
1505.0,1595.6
1463.0,1651.0
1999.0,1664.2
1747.0,1480.7
1965.0,1738.5
1687.0,1751.2
1347.0,1756.1
1931.0,1676.6
1166.0,1578.1
1806.0,1628.8
1953.0,1653.6
1409.0,1533.3
1701.0,1593.4
1661.0,1633.9
1833.0,1692.2
1823.0,1699.1
1497.0,1607.3
1643.0,1518.0
1543.0,1757.1
1833.0,1650.4
1067.0,1707.2
1662.0,1649.3
1550.0,1580.7
1755.0,1605.7
1656.0,1714.1
1627.0,1681.4
1030.0,1678.4
1596.0,1721.6
1585.0,1633.5
1984.0,1552.5
1400.0,1692.9
1946.0,1708.2
1707.0,1653.9
1686.0,1578.6
1471.0,1670.6
1464.0,1676.0
1926.0,1752.3
1687.0,1699.6
1223.0,1614.2
1974.0,1838.3
1768.0,1484.9
2034.0,1771.5
1773.0,1750.6
1894.0,1798.2
1447.0,1630.3
1708.0,1614.6
1879.0,1659.7
1656.0,1692.1
1581.0,1610.7
1744.0,1725.0
1761.0,1678.5
1574.0,1663.0
1584.0,1732.9
1718.0,1658.5
2022.0,1646.0
1120.0,1274.7
1512.0,1729.2
1692.0,1674.6
1924.0,1531.7
1727.0,1902.2
1296.0,1605.9
1921.0,1745.2
1823.0,1790.9
1570.0,1598.0
1780.0,1721.7
1132.0,1612.6
1649.0,1612.2
1663.0,1670.4
1237.0,1509.1
1623.0,1701.9
1697.0,1668.6
1629.0,1698.1
1798.0,1822.6
1759.0,1592.3
1620.0,1665.0
1468.0,1539.6
1941.0,1815.8
1322.0,1886.6
1457.0,1737.9
1893.0,1705.8
2186.0,1662.1
1792.0,1693.5
1851.0,1754.1
2171.0,1843.2
1798.0,1733.7
2044.0,1768.6
1985.0,1770.0
2067.0,1640.7
1647.0,1575.7
2185.0,1677.6
2012.0,1677.6
1648.0,1643.6
1907.0,1590.4
1791.0,1743.2
1721.0,1644.8
1313.0,1645.6
1932.0,1670.5
2107.0,1631.3
1625.0,1575.6
1592.0,1554.3
1939.0,1609.5
1803.0,1506.0
1803.0,1656.6
1550.0,1748.5
1777.0,1658.7
1592.0,1723.4
1502.0,1475.9
1542.0,1716.4
1377.0,1578.9
2011.0,1584.4
1237.0,1618.4
1636.0,1566.1
1593.0,1693.7
1415.0,1649.4
1660.0,1551.8
2118.0,1779.4
1623.0,1634.1
2138.0,1630.0
1355.0,1670.7
1673.0,1700.6
2118.0,1623.7
1554.0,1698.4
1871.0,1614.9
1030.0,1271.3
1680.0,1648.5
2070.0,1684.3
2090.0,1672.4
1820.0,1554.0
1957.0,1592.5
1786.0,1807.2
2097.0,1536.8
1388.0,1556.6
1932.0,1757.3
1655.0,1654.4
1889.0,1542.6
1375.0,1282.2
1376.0,1629.6
1698.0,1668.5
1932.0,1756.7
1447.0,1663.6
1903.0,1741.4
1542.0,1670.7
1875.0,1701.0
1419.0,1530.3
1579.0,1672.0
1698.0,1679.2
1956.0,1646.2
2023.0,1662.0
1085.0,1598.7
1694.0,1703.0
1440.0,1506.2
1676.0,1658.5
1771.0,1716.1
1455.0,1651.7
1521.0,1691.1
1589.0,1294.3
1499.0,1728.8
1691.0,1676.3
1567.0,1652.6
1779.0,1655.1
1641.0,1607.0
1536.0,1678.4
2076.0,1667.2
1694.0,1559.1
1910.0,1669.6
1733.0,1663.3
1512.0,1593.7
1806.0,1624.5
1497.0,1751.4
1121.0,1670.5
1718.0,1736.7
1591.0,1664.4
1853.0,1706.8
1388.0,1578.5
1978.0,1752.7
1444.0,1704.6
1515.0,1688.6
1513.0,1616.6
1620.0,1607.9
1390.0,1693.0
1179.0,1246.2
1702.0,1642.1
1383.0,1511.0
1616.0,1678.7
1734.0,1699.6
1537.0,1717.4
1805.0,1682.8
1637.0,1694.2
2006.0,1588.8
1197.0,1743.0
1320.0,1589.8
1700.0,1676.3
1462.0,1571.2
1290.0,1665.7
1703.0,1534.1
1622.0,1834.7
1718.0,1737.1
1402.0,1629.2
1872.0,1658.3
1676.0,1687.7
1604.0,1666.6
1655.0,1743.4
1824.0,1670.8
1567.0,1678.8
1322.0,1641.9
1976.0,1875.8
1585.0,1797.9
1582.0,1656.4
1780.0,1686.0
1726.0,1622.7
1444.0,1588.7
1720.0,1695.7
1856.0,1710.4
1685.0,1615.8
1779.0,1734.3
1186.0,1695.0
1383.0,1586.7
1343.0,1571.2
1808.0,1681.4
1734.0,1869.0
1542.0,1691.8
1603.0,1716.5
1625.0,1520.4
1626.0,1570.3
1224.0,1515.6
1856.0,1738.0
1655.0,1710.4
1601.0,1804.4
2114.0,1714.8
1826.0,1702.6
1858.0,1764.1
1743.0,1635.3
1804.0,1879.6
1720.0,1693.1
1663.0,1600.2
1656.0,1658.7
1362.0,1272.5
2032.0,1688.5
1584.0,1715.8
1872.0,1612.4
1546.0,1711.7
1935.0,1580.3
2050.0,1550.3
1667.0,1701.6
1624.0,1665.0
1620.0,1738.3
1431.0,1619.2
2065.0,1730.0
1478.0,1779.8
1550.0,1657.4
1586.0,1547.6
1685.0,1689.1
1761.0,1648.4
1450.0,1677.7
2059.0,1725.2
1444.0,1701.2
1396.0,1668.6
1726.0,1605.6
1673.0,1736.2
1969.0,1533.8
1579.0,1700.7
1273.0,1573.5
1701.0,1708.5
1633.0,1649.5
1882.0,1731.0
1219.0,1585.7
1601.0,1564.7
1859.0,1687.4
1637.0,1664.5
1750.0,1732.3
1551.0,1691.1
1078.0,1741.7
1631.0,1633.3
1827.0,1452.8
1417.0,1658.6
1275.0,1616.4
1413.0,1675.4
1956.0,1750.1
1553.0,1688.5
1318.0,1529.2
2063.0,1777.3
1387.0,1648.3
1513.0,1655.6
1738.0,1614.7
1562.0,1645.0
1638.0,1856.3
1327.0,1637.7
1889.0,1681.4
2073.0,1716.9
1479.0,1635.8
2003.0,1858.3
1561.0,1510.0
1747.0,1629.4
1700.0,1768.5
1612.0,1799.5
1901.0,1785.4
2156.0,1540.4
1598.0,1639.1
1028.0,1669.6
2056.0,1865.8
1724.0,1736.7
1121.0,1630.2
1583.0,1741.6
1736.0,1616.3
1120.0,1471.4
1969.0,1621.1
1648.0,1667.6
1669.0,1696.5
1646.0,1592.8
1611.0,1667.0
1533.0,1602.0
1706.0,1707.9
1733.0,1608.2
1927.0,1586.3
1443.0,1208.6
1598.0,1722.7
1542.0,1454.4
1900.0,1584.8
1697.0,1678.6
1960.0,1581.0
2288.0,1483.8
1404.0,1768.5
1959.0,1707.3
1362.0,1685.9
1378.0,1575.8
1927.0,1792.2
1635.0,1733.7
1740.0,1689.3
2005.0,1639.3
1434.0,1586.7
1683.0,1667.2
1283.0,1604.5
1343.0,1579.9
1757.0,1584.0
1420.0,1741.2
1566.0,1650.3
1880.0,1638.1
1644.0,1468.2
1915.0,1703.6
2033.0,1679.9
1414.0,1671.7
1169.0,1476.8
1645.0,1650.0
1276.0,1651.9
1648.0,1820.6
1567.0,1711.2
1902.0,1708.1
1963.0,1611.5
1683.0,1673.2
1484.0,1480.6
1864.0,1637.0
1696.0,1697.3
1634.0,1858.0
2141.0,1602.0
1485.0,1649.7
1637.0,1609.0
1251.0,1650.0
1608.0,1628.1
1527.0,1563.7
1744.0,1661.8
1763.0,1745.1
1290.0,1636.9
1436.0,1688.1
2027.0,1731.4
1548.0,1717.9
2186.0,1694.9
1763.0,1687.7
1363.0,1424.2
1926.0,1558.0
1401.0,1747.0
1879.0,1709.8
1921.0,1641.6
1544.0,1693.6
1836.0,1719.6
2095.0,1849.9
1520.0,1626.3
1351.0,1677.2
1924.0,1858.7
1565.0,1620.0
1985.0,1664.0
1528.0,1643.9
1382.0,1728.3
1378.0,1575.9
2033.0,1738.2
2196.0,1810.1
1991.0,1718.3
1628.0,1685.7
1476.0,1698.7
1369.0,1656.0
1536.0,1517.5
1910.0,1636.6
1636.0,1898.4
1736.0,1592.5
1623.0,1636.0
1981.0,1679.7
1980.0,1707.1
1904.0,1746.7
1610.0,1576.3
1366.0,1715.3
1334.0,1230.8
1510.0,1723.2
1532.0,1567.7
1326.0,1651.1
2020.0,1673.9
1812.0,1653.6
1358.0,1543.8
1847.0,1623.3
1548.0,1717.1
1953.0,1638.9
1917.0,1679.5
1468.0,1692.6
2082.0,1675.1
1813.0,1707.0
1290.0,1641.8
1615.0,1662.4
1587.0,1376.5
1736.0,1707.5
1630.0,1775.4
1572.0,1557.0
1516.0,1662.2
1835.0,1722.9
1572.0,1596.5
1610.0,1734.2
1491.0,1523.4
1611.0,1871.8
1675.0,1664.3
1843.0,1746.5
1890.0,1736.3
1717.0,1729.7
1485.0,1740.1
1706.0,1603.1
1971.0,1622.8
1520.0,1558.9
1936.0,1699.8
1700.0,1590.6
1720.0,1767.6
1635.0,1660.3
1711.0,1609.9
1480.0,1595.0
1742.0,1745.6
1833.0,1658.4
2019.0,1690.3
1630.0,1743.4
1467.0,1597.1
2087.0,1601.9
1770.0,1748.0
1592.0,1609.1
1326.0,1593.4
1485.0,1683.2
2014.0,1607.3
1526.0,1592.1
1640.0,1564.6
2011.0,1694.8
1734.0,1657.2
1443.0,1619.8
2073.0,1734.9
2003.0,1642.2
1781.0,1769.9
1632.0,1595.4
1647.0,1569.5
1122.0,1596.7
1871.0,1724.1
1583.0,1878.0
1402.0,1732.0
1569.0,1664.2
1690.0,1613.8
1847.0,1627.3
1555.0,1690.8
1700.0,1680.6
1304.0,1628.8
1564.0,1625.9
1995.0,1657.4
1861.0,1786.8
1895.0,1719.2
2010.0,1688.0
1636.0,1667.7
1557.0,1615.3
1477.0,1699.6
1282.0,1560.6
1465.0,1620.1
1435.0,1641.6
1262.0,1499.3
1246.0,1653.3
1923.0,1642.4
1869.0,1696.5
1695.0,1727.8
1552.0,1694.5
1414.0,1700.3
1448.0,1626.6
1470.0,1651.4
1322.0,1599.4
1554.0,1488.0
1547.0,1645.5
1603.0,1596.4
1877.0,1674.4
1887.0,1874.8
1388.0,1681.6
1890.0,1686.5
1855.0,1793.7
2004.0,1607.3
1742.0,1661.1
1769.0,1624.2
1731.0,1617.0
1368.0,1638.2
2090.0,1713.5
1660.0,1690.0
1985.0,1703.3
1766.0,1603.2
2033.0,1734.0
1814.0,1569.0
1340.0,1756.7
1442.0,1502.9
1863.0,1668.7
1900.0,1704.6
1960.0,1703.2
1461.0,1761.4
1619.0,1568.5
1962.0,1677.7
2111.0,1691.2
1301.0,1663.7
2031.0,1601.4
1649.0,1655.9
1576.0,1699.8
1691.0,1643.7
1972.0,1734.3
1736.0,1549.3
2130.0,1667.4
1653.0,1660.4
1717.0,1575.3
1988.0,1740.4
1433.0,1619.6
1904.0,1531.7
1845.0,1738.0
1668.0,1661.5
2010.0,1580.5
1816.0,1673.6
1652.0,1571.9
1126.0,1626.9
2137.0,1703.4
1832.0,1685.8
1683.0,1692.1
1608.0,1700.4
1854.0,1624.3
1785.0,1632.5
1827.0,1688.7
1612.0,1830.1
1331.0,1666.3
1384.0,1756.9
1731.0,1665.5
1801.0,1688.9
1294.0,1736.5
1629.0,1713.2
1426.0,1573.5
2045.0,1653.6
1911.0,1632.5
1610.0,1748.1
1193.0,1695.5
1255.0,1604.2
1687.0,1706.6
1796.0,1704.9
1778.0,1750.8
1115.0,1795.5
1627.0,1731.2
1512.0,1700.1
1737.0,1643.2
1940.0,1736.6
1468.0,1610.7
1628.0,1711.9
1632.0,1683.6
1646.0,1773.4
2224.0,1661.7
1804.0,1757.9
1801.0,1623.7
1753.0,1735.5
1663.0,1591.6
1720.0,1724.6
1605.0,1649.7
1896.0,1673.8
1774.0,1659.8
1536.0,1522.4
1665.0,1804.7
1670.0,1742.3
1408.0,1639.2
1745.0,1698.3
1804.0,1724.3
1929.0,1807.3
1314.0,1559.0
1386.0,1564.8
1886.0,1734.4
1699.0,1646.3
1892.0,1671.2
1810.0,1665.4
1721.0,1646.5
2027.0,1708.4
1934.0,1682.9
1439.0,1665.9
1726.0,1685.1
1324.0,1554.8
1733.0,1599.6
1712.0,1676.5
1390.0,1621.5
1630.0,1623.9
1349.0,1643.1
1774.0,1621.2
1347.0,1660.4
1451.0,1595.0
1829.0,1847.0
1846.0,1551.8
1607.0,1708.8
1670.0,1565.5
1633.0,1664.0
1305.0,1553.1
1723.0,1593.3
1659.0,1705.8
1687.0,1609.5
1904.0,1686.6
1867.0,1675.2
1553.0,1608.1
1640.0,1766.7
1807.0,1724.3
1722.0,1659.1
1738.0,1701.6
1869.0,1809.8
1641.0,1626.8
1628.0,1625.2
1639.0,1735.7
1670.0,1681.0
1670.0,1634.2
1326.0,1667.1
1931.0,1751.3
1902.0,1712.3
1302.0,1686.6
1493.0,1694.7
1528.0,1561.2
1979.0,1605.7
1561.0,1597.1
1067.0,1327.4
1529.0,1740.1
1789.0,1717.5
1402.0,1603.8
1925.0,1782.4
1768.0,1596.6
1338.0,1659.1
1606.0,1648.8
1176.0,1621.7
2093.0,1753.5
1436.0,1606.4
2155.0,1743.4
1353.0,1713.3
1389.0,1542.8
1576.0,1666.5
2101.0,1896.5
1621.0,1547.7
1746.0,1847.5
1724.0,1612.5
1744.0,1682.9
1653.0,1582.6
1639.0,1659.4
1453.0,1623.6
1984.0,1693.3
1582.0,1664.2
1612.0,1732.2
1446.0,1636.8
2024.0,1703.0
1772.0,1711.5
1628.0,1654.9
1601.0,1720.9
1536.0,1759.1
1989.0,1651.3
2106.0,1523.8
1986.0,1655.3
1174.0,1653.8
1462.0,1649.3
1643.0,1715.9
1717.0,1704.9
1821.0,1776.9
1569.0,1697.7
1517.0,1605.6
2068.0,1609.8
1638.0,1749.0
1066.0,1661.6
1684.0,1718.5
1782.0,1626.0
2274.0,1645.6
1623.0,1527.8
1613.0,1688.0
1862.0,1682.9
1520.0,1662.2
1902.0,1717.7
1732.0,1714.3
1747.0,1645.5
1971.0,1647.5
1596.0,1656.2
1616.0,1578.8
1547.0,1656.8
2077.0,1660.4
1159.0,1631.6
1812.0,1801.3
1743.0,1632.6
1332.0,1597.7
2014.0,1614.1
2137.0,1731.3
1918.0,1667.7
2163.0,1731.9
1932.0,1589.0
1715.0,1672.4
1931.0,1799.0
1713.0,1681.0
1454.0,1679.7
1624.0,1691.5
1615.0,1683.0
1718.0,1696.6
1673.0,1558.7
1789.0,1706.9
1764.0,1641.0
1886.0,1828.8
1459.0,1217.6
1674.0,1687.3
1351.0,1563.4
1840.0,1817.0
1946.0,1755.9
1458.0,1678.5
2067.0,1649.6
1698.0,1649.0
1563.0,1539.5
1604.0,1623.4
1829.0,1561.9
1568.0,1633.8
1826.0,1630.3
1981.0,1654.9
1501.0,1539.6
1592.0,1597.6
1841.0,1674.9
1546.0,1631.3
1957.0,1910.8
1837.0,1681.9
1928.0,1633.3
2064.0,1689.1
1339.0,1619.9
1655.0,1710.5
1758.0,1634.3
1806.0,1619.7
1781.0,1697.3
2117.0,1692.8
1935.0,1760.8
1701.0,1713.0
1299.0,1582.3
2059.0,1612.4
1966.0,1808.1
2101.0,1676.1
1865.0,1620.7
1657.0,1585.6
1696.0,1671.4
1616.0,1616.2
1598.0,1649.9
1616.0,1732.8
1594.0,1638.4
1283.0,1702.5
1187.0,1585.9
1589.0,1702.2
1749.0,1671.1
1688.0,1519.6
1915.0,1870.2
1652.0,1573.9
1293.0,1679.4
1510.0,1651.7
1680.0,1729.9
1622.0,1812.7
1509.0,1719.5
1464.0,1644.8
1449.0,1559.0
1512.0,1593.1
1902.0,1513.6
1667.0,1523.3
1925.0,1668.8
1810.0,1709.8
1670.0,1747.8
2207.0,1805.2
1940.0,1713.2
1443.0,1661.7
2060.0,1861.7
1465.0,1673.8
1654.0,1679.8
1603.0,1617.0
1397.0,1620.1
1996.0,1629.9
1604.0,1618.7
1893.0,1631.6
1455.0,1576.2
1753.0,1614.4
1933.0,1874.7
1587.0,1674.6
1772.0,1766.6
1650.0,1729.4
1403.0,1657.0
1690.0,1694.0
1663.0,1737.9
1556.0,1633.5
1480.0,1657.3
1862.0,1677.1
1435.0,1608.1
1485.0,1601.6
1495.0,1572.9
1387.0,1560.4
1760.0,1690.3
1649.0,1769.6
1135.0,1631.9
1938.0,1713.8
1881.0,1708.9
1401.0,1529.9
1683.0,1902.7
1631.0,1582.0
1644.0,1547.1
1474.0,1686.2
1327.0,1610.4
1126.0,1401.2
1793.0,1879.2
1527.0,1646.9
1136.0,1543.8
1865.0,1760.9
2068.0,1727.4
1652.0,1853.4
1698.0,1763.3
2212.0,1670.3
1248.0,1567.9
1601.0,1470.7
1359.0,1747.9
2280.0,1834.6
1691.0,1657.3
1576.0,1710.4
1709.0,1800.7
2163.0,1860.5
1994.0,1630.2
1478.0,1584.5
1955.0,1679.8
1746.0,1573.4
1549.0,1736.5
1640.0,1713.9
1765.0,1729.5
1706.0,1645.5
1535.0,1656.1
1683.0,1627.5
2053.0,1673.4
1709.0,1700.4
1624.0,1707.2
1198.0,1661.6
1765.0,1683.5
1932.0,1661.4
2039.0,1703.7
1252.0,1660.0
1408.0,1728.4
1835.0,1561.8
1967.0,1865.0
1689.0,1691.0
1444.0,1614.4
1578.0,1667.3
1301.0,1665.1
1484.0,1664.7
1503.0,1656.8
1916.0,1703.7
1988.0,1661.1
1355.0,1564.7
1097.0,1593.1
2084.0,1645.0
1779.0,1695.6
1378.0,1643.4
1627.0,1679.8
1784.0,1821.3
1790.0,1651.6
1557.0,1754.6
1694.0,1719.2
1983.0,1517.6
2213.0,1690.9
1468.0,1803.5
1857.0,1658.5
1895.0,1703.7
1845.0,1633.1
1445.0,1642.1
1709.0,1724.8
1475.0,1760.9
1574.0,1485.9
1374.0,1712.6
1724.0,1643.1
1605.0,1737.0
1473.0,1679.6
1109.0,1734.0
1601.0,1637.6
1577.0,1786.2
1657.0,1842.9
2013.0,1718.5
1573.0,1636.0
1644.0,1688.6
1855.0,1671.2
2000.0,1628.9
1769.0,1672.9
1676.0,1593.8
1619.0,1617.2
1507.0,1624.4
2071.0,1877.7
1618.0,1679.1
1739.0,1737.2
2096.0,1527.9
1539.0,1675.5
1893.0,1707.7
1727.0,1617.8
1797.0,1868.5
1967.0,1640.1
1541.0,1639.0
1532.0,1462.0
1446.0,1609.5
1394.0,1662.2
1419.0,1646.7
1564.0,1631.6
1451.0,1727.8
1608.0,1745.0
1910.0,1600.6
1185.0,1244.4
1779.0,1843.3
1659.0,1616.7
1505.0,1623.7
2128.0,1791.7
1632.0,1665.0
1664.0,1605.6
1619.0,1802.6
1298.0,1401.7
1608.0,1662.3
1402.0,1708.0
1731.0,1698.4
1551.0,1588.4
1945.0,1701.2
1837.0,1680.3
1815.0,1622.9
1498.0,1707.5
1659.0,1625.3
1678.0,1645.7
1578.0,1664.5
1384.0,1732.9
2121.0,1762.4
1794.0,1414.1
1180.0,1580.2
2125.0,1781.1
1976.0,1683.0
2091.0,1733.2
2010.0,1780.5
1478.0,1798.0
1414.0,1619.0
1578.0,1679.6
1767.0,1579.9
1815.0,1646.6
1618.0,1687.6
2154.0,1769.8
1984.0,1641.6
1506.0,1645.9
1540.0,1612.9
1261.0,1739.9
1398.0,1856.9
1907.0,1708.7
1754.0,1749.9
1563.0,1613.5
1664.0,1724.4
1229.0,1654.0
1653.0,1646.7
1834.0,1716.8
1786.0,1609.8
1869.0,1843.4
2055.0,1707.8
2216.0,1740.2
1259.0,1576.5
1380.0,1949.0
2020.0,1837.9
1410.0,1578.6
1547.0,1612.1
1615.0,1718.2
1653.0,1666.8
1674.0,1608.7
1556.0,1633.2
1211.0,1677.5
1717.0,1584.3
1616.0,1626.9
1562.0,1716.3
1368.0,1746.3
1469.0,1648.6
1732.0,1677.3
1466.0,1675.5
1388.0,1627.3
1546.0,1687.5
1653.0,1696.8
1951.0,1542.4
1608.0,1552.5
1395.0,1608.2
1589.0,1604.1
1898.0,1859.6
1617.0,1612.6
1656.0,1716.7
2008.0,1871.4
1352.0,1627.6
1674.0,1568.9
1546.0,1631.2
1344.0,1534.7
2096.0,1520.1
1710.0,1676.1
1595.0,1580.6
1777.0,1582.5
1625.0,1658.4
1630.0,1668.7
1757.0,1643.5
1451.0,1805.6
1908.0,1625.3
1290.0,1719.1
1710.0,1661.8
1670.0,1652.1
1474.0,1755.4
1555.0,1586.8
1906.0,1657.5
2013.0,1645.0
1503.0,1639.6
1404.0,1785.1
1800.0,1549.6
1675.0,1731.5
1885.0,1786.4
1432.0,1623.1
1671.0,1672.0
1953.0,1649.0
1615.0,1654.4
1901.0,1521.4
1616.0,1739.3
1539.0,1484.4
1961.0,1692.1
1713.0,1672.2
1875.0,1699.0
1707.0,1672.5
1502.0,1647.9
1683.0,1639.4
1879.0,1616.0
2125.0,1654.9
1618.0,1612.5
2064.0,1689.9
1879.0,1570.6
1858.0,1654.4
1568.0,1666.0
1790.0,1746.0
1388.0,1740.7
2071.0,1711.8
1222.0,1676.1
2137.0,1599.3
1574.0,1682.1
1436.0,1681.7
1849.0,1708.3
1401.0,1530.5
1875.0,1663.6
1456.0,1592.8
1770.0,1819.7
1656.0,1617.3
1609.0,1636.1
1587.0,1715.0
1342.0,1595.5
1440.0,1667.4
1713.0,1680.3
2103.0,1750.7
1672.0,1681.3
1656.0,1695.8
1265.0,1232.5
1724.0,1657.0
1519.0,1608.6
1401.0,1573.3
1658.0,1722.3
1581.0,1598.0
1167.0,1589.1
1450.0,1727.7
1807.0,1701.9
1378.0,1620.9
1240.0,1636.9
1874.0,1605.3
1283.0,1588.7
1656.0,1669.9
1600.0,1606.0
1359.0,1661.9
1624.0,1634.5
1375.0,1557.7
1719.0,1691.3
1690.0,1751.1
1950.0,1689.9
1721.0,1659.3
1754.0,1634.6
1876.0,1698.9
1523.0,1596.2
1928.0,1806.2
1758.0,1654.5
1836.0,1664.3
1639.0,1730.2
1726.0,1656.1
1383.0,1744.1
1908.0,1601.2
1547.0,1783.0
1342.0,1248.2
1966.0,1743.4
1560.0,1677.6
1406.0,1692.0
1260.0,1549.6
1380.0,1728.2
1624.0,1726.7
1290.0,1722.8
1657.0,1692.5
2019.0,1827.1
2053.0,1677.4
1641.0,1770.6
2070.0,1873.1
1564.0,1649.2
1524.0,1723.7
1548.0,1645.8
1968.0,1716.6
2019.0,1759.0
1886.0,1679.8
1859.0,1788.8
1911.0,1606.0
1579.0,1650.4
1323.0,1421.3
1728.0,1594.8
1748.0,1731.3
1865.0,1682.3
1391.0,1661.0
1800.0,1659.5
974.0,1622.9
1622.0,1741.7
1330.0,1704.9
1666.0,1706.3
1511.0,1709.0
1408.0,1601.5
1819.0,1648.1
1353.0,1619.7
1841.0,1754.1
2297.0,1950.3
1787.0,1627.0
1332.0,1530.9
1670.0,1761.3
1953.0,1700.7
1765.0,1753.5
1626.0,1577.3
1829.0,1613.0
1228.0,1569.9
1675.0,1654.7
1344.0,1686.8
1640.0,1666.7
1443.0,1548.8
1595.0,1762.5
1464.0,1685.3
1422.0,1692.5
1686.0,1751.1
1841.0,1741.8
1267.0,1625.2
1549.0,1429.2
1502.0,1680.1
1605.0,1717.5
1715.0,1732.9
1789.0,1723.4
1511.0,1600.9
1893.0,1766.9
1754.0,1724.8
1866.0,1679.9
1867.0,1652.2
1859.0,1706.3
1816.0,1737.1
2073.0,1629.7
1358.0,1737.1
1481.0,1657.9
1883.0,1701.3
1857.0,1566.7
1617.0,1692.4
1722.0,1643.4
1511.0,1626.3
1569.0,1634.6
1555.0,1686.4
1971.0,1604.8
1794.0,1846.0
1306.0,1684.8
1725.0,1662.3
1887.0,1691.4
1881.0,1688.9
1347.0,1562.4
1695.0,1578.3
1734.0,1621.6
1364.0,1555.3
1302.0,1538.4
1593.0,1698.1
1705.0,1649.0
1327.0,1670.6
1646.0,1718.8
1562.0,1598.8
1316.0,1717.4
1668.0,1648.5
1790.0,1654.8
1504.0,1485.7
1720.0,1754.0
1641.0,1631.0
1700.0,1651.7
1335.0,1432.3
1290.0,1384.3
1728.0,1617.5
1923.0,1783.1
1587.0,1720.6
1411.0,1605.1
1848.0,1695.4
1446.0,1587.8
1485.0,1542.9
1900.0,1635.0
1782.0,1669.3
1570.0,1831.1
1350.0,1543.8
1532.0,1674.3
1622.0,1833.7
1354.0,1579.7
1571.0,1741.9
1869.0,1559.2
1794.0,1620.2
1327.0,1609.4
1104.0,1559.9
1586.0,1662.2
1710.0,1713.2
1973.0,1430.3
1651.0,1592.3
1216.0,1658.4
1793.0,1743.6
2091.0,1688.1
1503.0,1549.5
1578.0,1642.6
1627.0,1756.1
1292.0,1535.8
1891.0,1766.6
1672.0,1699.4
1762.0,1682.0
1893.0,1714.0
1157.0,1611.3
1550.0,1549.1
1572.0,1705.7
1837.0,1685.9
1407.0,1702.1
1708.0,1579.1
1685.0,1655.3
1558.0,1679.0
1469.0,1719.9
1623.0,1697.3
2189.0,1619.6
1133.0,1545.4
1814.0,1764.4
1828.0,1706.0
1731.0,1583.8
2100.0,1604.3
1581.0,1590.2
1786.0,1768.9
1429.0,1732.8
1307.0,1635.9
1634.0,1633.5
1535.0,1703.9
1865.0,1590.5
1453.0,1722.4
1654.0,1666.0
1913.0,1741.4
1387.0,1712.3
1703.0,1765.6
1531.0,1602.9
1346.0,1654.3
1609.0,1660.4
1520.0,1584.1
1870.0,1654.7
1426.0,1621.9
1530.0,1651.5
1516.0,1681.2
1763.0,1637.8
1676.0,1633.6
1839.0,1888.0
1616.0,1696.8
1175.0,1597.3
1570.0,1632.2
1792.0,1694.8
2040.0,1697.1
1299.0,1686.4
1330.0,1528.4
1767.0,1768.9
1975.0,1654.6
1446.0,1588.1
1383.0,1706.5
1815.0,1648.0
1589.0,1647.3
1256.0,1667.7
1568.0,1714.0
1737.0,1732.6
1622.0,1680.1
1656.0,1701.8
1545.0,1598.7
1777.0,1644.9
1544.0,1651.3
1542.0,1707.3
1864.0,1540.9
1597.0,1685.0
2008.0,1813.4
1919.0,1631.6
1738.0,1624.6
2077.0,1836.9
1261.0,1583.1
1765.0,1672.0
2009.0,1659.4
1015.0,1699.4
1301.0,1609.7
1449.0,1554.8
1330.0,1463.1
1690.0,1669.0
1747.0,1684.7
1972.0,1756.1
1633.0,1627.6
1429.0,1557.9
1708.0,1650.8
1878.0,1660.2
1148.0,1428.1
1060.0,1199.0
1751.0,1700.2
2048.0,1792.2
1972.0,1683.6
1314.0,1709.6
1586.0,1610.5
1346.0,1682.6
1519.0,1282.2
1652.0,1626.3
1477.0,1871.7
1303.0,1612.8
1745.0,1533.8
1618.0,1641.2
2199.0,1773.9
2022.0,1780.4
1678.0,1676.1
1807.0,1650.1
1877.0,1697.6
1588.0,1545.4
1846.0,1655.8
960.0,1673.0
1368.0,1685.0
2004.0,1736.4
1945.0,1631.2
1661.0,1611.6
1935.0,1674.7
1461.0,1256.6
1787.0,1856.1
1642.0,1598.3
1672.0,1635.9
1754.0,1660.0
1685.0,1614.0
1484.0,1756.6
1581.0,1664.5
1490.0,1569.0
1728.0,1624.4
1628.0,1578.1
2054.0,1706.8
1116.0,1581.9
1855.0,1650.8
2101.0,1746.3
1708.0,1722.6
1751.0,1632.4
1681.0,1717.4
1640.0,1628.7
1662.0,1672.2
1260.0,1389.3
1684.0,1622.2
1924.0,1670.8
1721.0,1607.0
1541.0,1668.8
1857.0,1643.0
1914.0,1770.4
1664.0,1690.7
1348.0,1632.4
1865.0,1664.2
2012.0,1727.7
1297.0,1611.4
1993.0,1690.7
1863.0,1672.2
2062.0,1759.6
1808.0,1633.0
1902.0,1678.0
2088.0,1627.1
1338.0,1769.5
1621.0,1540.2
1941.0,1672.7
2089.0,1688.2
1508.0,1621.9
1339.0,1673.8
1836.0,1878.7
1861.0,1623.7
1634.0,1869.7
1348.0,1722.9
1915.0,1617.3
1776.0,1574.1
1567.0,1666.9
1882.0,1563.1
1846.0,1810.1
1803.0,1708.5
2056.0,1775.0
1450.0,1735.0
1693.0,1727.6
1921.0,1528.9
1999.0,1741.5
1411.0,1726.4
1597.0,1684.1
1630.0,1723.1
1903.0,1670.4
1274.0,1465.6
1582.0,1652.5
1561.0,1670.9
1360.0,1679.1
1687.0,1720.6
1877.0,1733.3
1718.0,1728.5
1642.0,1692.3
1549.0,1562.4
2301.0,1737.5
1681.0,1656.2
2049.0,1669.8
1705.0,1686.6
1400.0,1566.0
1951.0,1828.9
2211.0,1639.6
1270.0,1627.7
1770.0,1669.3
1501.0,1667.9
1777.0,1794.4
1761.0,1709.9
1500.0,1530.9
1579.0,1663.6
1826.0,1632.9
1859.0,1682.7
1726.0,1825.7
1618.0,1598.4
1792.0,1636.5
1071.0,1717.8
1933.0,1599.0
1485.0,1547.6
2103.0,1837.3
1526.0,1667.6
1930.0,1719.8
1563.0,1683.3
1571.0,1605.6
1837.0,1692.9
1305.0,1695.7
1558.0,1659.4
1171.0,1664.9
1535.0,1663.7
1493.0,1622.8
1227.0,1660.2
1637.0,1655.3
1834.0,1696.8
1640.0,1743.4
1723.0,1719.7
1815.0,1660.0
1959.0,1591.8
1650.0,1706.7
1950.0,1710.7
1181.0,1776.2
1522.0,1590.2
1608.0,1617.1
1474.0,1615.9
1677.0,1719.4
1651.0,1619.5
1592.0,1658.5
1659.0,1753.3
1420.0,1665.6
1850.0,1652.3
1455.0,1705.3
1235.0,1594.6
1687.0,1635.9
1418.0,1607.2
1743.0,1567.5
2200.0,1663.7
1958.0,1613.6
1561.0,1638.6
1313.0,1552.3
2112.0,1636.7
1661.0,1558.0
2033.0,1563.2
1909.0,1723.4
1589.0,1617.5
1699.0,1744.3
1407.0,1613.3
1863.0,1726.7
1437.0,1661.8
1770.0,1760.8
1784.0,1875.6
1997.0,1672.5
1264.0,1627.1
1629.0,1701.4
1569.0,1554.4
1219.0,1273.5
1584.0,1671.8
1585.0,1652.3
1975.0,1694.5
2174.0,1733.9
1492.0,1696.4
2020.0,1679.6
1545.0,1610.0
1989.0,1667.8
1725.0,1542.3
1568.0,1575.6
1389.0,1772.8
1677.0,1637.2
1641.0,1674.5
1828.0,1635.0
1632.0,1764.3
1599.0,1624.3
1546.0,1626.7
1736.0,1613.5
1682.0,1591.2
1835.0,1810.0
1860.0,1757.0
1776.0,1650.0
1193.0,1608.8
1301.0,1475.5
1847.0,1773.0
1471.0,1640.2
1986.0,1597.8
1316.0,1595.5
1280.0,1708.0
1551.0,1625.4
1709.0,1694.6
1732.0,1626.1
1695.0,1649.9
1533.0,1716.2
1557.0,1655.4
1383.0,1644.8
1814.0,1719.4
1530.0,1677.9
1819.0,1654.7
1391.0,1627.3
1308.0,1706.4
1946.0,1562.6
1577.0,1564.0
1607.0,1670.5
1435.0,1548.4
1468.0,1540.0
2129.0,1825.8
1829.0,1630.5
1618.0,1622.3
1866.0,1667.7
1822.0,1620.5
1902.0,1722.8
1783.0,1482.1
1871.0,1686.0
1768.0,1692.7
2058.0,1752.0
1590.0,1591.3
2047.0,1704.5
2016.0,1740.1
1481.0,1574.0
2023.0,1627.0
1986.0,1691.3
2160.0,1647.8
2039.0,1793.5
1566.0,1618.6
1647.0,1676.0
1849.0,1713.9
2049.0,1587.9
1793.0,1574.9
1548.0,1645.8
2029.0,1673.3
1695.0,1637.8
1776.0,1644.3
1889.0,1729.9
2229.0,1688.0
1907.0,1721.5
1864.0,1525.8
1615.0,1537.7
1907.0,1634.2
1674.0,1649.6
1331.0,1726.5
1664.0,1609.3
1932.0,1669.1
1650.0,1733.0
1909.0,1741.5
2003.0,1701.1
1822.0,1649.4
1894.0,1669.2
1583.0,1605.8
1703.0,1645.1
1732.0,1551.0
1987.0,1764.5
1880.0,1651.6
1538.0,1707.8
1729.0,1610.8
1724.0,1658.8
1573.0,1728.5
1794.0,1696.5
1393.0,1721.5
1605.0,1707.1
1079.0,1538.6
1404.0,1614.7
1178.0,1496.6
2332.0,1718.6
1421.0,1638.8
1992.0,1834.1
1389.0,1314.3
1810.0,1596.5
1680.0,1604.2
1807.0,1753.0
1952.0,1754.5
1673.0,1698.6
2231.0,1757.5
1121.0,1672.3
1812.0,1777.3
1623.0,1753.0
1549.0,1729.3
1401.0,1552.7
1884.0,1688.4
2036.0,1610.6
1658.0,1619.9
1630.0,1651.4
1531.0,1763.4
1293.0,1623.2
1817.0,1659.2
1403.0,1578.5
1701.0,1702.8
1481.0,1610.4
1533.0,1750.0
1630.0,1519.3
2117.0,1673.3
1102.0,1661.3
1225.0,1606.1
1594.0,1619.7
1639.0,1689.9
1381.0,1698.7
1762.0,1750.2
1930.0,1620.6
1772.0,1557.0
1627.0,1673.8
1830.0,1737.2
1944.0,1537.9
2059.0,1666.0
1860.0,1496.2
1724.0,1733.8
1689.0,1699.3
1406.0,1665.8
1945.0,1704.7
1691.0,1619.9
1719.0,1710.5
1736.0,1608.8
1573.0,1514.8
1480.0,1655.4
1680.0,1636.8
1429.0,1751.1
1454.0,1780.4
1626.0,1615.4
2011.0,1854.4
1731.0,1628.2
1679.0,1736.5
1919.0,1762.8
1819.0,1580.4
1281.0,1657.7
1060.0,1594.6
1759.0,1538.0
1995.0,1852.1
2011.0,1862.0
1420.0,1518.2
2044.0,1711.2
1391.0,1710.5
1601.0,1623.0
2005.0,1726.7
1826.0,1647.4
1774.0,1629.0
1913.0,1763.6
1449.0,1706.2
1996.0,1742.0
1719.0,1654.8
1397.0,1547.4
1502.0,1695.3
1619.0,1638.8
1965.0,1673.0
1774.0,1656.4
1423.0,1785.9
1615.0,1562.3
1519.0,1629.2
1473.0,1624.8
1347.0,1615.9
2262.0,1819.2
1469.0,1666.3
1644.0,1649.2
1436.0,1580.5
1848.0,1713.0
1946.0,1621.6
1332.0,1707.5
1986.0,1726.4
1997.0,1626.2
1688.0,1639.8
1785.0,1599.5
1778.0,1616.3
1089.0,1599.5
1413.0,1253.2
1542.0,1785.4
1859.0,1479.9
1972.0,1841.8
1646.0,1611.1
2287.0,1691.9
1634.0,1670.1
1739.0,1681.1
1646.0,1624.7
1459.0,1730.1
2031.0,1884.0
1109.0,1543.8
1956.0,1616.8
1865.0,1630.5
1583.0,1606.3
1819.0,1730.1
1682.0,1414.5
1401.0,1745.5
1550.0,1747.9
2019.0,1630.2
1950.0,1741.8
1838.0,1739.1
2009.0,1690.3
1987.0,1703.6
1669.0,1551.6
1833.0,1638.7
1336.0,1686.8
1692.0,1632.9
1976.0,1682.4
1887.0,1807.6
1557.0,1731.8
1437.0,1804.3
1302.0,1302.4
1808.0,1692.5
1332.0,1726.6
1119.0,1611.8
1502.0,1686.2
1764.0,1546.5
1696.0,1637.2
1669.0,1656.3
1745.0,1790.3
1808.0,1651.9
1674.0,1588.0
1919.0,1617.6
1436.0,1623.6
1490.0,1715.4
1624.0,1600.3
1613.0,1696.6
1675.0,1661.0
2161.0,1684.4
1664.0,1591.7
1776.0,1616.2
1468.0,1665.4
1849.0,1773.6
1598.0,1548.3
1988.0,1866.7
1563.0,1662.7
1972.0,1746.3
1934.0,1613.6
1362.0,1592.3
1517.0,1625.8
1915.0,1648.8
1613.0,1708.5
2009.0,1779.2
1875.0,1719.6
1939.0,1578.2
1956.0,1585.2
1858.0,1567.2
1794.0,1647.5
1580.0,1645.3
1662.0,1664.4
1600.0,1721.9
1581.0,1696.8
1442.0,1657.5
1548.0,1662.7
1936.0,1673.1
1635.0,1506.1
1523.0,1650.9
1412.0,1687.8
1275.0,1582.0
2056.0,1717.2
1526.0,1699.0
1713.0,1716.3
1672.0,1609.0
1843.0,1705.9
1578.0,1729.9
1533.0,1601.7
1541.0,1648.4
1476.0,1680.9
1339.0,1244.2
2087.0,1660.7
1627.0,1559.9
1261.0,1636.8
1721.0,1561.8
1422.0,1597.9
1909.0,1600.4
1961.0,1693.6
1654.0,1613.2
1870.0,1731.6
1973.0,1682.1
1757.0,1641.8
2045.0,1931.7
1409.0,1704.8
1696.0,1595.1
1715.0,1688.4
1207.0,1558.4
1251.0,1646.3
1419.0,1718.3
1714.0,1693.3
1616.0,1670.9
1928.0,1726.9
1774.0,1691.8
1737.0,1710.3
1966.0,1674.7
1298.0,1681.3
1613.0,1671.4
1836.0,1638.3
1849.0,1675.8
1467.0,1670.7
1562.0,1590.0
1888.0,1644.3
1679.0,1747.7
1506.0,1673.3
1612.0,1685.8
1431.0,1680.7
1729.0,1647.6
2067.0,1799.0
1648.0,1675.1
2098.0,1742.0
1879.0,1653.6
1682.0,1624.6
1352.0,1661.2
1388.0,1602.3
1488.0,1708.1
1703.0,1582.3
1142.0,1595.0
1440.0,1629.2
1875.0,1678.9
1563.0,1663.8
2181.0,1687.8
1365.0,1644.9
1858.0,1682.0
1180.0,1270.0
1165.0,1677.7
1718.0,1610.0
1668.0,1653.8
1419.0,1574.5
1443.0,1483.1
1686.0,1629.6
1630.0,1679.3
1190.0,1648.4
1203.0,1698.8
1888.0,1631.0
1715.0,1682.1
2142.0,1618.8
1538.0,1739.5
1941.0,1600.0
1644.0,1714.7
1713.0,1671.1
1567.0,1629.6
1389.0,1714.1
1178.0,1730.0
1422.0,1681.8
1822.0,1669.7
2008.0,1633.8
1483.0,1585.1
1904.0,1627.4
2134.0,1605.5
1648.0,1744.9
1089.0,1694.2
1636.0,1792.8
2077.0,1739.3
1000.0,1738.1
1744.0,1681.3
1738.0,1685.8
1695.0,1655.6
1842.0,1622.9
1811.0,1705.0
1556.0,1683.8
2027.0,1887.2
1544.0,1718.4
1286.0,1620.5
1513.0,1637.2
1684.0,1615.0
1582.0,1689.7
1405.0,1609.3
1575.0,1633.6
1223.0,1669.7
1396.0,1707.1
1284.0,1672.9
1379.0,1476.2
1559.0,1596.1
1464.0,1667.1
1674.0,1778.9
1407.0,1584.9
1338.0,1734.6
1651.0,1635.0
1171.0,1574.5
1824.0,1655.5
1499.0,1675.8
1434.0,1563.1
1661.0,1713.1
1444.0,1724.1
1638.0,1726.8
1804.0,1696.4
1095.0,1295.9
2115.0,1752.5
1935.0,1664.3
1966.0,1762.9
1349.0,1655.7
2001.0,1754.3
1400.0,1564.0
1423.0,1687.2
1827.0,1649.6
1536.0,1686.6
2007.0,1631.5
1936.0,1808.3
1774.0,1786.0
1326.0,1611.5
1787.0,1651.7
1643.0,1718.2
1586.0,1641.8
1268.0,1676.3
2048.0,1758.3
1914.0,1599.9
1718.0,1649.7
2238.0,1733.3
1585.0,1746.3
1977.0,1605.7
1769.0,1829.2
1812.0,1583.3
1810.0,1684.0
1845.0,1731.8
1729.0,1696.0
1457.0,1590.9
1638.0,1764.8
1671.0,1721.0
1432.0,1696.6
1740.0,1758.9
1935.0,1903.4
1816.0,1649.4
1905.0,1716.1
1789.0,1681.6
1306.0,1490.2
1731.0,1657.3
1943.0,1715.6
1905.0,1642.5
1581.0,1644.4
1843.0,1642.5
1655.0,1651.5
1776.0,1619.3
2093.0,1636.6
1483.0,1592.5
1199.0,1603.7
2068.0,1845.2
1496.0,1672.8
1890.0,1635.3
1810.0,1768.4
1907.0,1607.8
1225.0,1612.7
1750.0,1678.0
1814.0,1594.6
1697.0,1693.0
1561.0,1594.5
1698.0,1667.9
1671.0,1689.9
1726.0,1693.4
1296.0,1652.2
1124.0,1645.1
1981.0,1780.6
1605.0,1680.5
1126.0,1599.5
2133.0,1708.9
1758.0,1622.5
1833.0,1615.2
1971.0,1711.7
1583.0,1732.2
1809.0,1650.7
1657.0,1587.2
1820.0,1630.6
1883.0,1702.6
2067.0,1682.2
1644.0,1650.2
1742.0,1662.9
1294.0,1686.5
1704.0,1610.5
1509.0,1654.2
1969.0,1669.3
1790.0,1698.4
2009.0,1697.2
1606.0,1621.0
1985.0,1727.7
2036.0,1656.9
1852.0,1750.5
1416.0,1683.1
2053.0,1788.7
1656.0,1658.8
2093.0,1638.3
1534.0,1679.3
1392.0,1536.3
1951.0,1577.6
1900.0,1599.9
2236.0,1679.5
1273.0,1638.8
1893.0,1746.7
1508.0,1646.3
1692.0,1653.4
1663.0,1668.3
1826.0,1530.2
1490.0,1697.7
1332.0,1695.6
1191.0,1672.1
2056.0,1767.4
1477.0,1450.7
1345.0,1649.6
1916.0,1737.6
1798.0,1683.7
1503.0,1570.5
1791.0,1698.8
1480.0,1734.7
1935.0,1708.1
2009.0,1678.8
1814.0,1677.2
1511.0,1561.6
1752.0,1631.8
1551.0,1629.6
1511.0,1641.9
1355.0,1621.7
1861.0,1613.1
1688.0,1613.2
1879.0,1728.3
1711.0,1768.0
1709.0,1617.7
1952.0,1731.3
1455.0,1633.2
1708.0,1666.9
1268.0,1712.4
1891.0,1679.3
1213.0,1262.8
1674.0,1729.5
1405.0,1472.6
1804.0,1687.6
1740.0,1762.1
1895.0,1817.5
1711.0,1722.4
1803.0,1704.2
1614.0,1709.6
1954.0,1864.3
1945.0,1591.8
1811.0,1649.3
1605.0,1708.2
1815.0,1679.4
2059.0,1744.2
1414.0,1539.1
1864.0,1719.4
1936.0,1642.0
1948.0,1813.7
1729.0,1614.8
1690.0,1764.4
1451.0,1702.1
1687.0,1688.1
1587.0,1763.0
1551.0,1637.3
1626.0,1825.6
1886.0,1659.7
1769.0,1664.9
1772.0,1690.8
1713.0,1696.0
1725.0,1635.3
1334.0,1697.3
1730.0,1656.3
1701.0,1625.3
1637.0,1671.5
2064.0,1699.9
1569.0,1634.1
1035.0,1507.1
1538.0,1654.0
1637.0,1660.2
1757.0,1582.1
1666.0,1614.0
2093.0,1869.8
1833.0,1678.5
1546.0,1671.8
1486.0,1621.7
1622.0,1694.3
1466.0,1669.7
1909.0,1776.8
1572.0,1696.0
1094.0,1704.4
1555.0,1659.1
2019.0,1750.4
1749.0,1653.4
1208.0,1669.8
1544.0,1684.4
1648.0,1538.1
1971.0,1658.9
1401.0,1609.2
1420.0,1647.8
1456.0,1697.2
1968.0,1678.4
1851.0,1634.1
1340.0,1600.0
1573.0,1606.1
1859.0,1804.1
1255.0,1577.7
1854.0,1595.0
1741.0,1630.9
1614.0,1622.3
1470.0,1663.5
2099.0,1527.2
1758.0,1763.3
1486.0,1673.8
1931.0,1635.2
1783.0,1667.2
1531.0,1659.0
2039.0,1760.0
1692.0,1645.2
1584.0,1570.5
1519.0,1639.6
1625.0,1562.2
1502.0,1641.0
1426.0,1551.9
1605.0,1707.7
1486.0,1700.0
1632.0,1649.2
1500.0,1653.0
2041.0,1695.9
1859.0,1748.8
1284.0,1560.8
1206.0,1696.4
2004.0,1696.4
1715.0,1719.4
1319.0,1638.5
2010.0,1751.1
1965.0,1675.0
1726.0,1620.9
1737.0,1706.1
1598.0,1704.2
1126.0,1654.8
1984.0,1632.1
1529.0,1606.3
2102.0,1795.6
1702.0,1775.4
1765.0,1697.2
2113.0,1687.9
1346.0,1554.3
2291.0,1563.8
1629.0,1676.8
1704.0,1745.0
1308.0,1661.2
948.0,1748.5
1713.0,1740.0
1977.0,1884.8
1765.0,1661.5
1846.0,1793.6
1579.0,1662.8
1589.0,1703.2
1615.0,1637.0
1313.0,1589.1
1606.0,1754.6
1502.0,1614.4
1770.0,1726.8
1812.0,1659.1
1168.0,1420.3
1727.0,1633.8
1606.0,1576.7
1652.0,1689.1
1515.0,1604.0
1508.0,1618.6
1698.0,1723.9
1481.0,1603.5
1593.0,1625.5
1562.0,1727.8
1550.0,1793.8
1466.0,1570.2
1820.0,1698.6
2058.0,1713.1
2048.0,1735.6
1569.0,1587.7
1770.0,1638.4
1440.0,1688.8
1777.0,1622.0
2102.0,1811.6
1987.0,1663.4
1562.0,1643.9
1482.0,1661.4
1647.0,1702.0
1613.0,1591.3
1300.0,1708.3
1331.0,1508.2
1587.0,1699.6
1413.0,1660.0
1737.0,1644.6
1688.0,1920.1
1142.0,1694.7
1722.0,1678.0
1435.0,1742.0
1140.0,1275.9
1718.0,1735.0
1562.0,1532.5
2378.0,1631.3
1302.0,1676.7
1694.0,1677.9
1928.0,1640.6
1881.0,1810.4
1947.0,1753.1
2044.0,1787.2
1939.0,1696.6
1799.0,1685.8
1966.0,1786.7
1801.0,1622.3
1367.0,1632.6
2041.0,1635.8
1306.0,1587.9
1703.0,1676.1
1749.0,1550.9
1792.0,1698.2
1333.0,1609.8
1856.0,1780.1
1613.0,1696.1
1801.0,1619.0
1392.0,1570.2
1949.0,1794.5
1479.0,1618.8
1838.0,1553.4
1541.0,1543.2
1655.0,1686.5
1484.0,1707.5
1915.0,1784.8
1256.0,1786.2
1549.0,1611.9
1437.0,1612.1
1534.0,1627.9
1183.0,1543.5
1754.0,1577.0
1737.0,1721.6
1753.0,1746.8
1761.0,1556.5
1863.0,1669.6
1516.0,1455.9
1642.0,1661.0
1852.0,1740.4
1542.0,1780.7
2105.0,1636.5
1284.0,1647.7
1785.0,1650.2
1504.0,1740.7
1608.0,1675.6
1298.0,1557.1
1564.0,1570.0
2024.0,1748.2
1853.0,1739.1
1662.0,1600.8
1149.0,1757.7
1373.0,1642.8
2091.0,1719.1
1255.0,1677.1
1706.0,1534.6
1612.0,1650.2
2175.0,1597.9
1754.0,1694.8
1172.0,1651.4
1884.0,1813.3
1215.0,1572.2
2045.0,1665.6
1894.0,1644.0
1846.0,1680.1
1724.0,1622.8
1871.0,1810.1
1175.0,1222.8
1229.0,1667.7
1669.0,1602.6
2032.0,1678.2
1380.0,1708.6
1760.0,1698.5
1375.0,1704.6
1946.0,1638.7
1942.0,1644.4
1519.0,1823.2
1939.0,1899.3
1337.0,1568.8
1934.0,1738.5
1752.0,1696.4
1729.0,1711.0
1866.0,1638.8
1787.0,1586.2
1661.0,1679.9
1317.0,1289.1
1293.0,1661.8
1645.0,1614.6
1871.0,1666.8
1958.0,1652.9
1657.0,1781.9
1659.0,1583.8
1704.0,1679.7
1785.0,1642.2
1475.0,1573.0
1856.0,1701.2
2003.0,1660.1
1247.0,1721.2
1476.0,1440.6
1580.0,1652.2
1397.0,1616.3
1419.0,1673.5
1369.0,1646.1
1735.0,1719.2
1660.0,1650.9
1554.0,1582.8
1751.0,1509.4
1173.0,1542.7
1520.0,1569.4
1642.0,1811.0
1910.0,1737.4
1222.0,1706.9
1851.0,1621.9
1299.0,1554.3
1622.0,1672.0
1876.0,1714.5
1226.0,1583.4
1769.0,1659.1
1976.0,1685.1
1889.0,1681.2
2052.0,1860.4
1961.0,1680.7
1845.0,1750.0
1636.0,1652.6
1851.0,1628.0
1880.0,1674.5
2011.0,1698.8
1379.0,1712.9
1565.0,1543.9
1639.0,1714.2
1591.0,1666.9
1428.0,1669.7
1797.0,1741.9
1577.0,1634.8
2027.0,1699.0
1540.0,1681.3
1850.0,1656.7
1822.0,1625.7
1527.0,1689.0
1673.0,1674.1
1854.0,1687.8
1812.0,1632.9
1950.0,1680.8
1646.0,1682.4
1672.0,1635.7
1613.0,1434.0
1959.0,1707.7
1616.0,1685.3
2033.0,1594.3
1339.0,1586.6
1721.0,1670.8
1638.0,1635.8
1544.0,1652.7
1669.0,1679.6
1694.0,1614.5
1394.0,1634.1
1264.0,1575.0
1835.0,1676.2
1108.0,1536.2
1529.0,1636.8
1509.0,1663.9
1723.0,1595.0
1173.0,1589.1
1644.0,1629.1
1538.0,1625.8
1767.0,1698.4
1366.0,1729.2
1656.0,1570.7
1506.0,1736.3
1693.0,1713.7
1753.0,1610.2
1567.0,1852.0
1661.0,1723.9
1582.0,1667.3
1732.0,1686.8
1130.0,1625.3
1609.0,1692.8
1671.0,1647.2
1474.0,1510.3
1925.0,1700.6
1697.0,1638.8
1223.0,1669.7
1487.0,1677.8
1816.0,1617.0
2010.0,1722.0
1957.0,1753.7
1883.0,1633.0
1552.0,1606.2
1191.0,1266.2
1765.0,1656.9
1342.0,1561.4
1682.0,1627.8
1413.0,1702.1
1836.0,1746.6
1798.0,1651.5
1575.0,1714.6
1419.0,1477.0
1693.0,1733.9
1869.0,1629.5
1904.0,1716.2
1809.0,1569.7
1326.0,1650.9
1432.0,1652.8
1433.0,1680.9
1820.0,1684.5
1938.0,1762.9
1592.0,1707.2
1591.0,1592.7
1714.0,1750.3
1506.0,1695.1
2106.0,1640.4
1703.0,1680.9
1474.0,1570.7
1525.0,1571.7
1876.0,1573.5
1673.0,1475.8
1919.0,1761.0
1833.0,1663.8
1594.0,1726.8
1857.0,1613.0
1895.0,1684.6
1726.0,1576.5
1693.0,1601.5
1439.0,1650.7
1782.0,1668.2
1705.0,1601.8
1789.0,1748.3
2043.0,1661.7
1305.0,1651.8
1742.0,1526.7
1923.0,1708.4
1153.0,1680.8
1850.0,1750.5
1658.0,1735.8
1580.0,1710.5
1874.0,1584.4
1618.0,1508.4
2042.0,1737.1
2107.0,1634.0
1793.0,1632.5
1777.0,1765.8
1860.0,1619.6
1921.0,1655.1
1856.0,1746.7
1315.0,1691.3
1745.0,1725.0
1626.0,1602.7
1344.0,1607.0
1352.0,1681.6
1459.0,1648.0
1549.0,1728.0
1673.0,1606.0
1544.0,1728.6
1760.0,1755.1
1602.0,1677.8
1877.0,1697.6
1563.0,1662.8
1225.0,1700.9
1503.0,1691.0
1506.0,1606.5
1869.0,1837.4
1136.0,1279.3
1761.0,1752.2
1405.0,1770.9
1344.0,1564.8
1680.0,1631.8
2034.0,1747.8
2018.0,1659.3
1923.0,1667.8
1665.0,1665.1
1726.0,1670.2
1550.0,1680.4
1554.0,1796.6
1602.0,1752.9
1647.0,1671.6
1985.0,1748.8
1553.0,1766.8
1891.0,1649.6
1706.0,1732.0
1998.0,1658.4
1655.0,1675.9
1541.0,1642.9
1937.0,1588.3
1422.0,1634.8
1935.0,1746.6
1685.0,1444.2
1351.0,1625.2
1584.0,1631.0
1873.0,1719.2
2069.0,1605.0
1553.0,1705.2
1670.0,1611.6
1630.0,1632.1
1781.0,1573.4
1163.0,1571.3
2173.0,1853.4
1775.0,1672.3
1699.0,1638.8
1568.0,1685.8
1136.0,1667.1
1863.0,1833.1
1163.0,1613.4
1340.0,1659.2
1827.0,1792.3
1461.0,1634.7
1282.0,1639.4
1582.0,1605.8
1462.0,1627.0
1235.0,1613.2
1600.0,1865.9
1348.0,1170.3
1498.0,1615.2
1460.0,1662.4
1222.0,1271.8
1506.0,1692.8
1551.0,1647.6
1589.0,1532.6
1622.0,1562.0
1921.0,1630.0
2267.0,1726.5
1755.0,1708.5
1775.0,1652.8
1864.0,1631.3
1897.0,1731.7
1718.0,1676.6
1469.0,1642.8
1829.0,1687.8
1582.0,1586.1
1545.0,1620.2
1675.0,1631.3
1622.0,1750.4
1173.0,1722.8
1620.0,1687.8
1939.0,1744.6
1983.0,1690.6
1854.0,1850.1
1295.0,1563.3
1755.0,1647.4
1739.0,1658.0
2091.0,1918.1
1829.0,1589.0
1390.0,1614.7
1938.0,1736.8
1671.0,1668.7
1062.0,1578.5
2005.0,1773.8
1294.0,1589.4
1449.0,1638.8
1896.0,1673.2
1785.0,1724.3
1165.0,1654.0
1486.0,1676.3
1586.0,1737.3
1614.0,1682.4
1707.0,1666.0
1564.0,1733.6
1536.0,1572.2
1745.0,1636.2
2024.0,1689.2
1260.0,1491.0
1451.0,1671.4
1919.0,1647.1
1806.0,1574.8
1926.0,1844.3
2095.0,1831.8
2018.0,1745.9
1789.0,1687.2
1893.0,1739.5
1477.0,1728.4
1418.0,1652.1
1872.0,1742.6
1592.0,1687.7
1743.0,1678.8
1770.0,1732.8
1549.0,1605.3
2013.0,1629.6
1209.0,1394.1
1951.0,1805.8
1436.0,1642.2
1574.0,1800.5
1458.0,1717.4
1547.0,1766.4
1809.0,1636.9
1818.0,1698.4
1891.0,1695.0
1786.0,1624.9
1374.0,1577.7
1519.0,1736.6
2097.0,1877.1
1556.0,1759.0
1887.0,1628.2
1177.0,1602.5
1621.0,1800.6
1882.0,1685.4
1517.0,1555.9
1392.0,1618.3
1951.0,1626.7
1576.0,1601.5
1642.0,1807.6
1984.0,1728.7
1514.0,1653.7
1782.0,1655.0
2136.0,1775.0
1692.0,1702.4
1417.0,1508.6
1405.0,1278.9
1579.0,1773.7
1275.0,1713.3
1814.0,1610.0
1556.0,1655.6
1553.0,1631.0
1624.0,1679.6
1454.0,1639.6
1666.0,1712.5
1729.0,1716.5
1748.0,1700.5
2125.0,1636.4
1600.0,1629.3
1512.0,1667.9
1354.0,1263.4
1566.0,1642.7
1568.0,1720.3
1507.0,1554.4
1437.0,1632.8
1739.0,1705.9
1931.0,1597.3
1770.0,1661.5
1621.0,1659.1
1962.0,1693.7
1592.0,1670.5
1566.0,1633.8
1718.0,1587.3
1850.0,1519.8
1808.0,1733.2
1695.0,1664.4
1586.0,1608.0
1471.0,1646.1
1503.0,1694.6
2116.0,1734.9
1853.0,1689.7
1309.0,1667.5
1680.0,1732.9
1331.0,1627.4
1715.0,1630.9
1968.0,1689.8
1784.0,1626.9
1693.0,1867.2
1592.0,1630.6
1615.0,1794.8
1785.0,1782.7
2368.0,1635.5
1759.0,1659.8
1702.0,1664.7
1302.0,1634.8
1158.0,1585.4
1923.0,1625.3
1822.0,1649.2
1306.0,1725.1
1562.0,1691.4
2089.0,1691.4
1396.0,1718.9
1707.0,1596.6
1999.0,1555.7
1915.0,1732.0
1251.0,1634.3
1913.0,1635.0
1836.0,1648.1
1938.0,1670.0
1794.0,1763.1
1993.0,1588.2
1476.0,1605.4
1346.0,1663.5
2152.0,1834.4
1922.0,1768.2
1570.0,1660.1
1612.0,1558.5
1482.0,1692.2
1622.0,1680.9
1659.0,1642.6
1823.0,1764.1
1720.0,1668.1
1344.0,1296.5
1653.0,1716.6
1537.0,1660.7
1481.0,1661.3
1833.0,1741.4
1715.0,1745.8
1647.0,1709.8
2177.0,1638.3
1253.0,1242.5
1502.0,1745.8
1975.0,1673.2
1535.0,1648.8
1544.0,1769.4
1247.0,1655.9
1402.0,1848.0
1771.0,1755.5
2139.0,1602.6
1573.0,1694.2
1802.0,1576.8
1831.0,1760.3
1721.0,1729.3
1342.0,1473.0
1998.0,1664.9
1605.0,1581.4
1620.0,1630.4
1629.0,1836.8
1416.0,1610.8
1677.0,1598.2
1357.0,1739.3
2104.0,1554.4
1524.0,1677.2
1652.0,1658.1
1983.0,1490.8
2204.0,1754.3
1856.0,1701.2
1528.0,1590.8
1792.0,1877.9
2092.0,1814.8
1936.0,1771.2
1802.0,1869.6
1657.0,1690.0
2003.0,1533.7
1939.0,1806.1
1790.0,1858.8
1523.0,1690.4
1564.0,1617.8
1415.0,1751.9
1757.0,1664.7
1391.0,1500.9
1219.0,1633.6
1689.0,1659.5
1364.0,1664.2
1322.0,1662.5
1153.0,1501.1
1533.0,1672.3
1601.0,1778.0
1967.0,1637.8
1745.0,1646.1
1413.0,1630.7
1967.0,1666.8
2040.0,1751.4
2195.0,1657.2
1907.0,1426.9
1865.0,1675.9
1449.0,1626.3
1314.0,1680.7
1455.0,1628.9
1752.0,1684.2
2034.0,1828.4
1635.0,1746.8
1784.0,1564.9
1085.0,1538.6
1604.0,1712.1
1733.0,1763.6
1624.0,1637.4
1868.0,1599.4
1476.0,1453.9
1733.0,1680.8
1850.0,1712.1
1704.0,1686.6
1917.0,1668.4
1762.0,1697.3
1752.0,1689.9
1717.0,1691.6
1006.0,1606.2
1549.0,1636.6
2018.0,1862.7
1904.0,1650.6
1365.0,1688.6
1644.0,1657.6
1476.0,1612.8
1469.0,1604.7
1323.0,1693.9
1664.0,1763.0
1362.0,1690.2
1903.0,1673.2
1574.0,1674.0
1519.0,1573.9
1714.0,1802.4
1724.0,1618.6
2108.0,1753.4
1836.0,1511.5
1660.0,1664.0
1730.0,1726.0
1856.0,1621.3
1982.0,1606.7
1430.0,1751.4
1764.0,1807.8
1925.0,1877.5
1969.0,1692.7
1631.0,1657.9
1995.0,1721.8
1791.0,1631.7
1773.0,1635.8
1808.0,1717.5
1928.0,1609.1
1024.0,1656.0
1429.0,1617.7
2091.0,1625.2
1616.0,1650.4
1583.0,1689.9
1634.0,1592.9
1584.0,1632.3
1772.0,1742.5
1728.0,1659.0
1217.0,1570.9
1745.0,1863.4
1606.0,1591.9
1324.0,1592.7
1589.0,1668.8
1829.0,1856.1
1983.0,1677.6
1858.0,1686.1
1837.0,1831.3
1239.0,1700.8
2096.0,1757.7
1638.0,1586.8
1790.0,1811.8
1806.0,1686.5
1695.0,1850.7
2111.0,1730.2
1222.0,1619.7
1650.0,1656.1
1997.0,1667.8
1751.0,1843.9
1647.0,1645.5
1276.0,1612.8
1386.0,1648.6
1663.0,1650.0
1550.0,1562.9
1814.0,1663.7
2193.0,1771.8
1662.0,1611.5
1592.0,1775.0
1930.0,1876.0
1968.0,1673.3
1826.0,1696.8
1145.0,1648.4
2079.0,1753.9
1663.0,1655.2
2221.0,1686.8
1314.0,1573.4
1185.0,1640.0
1989.0,1624.3
1608.0,1629.5
1396.0,1678.5
1654.0,1657.7
1598.0,1706.0
1764.0,1691.5
1278.0,1607.6
1965.0,1775.7
2010.0,1811.4
1573.0,1608.4
2212.0,1608.3
2004.0,1686.4
1486.0,1626.5
1744.0,1601.8
1699.0,1692.4
1796.0,1661.7
1790.0,1708.3
1805.0,1643.1
1705.0,1708.4
1303.0,1555.9
1496.0,1543.8
1419.0,1622.2
2183.0,1668.4
2179.0,1798.2
2052.0,1683.1
1151.0,1544.4
1883.0,1733.4
1972.0,1718.1
1532.0,1725.4
1436.0,1661.5
1332.0,1638.2
1638.0,1573.7
2042.0,1733.9
1526.0,1613.8
1800.0,1576.6
1489.0,1630.7
1801.0,1660.7
1587.0,1637.3
1861.0,1632.1
1989.0,1758.7
1199.0,1634.9
1974.0,1801.3
1563.0,1881.0
1410.0,1651.3
1787.0,1691.2
1556.0,1728.4
1789.0,1624.6
1447.0,1716.3
1946.0,1732.2
1616.0,1711.6
1772.0,1653.2
1456.0,1471.8
1581.0,1531.5
1313.0,1709.6
1811.0,1587.7
1787.0,1709.6
2073.0,1729.7
1740.0,1769.5
1464.0,1382.0
2013.0,1783.8
1772.0,1671.6
1955.0,1862.5
1914.0,1658.6
1169.0,1310.1
1365.0,1651.2
1353.0,1616.8
1343.0,1622.2
1691.0,1566.6
1992.0,1674.7
1361.0,1619.7
1589.0,1637.6
1691.0,1556.8
1516.0,1730.4
1147.0,1560.8
1735.0,1709.2
1408.0,1666.0
1578.0,1715.8
1903.0,1680.0
1964.0,1663.3
1474.0,1714.3
1899.0,1697.4
1234.0,1510.1
1713.0,1606.8
1741.0,1606.2
1496.0,1532.1
1615.0,1644.5
1257.0,1565.3
1549.0,1489.7
1686.0,1685.7
1377.0,1779.2
1625.0,1583.5
1326.0,1633.3
1895.0,1737.4
1213.0,1225.1
1923.0,1526.1
1647.0,1637.4
1709.0,1647.2
2148.0,1758.7
1159.0,1243.5
1864.0,1707.2
1998.0,1678.5
1690.0,1583.8
1482.0,1683.6
1807.0,1753.0
2118.0,1762.3
1867.0,1635.3
1678.0,1677.3
1893.0,1589.9
2048.0,1643.4
2026.0,1748.9
1835.0,1595.1
2184.0,1631.2
1591.0,1618.6
1663.0,1702.8
1947.0,1735.4
1642.0,1571.0
1724.0,1676.2
1986.0,1646.5
1229.0,1287.4
2044.0,1660.6
1353.0,1656.3
2029.0,1564.8
2007.0,1636.5
1427.0,1253.2
1466.0,1722.7
1165.0,1549.7
1404.0,1614.5
2272.0,1745.7
1790.0,1583.3
1739.0,1597.3
2086.0,1812.2
1802.0,1631.3
1753.0,1755.5
1521.0,1631.9
1919.0,1791.4
2042.0,1638.2
1775.0,1701.7
1725.0,1750.8
1628.0,1634.9
1850.0,1600.1
1808.0,1713.2
1116.0,1670.1
1778.0,1657.4
1552.0,1616.4
1441.0,1602.9
1707.0,1697.7
1490.0,1666.4
1823.0,1690.7
1710.0,1745.9
1639.0,1644.3
1469.0,1632.2
1615.0,1662.1
1633.0,1713.6
2019.0,1766.2
1673.0,1682.6
1823.0,1714.6
1475.0,1705.4
1555.0,1749.3
2138.0,1674.0
1765.0,1585.7
1134.0,1601.6
1308.0,1581.7
1346.0,1580.7
1700.0,1516.6
1646.0,1751.3
1543.0,1839.9
1499.0,1678.2
1740.0,1709.9
1558.0,1582.7
1557.0,1659.5
1584.0,1697.9
1662.0,1618.2
1668.0,1678.7
1274.0,1486.6
1829.0,1726.6
1559.0,1697.0
1786.0,1743.9
1735.0,1695.5
1905.0,1531.3
1108.0,1181.7
1906.0,1655.4
1901.0,1851.1
1380.0,1509.4
1692.0,1676.7
1861.0,1707.4
1401.0,1647.0
1644.0,1626.1
1621.0,1599.6
1558.0,1638.9
1807.0,1695.4
1975.0,1600.5
1335.0,1581.3
1696.0,1662.9
1881.0,1717.0
2282.0,1743.0
1488.0,1509.3
1526.0,1677.5
1582.0,1613.2
1477.0,1603.5
1623.0,1583.8
1562.0,1549.6
1636.0,1777.2
1712.0,1716.9
2090.0,1706.3
1745.0,1696.9
1371.0,1604.7
1800.0,1712.0
1766.0,1791.2
1289.0,1534.5
1508.0,1653.6
1722.0,1637.5
1868.0,1539.7
1653.0,1866.4
1821.0,1678.4
1693.0,1676.7
1750.0,1607.5
1952.0,1793.6
1656.0,1737.3
1719.0,1644.0
1714.0,1679.5
1638.0,1693.0
2150.0,1608.0
1373.0,1564.4
1962.0,1671.2
1508.0,1634.6
1325.0,1626.1
1465.0,1542.4
2232.0,1695.2
1594.0,1652.2
1505.0,1728.0
1939.0,1639.2
1598.0,1685.1
1775.0,1742.6
1700.0,1648.8
1685.0,1693.0
1547.0,1619.7
1254.0,1682.5
1581.0,1691.3
2179.0,1753.5
2013.0,1719.3
1407.0,1783.0
1637.0,1637.1
1423.0,1730.4
1166.0,1530.6
1709.0,1689.0
1799.0,1560.5
1381.0,1656.5
1458.0,1763.4
1509.0,1642.6
2178.0,1808.8
1513.0,1534.4
1514.0,1660.6
1786.0,1598.1
1909.0,1590.2
1865.0,1655.6
1518.0,1661.0
1513.0,1576.8
1557.0,1812.5
1864.0,1756.1
1415.0,1819.2
1243.0,1581.6
1545.0,1677.6
1121.0,1652.1
2159.0,1717.9
1729.0,1703.0
1620.0,1657.7
2266.0,1835.5
1843.0,1703.6
1866.0,1767.7
1230.0,1703.5
1844.0,1641.8
1485.0,1654.7
1757.0,1666.5
1981.0,1615.5
1870.0,1809.8
2096.0,1840.2
1509.0,1519.7
1832.0,1685.0
1685.0,1616.5
1675.0,1611.3
1756.0,1678.8
1891.0,1596.2
1658.0,1663.7
1473.0,1650.4
1556.0,1547.9
1680.0,1707.6
1753.0,1591.6
2318.0,1658.8
1557.0,1620.2
2152.0,1725.6
1658.0,1575.7
1351.0,1632.3
1674.0,1684.1
1467.0,1619.6
1761.0,1658.3
2036.0,1633.7
1864.0,1568.6
1459.0,1672.8
1677.0,1651.2
1827.0,1653.3
1254.0,1624.3
1152.0,1582.5
1444.0,1641.8
1495.0,1714.4
1928.0,1586.8
1824.0,1684.7
1759.0,1646.4
1920.0,1795.4
1958.0,1773.7
1906.0,1752.2
1961.0,1614.8
1495.0,1649.9
1621.0,1545.8
1438.0,1589.0
1622.0,1665.0
1523.0,1724.6
2030.0,1796.6
1351.0,1621.6
1539.0,1732.2
1754.0,1733.0
1591.0,1666.2
1661.0,1708.7
1811.0,1712.3
1488.0,1733.7
1994.0,1699.9
1179.0,1639.6
1892.0,1657.6
1819.0,1695.2
1312.0,1570.6
2379.0,1550.1
2012.0,1713.8
2077.0,1748.3
1577.0,1622.9
1994.0,1686.3
1414.0,1634.2
1411.0,1734.7
1377.0,1655.1
1851.0,1657.9
2144.0,1846.9
1423.0,1270.0
1930.0,1738.6
1495.0,1574.8
1647.0,1669.9
1354.0,1645.0
1824.0,1604.0
1521.0,1700.9
1594.0,1698.2
1495.0,1678.6
1356.0,1636.2
1212.0,1607.1
2093.0,1738.9
1877.0,1745.2
1345.0,1664.9
1456.0,1286.3
1170.0,1609.8
1572.0,1604.0
1594.0,1735.1
1816.0,1585.0
1557.0,1648.7
1798.0,1728.7
2149.0,1635.3
1924.0,1763.7
1603.0,1640.4
1825.0,1675.2
1959.0,1774.1
1386.0,1511.8
1794.0,1878.4
1398.0,1609.7
1385.0,1605.4
1810.0,1754.3
1244.0,1613.0
1509.0,1641.4
1822.0,1679.2
2091.0,1724.9
1629.0,1622.2
1460.0,1583.0
2102.0,1780.6
1628.0,1644.5
1517.0,1656.4
1046.0,1627.4
1584.0,1714.2
1449.0,1613.9
1503.0,1595.9
1257.0,1244.9
1273.0,1602.1
1720.0,1854.8
1362.0,1636.2
1479.0,1677.2
1083.0,1680.7
1567.0,1667.3
1929.0,1758.4
1677.0,1679.4
1617.0,1712.4
2234.0,1654.6
1986.0,1724.4
1433.0,1635.4
1483.0,1664.3
2071.0,1691.4
1834.0,1771.8
1816.0,1657.2
1780.0,1609.2
1213.0,1560.0
1737.0,1720.6
1671.0,1710.2
1664.0,1650.5
1152.0,1598.1
1517.0,1673.0
1906.0,1643.1
1901.0,1653.2
1356.0,1633.5
1736.0,1680.5
1557.0,1654.1
1726.0,1678.4
1476.0,1559.6
1823.0,1699.2
1967.0,1550.1
1763.0,1546.5
1629.0,1747.6
1633.0,1726.9
1520.0,1620.1
1968.0,1620.6
1692.0,1643.3
1370.0,1701.5
2137.0,1780.2
1525.0,1671.4
1205.0,1530.2
1638.0,1552.5
1828.0,1736.3
1955.0,1663.7
1669.0,1670.5
1484.0,1835.3
1111.0,1297.8
1305.0,1708.6
1909.0,1719.9
1988.0,1775.4
1715.0,1676.2
1512.0,1567.5
1616.0,1611.2
2251.0,1741.6
1318.0,1622.6
1695.0,1692.3
2001.0,1634.5
1380.0,1573.6
2073.0,1712.2
1402.0,1684.3
1695.0,1605.7
1156.0,1645.7
1999.0,1524.4
1800.0,1611.3
2167.0,1737.2
1595.0,1619.1
1827.0,1696.4
1747.0,1644.0
1425.0,1762.6
1233.0,1225.6
1525.0,1640.6
1345.0,1642.1
1723.0,1672.1
2191.0,1746.0
1799.0,1657.8
2006.0,1625.0
1225.0,1713.6
1563.0,1591.1
1818.0,1642.3
1700.0,1653.7
1505.0,1646.1
1670.0,1847.3
1911.0,1898.9
1665.0,1659.3
1561.0,1664.7
1403.0,1659.7
1622.0,1686.0
1816.0,1751.5
1283.0,1674.4
1778.0,1709.1
1390.0,1572.8
1941.0,1668.4
1748.0,1752.6
1747.0,1653.2
1768.0,1623.0
1997.0,1678.5
1457.0,1541.2
1397.0,1661.8
1436.0,1569.9
1790.0,1544.0
1753.0,1591.0
1652.0,1690.7
1653.0,1590.0
1837.0,1761.2
1582.0,1728.6
1993.0,1807.5
1835.0,1738.5
1312.0,1815.0
2190.0,1629.4
1724.0,1641.7
1665.0,1795.3
1814.0,1556.6
1600.0,1763.6
1610.0,1679.9
1768.0,1618.8
1594.0,1622.3
1769.0,1627.3
1949.0,1755.8
1635.0,1605.0
1772.0,1685.3
2250.0,1683.5
1539.0,1622.9
1878.0,1501.3
1601.0,1706.8
1760.0,1656.2
2031.0,1657.0
1680.0,1637.4
2175.0,1543.8
1737.0,1616.6
1952.0,1742.4
1377.0,1533.3
2251.0,1638.0
2071.0,1543.2
1825.0,1593.3
1643.0,1598.1
1672.0,1472.1
1774.0,1690.5
1762.0,1714.2
1972.0,1805.4
1586.0,1609.2
1900.0,1652.9
1735.0,1690.2
1327.0,1740.7
1956.0,1713.8
1377.0,1676.2
1953.0,1654.6
1460.0,1694.4
1871.0,1665.3
1587.0,1676.0
1473.0,1709.1
1574.0,1600.9
1966.0,1551.5
1694.0,1576.0
1605.0,1627.7
1598.0,1658.4
1922.0,1634.5
2107.0,1686.9
1891.0,1826.8
1442.0,1695.9
1793.0,1793.3
1325.0,1527.3
1688.0,1570.5
1646.0,1721.7
1377.0,1464.7
1655.0,1631.6
2236.0,1807.0
1845.0,1682.1
1508.0,1690.8
1861.0,1689.5
1577.0,1610.8
1823.0,1616.3
1553.0,1662.0
1934.0,1699.6
1377.0,1623.6
1528.0,1540.5
1932.0,1893.9
1276.0,1564.5
1780.0,1615.3
1832.0,1678.7
1741.0,1655.2
1631.0,1650.8
1851.0,1618.9
1596.0,1614.2
1702.0,1679.2
1199.0,1659.0
1081.0,1599.5
1710.0,1546.6
1496.0,1573.1
1782.0,1705.2
1839.0,1648.5
1552.0,1681.5
1387.0,1710.3
1368.0,1575.7
1823.0,1690.6
1970.0,1625.9
1467.0,1610.5
1679.0,1678.6
1859.0,1672.3
1431.0,1670.9
1274.0,1675.9
1807.0,1543.7
1894.0,1632.4
1699.0,1584.0
1900.0,1699.9
1897.0,1633.2
1606.0,1681.4
1501.0,1489.0
1812.0,1656.0
1658.0,1670.7
1428.0,1570.5
1553.0,1609.9
1643.0,1626.6
1701.0,1793.5
1913.0,1659.9
1980.0,1655.1
1252.0,1646.7
1930.0,1744.4
1933.0,1875.5
1710.0,1658.9
1634.0,1646.8
1503.0,1738.4
1917.0,1871.8
1719.0,1695.6
1719.0,1565.7
1394.0,1638.3
1585.0,1617.3
2284.0,1695.5
1839.0,1699.7
1721.0,1628.4
2367.0,1698.6
1532.0,1633.5
1314.0,1709.0
1604.0,1835.8
1279.0,1522.3
2150.0,1520.7
1995.0,1726.9
1254.0,1639.2
2119.0,1811.5
1515.0,1581.2
1602.0,1682.9
1634.0,1675.2
1960.0,1690.8
1566.0,1628.7
1700.0,1765.3
1876.0,1639.0
1272.0,1534.2
1552.0,1635.1
1377.0,1582.9
1691.0,1739.9
1975.0,1613.5
1615.0,1646.1
1693.0,1658.0
1695.0,1695.3
1879.0,1741.0
2039.0,1797.1
1409.0,1704.6
1543.0,1747.7
1614.0,1743.6
1448.0,1597.6
1462.0,1733.8
1357.0,1643.9
1906.0,1730.2
1918.0,1704.0
1357.0,1630.2
1639.0,1688.4
1640.0,1750.6
1257.0,1634.1
1467.0,1493.5
2149.0,1858.6
1254.0,1548.8
2047.0,1679.3
1442.0,1629.6
2206.0,1765.8
2349.0,1596.7
1606.0,1631.4
1672.0,1853.1
1800.0,1675.5
1604.0,1682.0
2039.0,1571.6
1310.0,1504.6
2088.0,1797.7
1694.0,1639.7
1515.0,1735.4
1765.0,1639.8
1384.0,1567.6
1795.0,1687.5
1615.0,1634.6
1658.0,1783.7
1623.0,1750.6
1307.0,1685.9
1762.0,1741.1
1231.0,1647.3
1696.0,1693.8
1358.0,1569.1
1449.0,1583.4
1962.0,1610.8
1783.0,1672.3
2008.0,1800.4
1598.0,1583.2
1197.0,1635.8
1789.0,1600.0
1675.0,1697.8
1665.0,1696.7
2129.0,1668.3
1871.0,1843.9
1539.0,1645.9
1847.0,1698.5
1770.0,1680.1
1628.0,1797.1
1868.0,1699.8
1558.0,1614.3
1935.0,1744.1
1915.0,1789.7
1664.0,1703.8
1599.0,1680.6
1486.0,1709.3
1905.0,1720.8
1464.0,1659.3
1766.0,1666.6
1702.0,1751.1
1600.0,1626.8
1676.0,1571.1
1684.0,1432.5
1506.0,1609.7
1373.0,1569.0
1899.0,1668.7
1635.0,1658.3
1969.0,1714.1
1947.0,1657.8
1777.0,1704.8
1063.0,1632.1
1475.0,1742.4
1699.0,1631.9
1682.0,1620.6
1621.0,1728.6
1584.0,1561.9
1288.0,1602.9
1514.0,1652.2
1594.0,1634.3
1270.0,1709.4
1222.0,1803.4
1292.0,1605.0
1706.0,1780.6
1120.0,1565.0
1811.0,1736.7
1408.0,1602.8
1925.0,1918.6
1649.0,1562.3
1991.0,1828.6
1837.0,1648.6
1768.0,1758.4
1610.0,1701.1
1660.0,1510.8
1482.0,1628.8
1957.0,1759.4
1861.0,1636.8
1807.0,1675.3
1540.0,1592.1
1725.0,1745.5
1754.0,1643.3
1544.0,1658.7
1760.0,1677.1
1900.0,1739.2
1585.0,1567.6
1147.0,1676.9
1760.0,1688.2
1762.0,1666.6
1496.0,1711.5
1629.0,1700.6
2015.0,1536.1
1732.0,1535.6
1637.0,1642.0
1953.0,1715.1
1786.0,1857.4
2071.0,1623.5
1906.0,1620.7
1377.0,1644.8
1864.0,1719.0
1440.0,1722.3
1917.0,1690.9
1441.0,1669.5
1286.0,1779.8
1636.0,1662.8
1675.0,1709.0
1580.0,1685.9
1705.0,1789.1
1810.0,1883.7
1639.0,1555.9
1732.0,1645.4
1583.0,1605.5
1696.0,1658.9
1810.0,1671.3
1371.0,1635.5
1663.0,1590.8
1515.0,1717.5
1263.0,1630.2
1719.0,1567.7
1271.0,1286.0
1450.0,1683.7
1126.0,1617.7
1790.0,1704.1
1621.0,1576.8
1376.0,1664.9
1299.0,1697.6
1884.0,1717.1
1700.0,1680.0
1723.0,1662.2
1883.0,1638.1
1436.0,1664.7
1294.0,1687.2
2018.0,1717.5
1764.0,1605.2
1171.0,1652.2
1824.0,1630.5
1417.0,1682.7
1478.0,1679.8
1197.0,1679.5
1507.0,1757.3
1523.0,1844.3
1653.0,1557.6
1838.0,1766.2
1769.0,1706.0
1762.0,1861.5
1832.0,1684.8
1692.0,1725.3
1701.0,1733.8
1555.0,1745.8
1629.0,1703.4
2138.0,1867.2
1444.0,1711.4
1975.0,1636.6
2087.0,1623.7
2009.0,1785.1
1711.0,1337.2
1582.0,1599.7
1226.0,1632.1
1654.0,1662.1
1503.0,1636.5
1567.0,1629.6
1820.0,1690.8
1354.0,1674.0
1590.0,1623.8
1549.0,1620.1
1587.0,1773.6
1048.0,1541.7
1422.0,1694.0
1934.0,1686.4
1474.0,1731.8
1515.0,1629.2
1996.0,1663.4
1718.0,1692.8
1388.0,1735.8
1277.0,1217.0
1491.0,1712.4
1640.0,1663.9
1478.0,1721.5
1384.0,1667.1
1767.0,1632.7
1841.0,1603.0
1789.0,1610.7
1719.0,1791.0
1777.0,1760.3
1615.0,1580.3
1589.0,1756.9
1876.0,1584.8
1911.0,1651.7
1448.0,1646.0
1567.0,1575.1
1979.0,1768.4
2181.0,1714.8
1898.0,1709.9
1940.0,1654.5
1870.0,1850.2
1477.0,1601.1
1551.0,1577.1
1949.0,1649.7
1124.0,1681.6
1428.0,1699.2
1536.0,1731.5
1477.0,1663.4
1630.0,1780.7
1633.0,1602.4
1297.0,1713.5
1881.0,1692.9
1989.0,1782.7
1606.0,1430.0
1605.0,1709.5
1838.0,1643.8
1704.0,1714.5
1561.0,1559.1
1961.0,1675.0
1969.0,1628.9
1680.0,1591.3
1221.0,1581.7
1725.0,1707.2
1524.0,1615.4
1991.0,1590.9
1550.0,1740.2
1569.0,1883.2
2055.0,1765.6
2260.0,1820.9
1290.0,1267.8
1885.0,1885.4
1468.0,1718.6
1992.0,1649.0
1825.0,1628.8
1670.0,1654.7
1506.0,1731.2
1766.0,1640.9
1670.0,1601.7
1850.0,1767.9
1522.0,1607.4
1534.0,1768.1
1654.0,1763.5
1422.0,1550.3
2056.0,1753.2
1374.0,1633.9
1160.0,1624.6
2025.0,1676.6
1570.0,1598.7
1256.0,1592.3
1412.0,1617.9
2019.0,1735.9
1414.0,1741.2
1689.0,1693.7
1717.0,1618.3
2053.0,1749.1
1075.0,1255.1
1816.0,1673.4
1664.0,1634.8
1461.0,1345.8
1825.0,1676.8
1481.0,1687.3
1740.0,1614.6
1785.0,1739.4
1914.0,1663.8
1755.0,1728.3
1884.0,1708.3
1859.0,1676.1
2065.0,1931.1
1384.0,1632.8
1342.0,1575.7
1324.0,1711.9
1598.0,1794.2
1522.0,1515.7
1375.0,1689.8
1901.0,1756.0
1320.0,1649.7
1412.0,1560.0
1603.0,1680.0
1811.0,1562.1
1355.0,1664.7
1705.0,1617.1
1781.0,1679.9
1359.0,1694.6
1736.0,1578.1
1889.0,1694.6
1702.0,1692.1
1774.0,1632.4
1719.0,1679.5
1658.0,1646.4
1840.0,1702.6
1603.0,1564.3
1358.0,1608.5
1615.0,1744.6
1700.0,1574.4
1692.0,1767.7
1837.0,1647.5
1921.0,1685.6
1755.0,1667.8
1949.0,1657.8
1669.0,1619.1
1869.0,1667.0
1494.0,1651.8
1829.0,1634.5
1744.0,1749.7
1527.0,1668.1
2045.0,1715.3
1179.0,1652.8
1423.0,1535.3
1507.0,1806.5
2062.0,1798.1
1262.0,1593.5
1942.0,1632.5
1805.0,1664.8
1599.0,1693.0
2016.0,1644.2
1938.0,1721.1
1134.0,1238.7
1670.0,1759.0
1946.0,1738.2
1699.0,1721.4
1975.0,1793.8
1622.0,1586.2
1580.0,1566.6
1642.0,1678.6
1695.0,1734.8
1648.0,1619.6
1375.0,1669.8
1610.0,1655.0
1705.0,1775.5
2059.0,1656.8
1695.0,1631.4
1243.0,1676.5
1591.0,1682.6
1115.0,1547.2
1806.0,1532.9
1836.0,1712.5
1663.0,1758.7
1747.0,1652.1
1674.0,1695.0
1664.0,1526.0
1783.0,1604.3
1542.0,1587.5
1623.0,1741.5
1644.0,1654.4
1579.0,1647.7
1899.0,1653.7
2028.0,1635.6
1709.0,1672.4
1882.0,1676.8
1828.0,1630.5
1241.0,1651.9
1754.0,1550.6
1371.0,1776.6
1921.0,1693.5
1982.0,1758.9
1527.0,1639.3
1608.0,1678.1
1795.0,1654.3
1639.0,1639.2
1235.0,1576.2
1960.0,1655.3
1473.0,1601.5
1449.0,1529.4
1713.0,1820.5
1615.0,1654.4
1369.0,1649.3
1950.0,1825.6
1735.0,1644.8
1537.0,1598.8
1339.0,1661.7
1621.0,1637.9
1596.0,1802.3
1304.0,1674.4
1716.0,1684.2
1643.0,1706.6
1610.0,1764.7
1449.0,1690.8
1699.0,1660.8
1761.0,1648.3
1602.0,1796.6
1873.0,1743.6
1891.0,1752.5
1773.0,1662.6
1762.0,1706.3
1457.0,1671.4
1802.0,1874.8
1671.0,1605.8
1916.0,1774.5
1298.0,1274.5
1665.0,1673.3
1921.0,1730.9
1299.0,1487.5
1800.0,1637.5
1410.0,1557.4
1763.0,1740.5
1670.0,1601.2
1790.0,1627.6
1827.0,1675.0
1549.0,1586.3
1240.0,1718.9
1540.0,1547.8
1852.0,1590.2
1484.0,1669.0
1187.0,1263.8
1739.0,1622.8
1474.0,1647.7
2188.0,1700.3
1197.0,1633.8
1631.0,1596.4
1550.0,1612.5
1819.0,1617.1
1337.0,1687.8
1695.0,1636.6
1865.0,1737.5
1644.0,1669.9
1961.0,1631.6
1927.0,1661.0
1946.0,1642.6
1471.0,1578.1
1562.0,1600.8
1877.0,1666.4
1374.0,1835.2
1541.0,1630.3
1977.0,1558.2
1159.0,1732.6
1593.0,1539.5
1347.0,1650.3
1841.0,1640.2
1393.0,1633.0
1433.0,1555.1
1632.0,1607.3
1272.0,1296.0
1966.0,1668.9
1978.0,1796.8
1395.0,1619.9
1490.0,1710.1
1755.0,1732.1
1417.0,1696.5
1735.0,1708.1
1293.0,1625.5
1398.0,1585.1
1567.0,1737.9
1912.0,1651.5
1109.0,1686.0
1517.0,1690.1
1196.0,1662.4
1741.0,1629.6
1259.0,1607.8
1770.0,1701.2
1737.0,1626.7
1206.0,1562.8
1363.0,1656.0
1366.0,1678.7
1956.0,1657.0
1593.0,1673.6
1720.0,1776.6
1775.0,1675.1
1354.0,1601.8
1718.0,1672.9
1905.0,1691.8
1739.0,1625.3
1826.0,1649.2
1933.0,1678.4
1424.0,1613.3
1623.0,1548.8
1360.0,1662.6
1673.0,1609.4
1846.0,1622.7
1570.0,1618.1
1568.0,1713.5
1455.0,1662.6
1706.0,1679.1
1630.0,1637.5
1364.0,1667.9
1824.0,1623.7
1336.0,1692.5
1678.0,1535.9
1953.0,1772.8
2048.0,1632.5
1197.0,1595.1
1461.0,1623.3
1757.0,1768.9
1573.0,1680.7
1836.0,1652.1
1618.0,1756.9
1730.0,1706.5
1691.0,1643.0
1925.0,1737.2
1315.0,1555.0
1660.0,1593.3
1468.0,1675.2
1546.0,1704.0
1277.0,1336.4
1749.0,1768.1
2017.0,1843.7
1739.0,1625.1
2000.0,1838.6
1243.0,1683.9
1631.0,1682.7
1722.0,1658.7
1797.0,1779.2
1604.0,1697.6
1761.0,1648.2
1806.0,1597.6
1770.0,1648.1
2039.0,1652.8
1554.0,1640.8
1825.0,1745.4
1759.0,1668.2
1681.0,1821.7
1713.0,1620.2
1747.0,1628.5
1725.0,1676.9
1509.0,1655.1
1548.0,1708.8
1767.0,1798.8
1908.0,1791.1
1370.0,1676.7
2114.0,1673.7
1884.0,1641.2
1579.0,1726.3
1921.0,1708.9
1774.0,1703.1
1751.0,1752.0
1497.0,1643.7
1621.0,1594.2
1543.0,1656.6
2075.0,1700.2
1903.0,1865.7
1317.0,1579.0
1949.0,1636.5
1621.0,1653.5
1342.0,1543.8
2009.0,1766.1
1350.0,1425.6
1534.0,1647.0
1908.0,1599.0
1135.0,1614.1
1359.0,1683.0
1443.0,1517.1
2182.0,1762.7
1705.0,1505.9
1505.0,1666.7
1817.0,1717.1
1095.0,1240.1
1734.0,1760.1
1728.0,1690.6
1660.0,1617.2
1352.0,1394.9
1566.0,1643.5
1425.0,1745.8
1982.0,1878.3
1562.0,1756.8
1482.0,1609.1
2086.0,1717.9
1941.0,1749.3
1337.0,1713.8
1840.0,1788.6
1255.0,1578.3
1427.0,1701.0
1570.0,1663.3
1821.0,1680.0
1654.0,1602.5
2181.0,1737.7
1437.0,1655.0
1976.0,1759.6
1721.0,1597.7
1715.0,1643.9
1482.0,1600.9
1762.0,1667.7
1599.0,1556.5
2065.0,1638.9
1537.0,1676.1
1266.0,1596.8
1675.0,1675.5
1812.0,1693.8
1964.0,1627.7
1338.0,1235.8
1529.0,1613.9
1391.0,1663.1
1743.0,1606.6
1631.0,1704.1
1789.0,1587.9
1500.0,1638.6
1962.0,1867.2
1309.0,1507.2
1856.0,1708.0
1296.0,1613.2
1624.0,1642.0
1585.0,1686.9
1651.0,1636.5
2028.0,1689.6
1568.0,1769.0
1540.0,1649.2
1952.0,1636.1
1913.0,1714.8
1962.0,1691.1
1573.0,1624.0
1715.0,1650.3
1720.0,1641.2
1473.0,1627.4
1296.0,1421.3
1713.0,1684.1
1457.0,1564.2
1476.0,1672.7
1354.0,1670.7
1699.0,1604.5
1938.0,1589.4
1892.0,1563.0
1594.0,1561.0
1657.0,1756.1
1475.0,1571.8
1523.0,1595.6
1642.0,1750.1
1643.0,1656.8
1650.0,1654.8
2109.0,1688.2
1226.0,1567.1
1840.0,1688.1
1053.0,1227.9
1445.0,1731.8
1461.0,1701.3
1837.0,1697.4
1791.0,1881.3
1080.0,1667.5
1521.0,1711.6
1810.0,1597.4
1739.0,1753.2
2093.0,1640.0
1802.0,1801.0
1644.0,1657.4
1824.0,1675.5
1502.0,1669.3
1922.0,1569.7
1679.0,1621.8
1458.0,1582.1
1586.0,1712.3
1929.0,1591.1
1806.0,1668.0
1824.0,1715.6
1332.0,1568.8
1919.0,1610.7
1906.0,1856.2
1877.0,1653.8
1864.0,1583.7
1681.0,1639.3
1682.0,1582.8
1779.0,1514.0
1655.0,1595.7
1193.0,1655.4
1686.0,1743.0
1789.0,1660.0
2217.0,1511.6
1550.0,1600.7
2038.0,1652.8
1590.0,1558.8
