true_rating,predicted_rating
1697.0,1658.4
1590.0,1703.5
2206.0,1675.2
1780.0,1607.9
1443.0,1722.3
1780.0,1686.2
1619.0,1668.6
1223.0,1623.2
1674.0,1653.4
1953.0,1695.8
2135.0,1681.1
1383.0,1602.0
1621.0,1700.1
1491.0,1646.2
1653.0,1623.5
1359.0,1656.4
1986.0,1679.2
1576.0,1692.6
1717.0,1641.4
1458.0,1684.5
1862.0,1712.5
1907.0,1662.0
1540.0,1689.5
1664.0,1700.7
1476.0,1702.1
1496.0,1693.8
1965.0,1643.8
1767.0,1684.0
1668.0,1646.6
1960.0,1720.4
1418.0,1718.1
1554.0,1651.7
1740.0,1640.2
1617.0,1664.5
2210.0,1702.2
2241.0,1657.2
1487.0,1704.6
1611.0,1650.6
1889.0,1746.9
1500.0,1660.1
1853.0,1648.4
1733.0,1642.9
1623.0,1664.6
2237.0,1827.7
1693.0,1631.1
1649.0,1657.9
1977.0,1698.5
1823.0,1603.0
1746.0,1659.9
1435.0,1662.9
1411.0,1661.5
1702.0,1807.5
1467.0,1609.8
1986.0,1694.0
1597.0,1660.5
1310.0,1677.7
2029.0,1759.8
1179.0,1590.9
1951.0,1630.9
1748.0,1681.8
2127.0,1888.8
1976.0,1658.0
1759.0,1646.9
1054.0,1623.9
1326.0,1657.6
1909.0,1645.6
1503.0,1651.1
1907.0,1674.0
1524.0,1692.7
1816.0,1859.6
1194.0,1688.6
1307.0,1298.3
2115.0,1717.4
1971.0,1487.6
1661.0,1732.5
1558.0,1670.5
1268.0,1598.0
1552.0,1653.2
1737.0,1625.3
1569.0,1648.0
1334.0,1615.5
1539.0,1774.1
1407.0,1639.9
1691.0,1665.3
1508.0,1750.4
1900.0,1684.8
1286.0,1742.3
1705.0,1699.3
2182.0,1722.0
1359.0,1658.2
1670.0,1720.4
1762.0,1633.2
1373.0,1690.3
1480.0,1648.7
1258.0,1629.8
1686.0,1614.8
1659.0,1723.4
1980.0,1675.8
1297.0,1618.9
1526.0,1628.0
1586.0,1665.7
1722.0,1663.0
1464.0,1558.1
1610.0,1620.4
2206.0,1654.9
2030.0,1654.2
2057.0,1560.2
1371.0,1618.1
1584.0,1690.4
1849.0,1673.0
1403.0,1673.1
1723.0,1627.7
1667.0,1659.6
1731.0,1639.3
1549.0,1649.4
1960.0,1636.6
1963.0,1687.8
1704.0,1645.0
1342.0,1553.9
1659.0,1613.5
1624.0,1609.3
1739.0,1697.7
1966.0,1689.0
1355.0,1642.2
1390.0,1707.3
1525.0,1805.9
1562.0,1643.0
1779.0,1692.3
2113.0,1681.3
1266.0,1650.4
1334.0,1639.3
1961.0,1663.5
1803.0,1690.1
1629.0,1638.1
1451.0,1716.2
1707.0,1621.1
2151.0,1875.3
1631.0,1568.8
1928.0,1654.7
1350.0,1587.8
2072.0,1699.1
1785.0,1640.4
1606.0,1659.8
1537.0,1702.6
2130.0,1688.6
1447.0,1628.5
1794.0,1680.9
1958.0,1717.3
1598.0,1618.2
1559.0,1641.7
1252.0,1628.8
1666.0,1560.7
2213.0,1720.2
2010.0,1707.1
1498.0,1625.0
2024.0,1618.8
1891.0,1676.1
1954.0,1639.4
1731.0,1617.7
1944.0,1729.0
1960.0,1651.0
1709.0,1610.7
1656.0,1730.3
1696.0,1686.8
1417.0,1753.9
1594.0,1622.4
1668.0,1709.4
1910.0,1676.8
1762.0,1618.9
1340.0,1611.8
1610.0,1679.3
1939.0,1650.0
1269.0,1589.1
1639.0,1615.1
1964.0,1644.2
1977.0,1701.0
1518.0,1669.1
1870.0,1730.7
1600.0,1645.2
1986.0,1695.5
1560.0,1546.1
1823.0,1605.7
1623.0,1738.7
2079.0,1698.5
1073.0,1609.7
1647.0,1649.9
1459.0,1672.3
1881.0,1697.7
1852.0,1609.0
1588.0,1599.1
1643.0,1737.0
1942.0,1649.8
1870.0,1679.6
1798.0,1633.8
1565.0,1602.2
1405.0,1628.5
1301.0,1652.6
1677.0,1688.4
1698.0,1633.9
1713.0,1600.7
1647.0,1669.3
1729.0,1661.0
1650.0,1676.3
1676.0,1613.1
1544.0,1664.9
1288.0,1617.1
2045.0,1693.6
1408.0,1606.9
1951.0,1730.3
1664.0,1702.3
1283.0,1674.6
2050.0,1587.4
2036.0,1666.9
1639.0,1623.6
2072.0,1664.3
1649.0,1682.6
1947.0,1695.2
2165.0,1736.9
2004.0,1637.9
1938.0,1665.8
1932.0,1654.4
1333.0,1552.0
1645.0,1619.7
1775.0,1690.8
1800.0,1654.6
2009.0,1631.3
1781.0,1642.8
2059.0,1647.1
1577.0,1606.2
1760.0,1525.9
1684.0,1681.9
1612.0,1714.9
1936.0,1778.6
1810.0,1633.7
1607.0,1727.5
1899.0,1690.6
1523.0,1699.0
1264.0,1705.4
1795.0,1648.8
2063.0,1848.1
1786.0,1623.0
1431.0,1692.2
2028.0,1695.4
1660.0,1583.4
2118.0,1663.3
1517.0,1699.9
1337.0,1585.0
1603.0,1625.5
1740.0,1615.8
1080.0,1623.5
1661.0,1657.5
1823.0,1603.7
1140.0,1623.5
1620.0,1751.3
1375.0,1734.4
1706.0,1731.5
1776.0,1708.3
1807.0,1695.9
1321.0,1702.5
2031.0,1587.9
1298.0,1605.1
1729.0,1555.3
1373.0,1600.9
1518.0,1672.9
1817.0,1620.9
1635.0,1610.8
1385.0,1676.0
927.0,1561.4
1920.0,1689.3
1988.0,1643.2
2004.0,1682.0
1654.0,1699.3
1909.0,1724.6
1219.0,1658.6
1598.0,1622.0
1255.0,1647.5
1675.0,1672.5
2053.0,1663.5
1645.0,1696.9
1302.0,1651.5
1973.0,1647.8
1940.0,1756.9
1868.0,1666.8
2085.0,1690.5
1429.0,1704.7
2205.0,1700.6
1825.0,1657.0
1626.0,1712.0
1621.0,1647.5
1540.0,1669.1
1169.0,1628.2
1516.0,1713.7
1829.0,1670.2
1892.0,1622.5
1438.0,1725.0
1221.0,1575.3
2066.0,1838.4
1524.0,1665.0
1692.0,1610.1
1457.0,1688.7
1882.0,1778.7
1831.0,1730.0
1312.0,1651.7
1785.0,1707.5
1901.0,1659.6
1914.0,1674.2
1748.0,1915.5
1726.0,1683.1
2208.0,1623.7
1833.0,1673.5
1959.0,1607.5
1681.0,1644.0
1438.0,1715.4
1948.0,1703.6
1782.0,1618.7
1670.0,1644.1
1272.0,1616.8
1620.0,1638.4
1707.0,1698.3
1800.0,1606.1
1683.0,1684.5
1894.0,1629.9
1766.0,1654.3
1431.0,1599.9
1820.0,1719.6
1675.0,1570.7
1607.0,1682.4
1706.0,1679.6
1572.0,1624.4
2005.0,1652.8
1902.0,1621.1
1745.0,1711.9
1830.0,1663.4
1531.0,1652.8
1185.0,1670.9
1431.0,1549.7
1937.0,1683.5
1838.0,1646.8
1384.0,1630.8
1291.0,1708.2
1949.0,1689.7
1936.0,1724.3
1331.0,1677.5
1629.0,1712.7
1355.0,1650.3
1632.0,1693.5
1369.0,1666.7
1441.0,1413.0
1344.0,1256.2
1868.0,1657.6
1960.0,1712.9
1525.0,1633.3
2057.0,1637.7
1767.0,1689.9
2048.0,1712.1
1666.0,1676.7
1351.0,1650.0
1650.0,1619.9
1666.0,1636.7
1535.0,1635.9
2110.0,1617.6
1234.0,1625.1
1698.0,1658.4
1633.0,1655.4
1709.0,1613.2
1970.0,1668.0
1305.0,1531.2
2308.0,1664.1
1812.0,1639.8
2095.0,1714.3
1623.0,1690.3
1713.0,1635.8
1568.0,1674.4
1530.0,1682.8
1925.0,1614.7
1443.0,1685.7
1881.0,1673.3
1714.0,1695.9
1877.0,1630.1
1745.0,1676.2
1404.0,1657.5
1807.0,1849.8
1507.0,1693.0
1706.0,1685.4
1275.0,1663.5
1954.0,1635.6
2085.0,1648.3
1742.0,1736.8
1897.0,1673.3
1470.0,1694.2
1248.0,1680.1
2057.0,1696.8
1763.0,1625.4
1907.0,1711.3
2052.0,1617.6
1629.0,1662.7
1771.0,1710.7
1091.0,1681.8
1494.0,1634.0
1380.0,1668.8
1833.0,1602.7
1977.0,1652.7
1328.0,1670.0
1501.0,1664.6
1369.0,1634.7
1394.0,1610.5
1718.0,1677.3
1520.0,1696.3
1288.0,1678.0
1300.0,1684.6
1955.0,1674.1
1697.0,1718.7
1431.0,1672.0
1877.0,1687.3
1521.0,1662.4
1915.0,1719.4
1634.0,1605.4
1201.0,1634.8
1981.0,1581.6
1745.0,1650.9
1664.0,1624.4
2104.0,1686.1
1616.0,1671.0
2060.0,1665.7
1736.0,1700.2
1224.0,1664.8
1609.0,1684.3
1964.0,1617.4
1282.0,1719.5
1545.0,1649.3
1775.0,1695.8
1538.0,1644.9
2211.0,1732.9
1274.0,1637.2
1527.0,1649.3
1672.0,1699.8
1932.0,1701.7
2117.0,1637.4
1721.0,1646.9
1340.0,1657.3
2080.0,1717.4
1373.0,1662.9
1987.0,1696.1
1333.0,1681.3
1567.0,1631.6
1656.0,1664.9
1743.0,1649.2
1808.0,1748.2
1174.0,1629.3
1882.0,1703.1
1622.0,1633.8
1404.0,1681.2
1633.0,1630.8
1734.0,1688.3
1629.0,1592.6
1479.0,1601.2
1652.0,1662.3
1554.0,1635.6
1755.0,1704.5
1445.0,1651.3
2301.0,1664.8
1627.0,1672.8
1985.0,1662.0
1493.0,1567.8
2073.0,1745.4
2008.0,1872.6
1256.0,1620.4
1640.0,1601.7
1669.0,1708.9
1856.0,1672.0
1297.0,1721.6
2047.0,1650.4
1591.0,1631.7
1927.0,1704.8
1957.0,1660.2
1566.0,1688.1
1763.0,1668.9
1494.0,1677.1
1641.0,1681.8
1624.0,1749.5
2054.0,1626.0
1678.0,1709.5
1867.0,1688.3
1171.0,1678.1
1727.0,1648.7
2089.0,1684.0
1285.0,1653.5
1505.0,1610.5
1617.0,1704.0
1640.0,1663.4
1711.0,1663.5
1700.0,1683.0
1776.0,1610.1
1330.0,1637.4
1346.0,1622.9
1521.0,1675.4
1738.0,1684.8
1878.0,1685.0
1553.0,1703.1
1342.0,1591.1
1574.0,1654.1
1835.0,1641.2
1981.0,1659.7
1836.0,1617.7
1462.0,1692.5
1651.0,1699.6
1536.0,1657.7
2048.0,1663.1
1803.0,1723.4
1170.0,1672.1
1617.0,1702.3
1392.0,1643.9
1521.0,1612.5
1633.0,1563.5
1311.0,1649.0
1636.0,1680.9
1872.0,1691.1
1900.0,1732.5
1556.0,1690.4
1634.0,1747.2
1916.0,1662.0
1860.0,1681.8
2005.0,1732.3
1295.0,1695.5
1828.0,1676.9
1037.0,1651.9
1500.0,1732.0
1878.0,1673.5
1405.0,1805.5
1728.0,1641.8
1305.0,1641.8
1660.0,1683.9
1945.0,1633.6
1561.0,1697.0
1590.0,1740.9
1340.0,1769.1
1131.0,1689.9
1542.0,1623.2
1350.0,1652.3
1638.0,1648.2
1481.0,1608.3
1993.0,1670.6
1923.0,1732.4
1826.0,1745.9
1696.0,1882.6
1752.0,1706.2
1978.0,1717.1
1770.0,1745.1
1513.0,1643.7
2051.0,1657.2
1586.0,1647.6
1568.0,1639.5
1709.0,1545.5
1792.0,1629.7
1698.0,1887.1
1641.0,1657.7
1930.0,1676.8
1550.0,1655.9
1730.0,1679.1
1625.0,1647.6
1160.0,1700.7
1714.0,1648.9
1684.0,1673.0
1485.0,1641.4
1755.0,1609.6
1772.0,1634.9
1829.0,1736.8
1852.0,1716.3
1505.0,1685.4
1565.0,1686.0
1528.0,1696.9
1479.0,1551.1
1446.0,1662.2
1766.0,1622.9
1741.0,1673.9
1525.0,1654.7
1782.0,1696.4
1736.0,1695.4
1439.0,1721.5
1297.0,1634.7
1632.0,1659.4
1491.0,1593.7
1481.0,1656.8
1993.0,1644.1
1401.0,1597.5
1741.0,1707.5
1989.0,1687.4
1544.0,1711.1
1645.0,1666.2
1615.0,1622.4
1722.0,1676.8
1556.0,1596.6
1398.0,1607.3
1204.0,1648.7
1304.0,1671.7
2029.0,1757.1
1638.0,1707.8
1811.0,1580.1
2233.0,1842.5
1810.0,1713.3
1946.0,1621.7
2049.0,1672.7
1389.0,1682.3
1667.0,1679.0
1637.0,1571.4
1702.0,1663.9
1730.0,1718.2
2137.0,1611.8
1809.0,1670.6
1336.0,1702.4
1684.0,1623.8
1917.0,1673.3
1627.0,1651.9
1993.0,1723.8
1285.0,1611.8
1318.0,1679.0
2032.0,1632.8
1993.0,1692.0
1401.0,1703.0
2065.0,1692.6
1764.0,1663.5
1720.0,1734.1
1610.0,1744.4
1329.0,1627.6
1652.0,1682.4
1668.0,1642.5
1792.0,1634.8
1807.0,1734.0
1559.0,1712.8
1331.0,1744.7
1603.0,1642.0
1670.0,1608.1
1491.0,1590.3
1974.0,1674.3
1853.0,1631.1
1291.0,1761.2
1731.0,1714.9
1627.0,1687.5
1668.0,1697.4
1508.0,1611.9
1439.0,1690.4
1301.0,1659.2
1648.0,1698.2
1808.0,1755.6
1851.0,1685.5
1589.0,1728.8
1491.0,1670.0
1121.0,1708.5
1630.0,1690.0
1677.0,1707.7
1308.0,1692.5
2131.0,1622.1
1450.0,1594.3
1617.0,1631.4
1298.0,1703.4
1931.0,1607.4
1637.0,1669.0
1839.0,1657.5
1881.0,1667.0
1964.0,1724.9
1685.0,1673.5
1705.0,1702.1
2028.0,1823.2
1682.0,1685.2
1529.0,1619.3
1952.0,1718.4
1592.0,1661.0
1754.0,1567.3
1873.0,1727.2
1608.0,1632.8
1837.0,1651.8
1463.0,1696.7
1750.0,1720.1
1386.0,1648.9
1475.0,1711.7
1858.0,1763.8
1665.0,1640.7
1472.0,1710.2
1653.0,1850.1
1879.0,1737.5
1465.0,1646.2
1585.0,1664.0
1427.0,1656.2
1646.0,1610.1
1373.0,1632.5
2048.0,1675.1
1626.0,1621.0
1870.0,1759.8
1072.0,1633.9
1736.0,1668.1
1796.0,1634.1
1436.0,1705.4
2193.0,1707.7
1682.0,1753.0
1920.0,1693.2
1990.0,1673.0
1376.0,1775.6
1646.0,1727.1
1809.0,1667.7
1788.0,1694.4
2206.0,1738.1
1634.0,1712.9
1486.0,1701.3
1776.0,1623.8
1375.0,1642.2
1770.0,1608.3
1630.0,1643.2
1910.0,1672.1
1746.0,1692.9
1521.0,1618.8
1255.0,1675.1
1592.0,1727.1
1609.0,1691.2
1158.0,1623.5
1926.0,1672.6
1583.0,1703.5
1889.0,1681.7
1709.0,1629.4
1587.0,1677.3
1749.0,1727.6
1975.0,1678.1
1682.0,1745.8
1501.0,1672.3
1850.0,1637.2
1701.0,1708.6
1929.0,1738.1
2021.0,1725.0
1718.0,1622.2
1272.0,1678.2
1777.0,1729.8
1962.0,1713.8
1994.0,1805.0
1353.0,1692.6
1685.0,1670.8
1545.0,1693.6
2274.0,1657.8
1487.0,1652.7
1635.0,1686.4
1510.0,1729.8
1454.0,1588.4
1298.0,1699.8
1790.0,1596.6
2237.0,1723.0
1589.0,1689.3
1264.0,1748.4
1958.0,1659.6
1968.0,1863.0
1172.0,1647.6
1499.0,1663.1
1652.0,1638.7
1433.0,1705.2
1292.0,1689.3
1605.0,1712.3
1678.0,1698.7
1573.0,1691.3
1732.0,1676.6
1781.0,1696.4
1886.0,1666.4
1582.0,1681.4
1320.0,1654.9
1507.0,1645.6
1749.0,1684.7
2364.0,1744.2
1502.0,1700.4
1170.0,1654.7
1686.0,1718.6
1867.0,1711.8
1992.0,1871.4
1726.0,1745.2
1757.0,1615.0
1366.0,1658.3
1497.0,1730.5
2128.0,1663.8
1611.0,1605.4
1986.0,1683.9
1348.0,1621.5
1849.0,1662.4
1720.0,1688.6
1510.0,1686.4
1571.0,1620.8
1355.0,1605.8
2074.0,1658.2
2120.0,1662.3
1931.0,1734.9
1637.0,1716.8
1645.0,1670.2
1633.0,1651.3
1384.0,1702.0
1740.0,1702.9
1586.0,1644.7
2035.0,1708.7
1700.0,1666.5
1868.0,1705.0
1508.0,1682.7
1483.0,1646.3
1255.0,1655.4
1898.0,1733.3
1259.0,1618.6
1493.0,1708.3
1993.0,1746.8
1629.0,1594.4
1766.0,1689.0
1985.0,1612.8
1349.0,1536.8
1739.0,1642.7
1536.0,1695.8
1888.0,1617.0
1940.0,1641.2
1721.0,1650.2
1714.0,1743.0
2175.0,1730.6
1724.0,1634.5
1669.0,1689.7
1874.0,1691.5
1655.0,1656.5
1542.0,1649.0
1931.0,1720.5
1089.0,1741.3
2044.0,1746.5
1587.0,1706.4
1625.0,1701.5
1962.0,1565.6
2015.0,1671.9
2217.0,1606.7
1968.0,1674.6
1436.0,1640.9
1913.0,1675.5
1278.0,1671.0
1678.0,1606.7
1956.0,1679.8
1610.0,1643.4
1558.0,1723.7
1899.0,1695.8
1848.0,1744.8
1663.0,1612.2
1282.0,1582.0
1882.0,1702.7
1750.0,1611.5
1723.0,1590.4
1727.0,1639.8
1064.0,1702.8
1819.0,1699.4
1401.0,1664.8
1934.0,1692.3
2131.0,1708.2
1392.0,1639.3
1777.0,1613.9
1399.0,1646.1
1760.0,1594.5
1724.0,1657.9
2153.0,1670.9
1564.0,1628.9
1523.0,1677.7
1672.0,1611.1
1637.0,1728.2
1289.0,1542.6
1963.0,1636.4
1267.0,1619.0
1800.0,1903.8
1913.0,1666.2
1662.0,1681.8
1968.0,1668.2
1778.0,1637.5
1727.0,1671.7
1686.0,1639.2
2170.0,1696.4
1537.0,1634.1
1767.0,1738.8
1186.0,1635.2
1676.0,1690.9
1624.0,1641.3
1698.0,1648.2
1798.0,1626.0
1660.0,1682.3
1769.0,1656.7
1386.0,1649.2
1272.0,1637.5
1602.0,1719.4
1850.0,1655.3
1439.0,1693.5
1689.0,1748.0
1891.0,1570.3
2345.0,1723.8
1438.0,1653.5
1665.0,1691.3
1244.0,1639.3
1450.0,1622.7
1762.0,1704.4
1661.0,1614.9
1827.0,1672.1
1384.0,1645.1
1429.0,1628.0
1921.0,1604.4
1318.0,1723.4
2173.0,1715.0
2026.0,1717.4
1768.0,1656.1
1307.0,1621.3
1727.0,1636.6
1727.0,1627.9
1628.0,1649.3
1813.0,1639.8
1044.0,1272.6
1478.0,1611.3
1963.0,1610.8
1992.0,1692.9
1573.0,1651.7
1955.0,1701.5
1482.0,1710.7
1475.0,1632.1
1358.0,1726.7
1737.0,1761.5
1570.0,1616.6
1317.0,1697.6
1858.0,1705.9
1501.0,1698.1
1946.0,1637.8
1588.0,1695.4
1842.0,1757.1
1378.0,1665.3
1521.0,1639.1
1431.0,1726.0
1745.0,1735.8
1682.0,1596.4
1732.0,1679.6
1342.0,1697.4
1859.0,1616.4
1814.0,1653.6
1693.0,1662.4
1587.0,1666.4
1533.0,1693.6
1434.0,1653.7
1713.0,1644.3
1806.0,1696.5
1257.0,1728.3
1569.0,1746.5
1532.0,1715.8
1850.0,1682.9
1513.0,1737.8
1879.0,1713.9
2152.0,1832.4
1991.0,1682.6
2110.0,1614.4
2126.0,1722.3
1889.0,1648.0
1628.0,1684.3
2022.0,1883.0
1406.0,1683.4
1540.0,1598.0
1624.0,1566.5
1968.0,1720.9
2079.0,1649.8
1732.0,1677.1
1301.0,1680.2
1449.0,1664.9
2009.0,1683.0
1924.0,1725.0
1477.0,1654.6
1602.0,1629.6
1710.0,1698.2
1337.0,1704.6
1623.0,1632.4
1728.0,1717.3
1587.0,1663.9
1822.0,1644.8
1698.0,1624.1
1500.0,1584.7
2197.0,1698.9
2071.0,1678.6
1986.0,1851.2
1897.0,1644.2
1515.0,1666.3
1881.0,1660.0
1765.0,1677.6
1396.0,1727.2
2006.0,1654.7
1333.0,1612.1
1638.0,1610.0
1218.0,1595.5
1627.0,1649.5
2096.0,1746.5
1729.0,1673.6
1666.0,1688.4
1664.0,1620.4
1516.0,1617.3
1488.0,1683.6
1238.0,1689.1
1468.0,1728.5
2018.0,1716.2
1538.0,1636.2
1748.0,1696.6
1576.0,1638.0
1596.0,1610.7
1501.0,1713.2
1666.0,1666.5
1879.0,1805.9
1465.0,1651.9
1614.0,1622.4
1399.0,1710.4
1636.0,1585.9
1901.0,1661.5
1694.0,1698.3
1896.0,1622.9
1715.0,1648.2
1524.0,1708.1
1440.0,1611.5
1924.0,1629.3
1905.0,1701.2
1574.0,1686.2
1535.0,1649.3
1839.0,1652.4
1828.0,1748.3
1839.0,1598.0
1564.0,1620.0
1987.0,1739.1
1987.0,1693.3
1970.0,1556.9
1982.0,1690.6
1447.0,1627.9
1700.0,1677.5
1646.0,1668.6
2046.0,1683.9
1834.0,1662.2
2053.0,1702.8
1307.0,1692.0
1580.0,1757.4
1415.0,1610.1
2091.0,1689.5
1700.0,1700.3
1672.0,1617.5
1700.0,1629.7
1952.0,1748.6
1826.0,1726.0
2347.0,1670.3
1959.0,1660.8
1341.0,1700.2
1916.0,1747.2
2034.0,1606.2
1275.0,1613.7
1386.0,1562.2
1547.0,1606.8
1191.0,1634.7
2057.0,1687.8
2074.0,1875.1
2351.0,1724.7
1606.0,1672.2
1653.0,1597.7
1747.0,1669.7
2022.0,1711.7
1688.0,1623.6
1959.0,1660.6
1672.0,1674.9
1372.0,1703.0
1435.0,1684.7
1983.0,1607.6
1848.0,1651.3
1787.0,1722.5
1609.0,1670.8
1307.0,1538.3
1717.0,1606.1
1380.0,1676.9
1183.0,1287.7
1611.0,1608.7
1183.0,1582.0
1852.0,1683.6
1835.0,1737.6
1840.0,1859.2
1694.0,1711.8
1373.0,1669.7
1900.0,1716.3
1331.0,1629.9
1840.0,1708.9
1853.0,1636.8
1631.0,1624.9
2225.0,1643.7
1712.0,1633.9
1886.0,1564.6
1635.0,1672.1
1321.0,1661.9
1954.0,1736.6
1676.0,1660.7
1307.0,1654.7
1880.0,1674.7
1961.0,1537.4
1953.0,1871.9
1725.0,1644.4
1710.0,1646.4
2209.0,1699.5
1575.0,1687.9
1632.0,1689.5
1993.0,1650.3
1803.0,1674.6
1315.0,1532.7
1907.0,1632.1
1958.0,1677.3
1883.0,1672.7
1557.0,1661.2
1768.0,1618.5
1827.0,1718.4
1596.0,1589.4
1705.0,1690.2
1642.0,1642.7
1809.0,1726.6
1248.0,1597.0
1683.0,1631.6
1826.0,1628.7
1663.0,1699.2
1588.0,1767.2
1340.0,1610.5
1922.0,1638.4
1567.0,1657.4
1454.0,1652.6
1786.0,1693.3
1517.0,1639.4
1968.0,1709.6
1584.0,1638.7
1583.0,1668.5
1853.0,1617.5
1448.0,1705.6
1831.0,1742.0
1714.0,1733.4
1942.0,1655.8
1814.0,1623.5
1756.0,1611.6
1596.0,1712.7
1477.0,1693.1
1992.0,1689.0
1822.0,1710.3
1720.0,1600.9
1325.0,1647.6
1644.0,1625.1
2041.0,1663.5
1632.0,1693.7
1920.0,1644.4
2016.0,1664.8
1597.0,1673.4
2088.0,1672.9
1352.0,1644.2
1936.0,1689.4
1336.0,1697.1
1633.0,1681.0
1596.0,1732.0
1612.0,1641.6
1799.0,1697.4
1550.0,1647.8
1678.0,1719.9
1645.0,1714.9
1972.0,1742.4
1474.0,1662.4
1471.0,1606.0
1735.0,1696.4
1921.0,1647.1
1916.0,1665.6
1878.0,1691.2
1911.0,1636.1
1544.0,1716.9
1645.0,1645.5
1942.0,1719.1
2230.0,1640.8
1546.0,1702.6
1758.0,1693.4
2001.0,1634.3
1301.0,1629.6
1265.0,1595.4
1438.0,1616.0
1453.0,1615.5
1972.0,1663.4
1852.0,1560.4
1441.0,1701.4
1904.0,1717.6
1594.0,1685.1
1972.0,1639.4
1934.0,1724.8
2078.0,1640.5
1648.0,1675.2
1871.0,1672.7
1867.0,1609.0
1531.0,1706.9
1533.0,1633.5
1449.0,1613.1
1599.0,1654.9
1621.0,1603.7
1280.0,1636.0
1893.0,1631.3
1323.0,1696.1
1853.0,1637.7
1490.0,1671.5
1562.0,1684.1
1581.0,1662.4
1656.0,1748.1
1482.0,1645.2
2110.0,1612.4
1484.0,1667.2
1762.0,1649.8
1720.0,1680.6
1829.0,1588.8
1391.0,1703.7
1712.0,1660.0
1873.0,1711.5
1344.0,1640.4
1829.0,1659.9
1433.0,1695.2
1639.0,1747.9
1857.0,1667.2
1977.0,1679.3
1604.0,1659.2
1779.0,1659.2
1354.0,1640.6
1978.0,1649.4
2128.0,1626.1
1303.0,1589.4
1965.0,1862.4
1610.0,1651.6
1607.0,1698.6
1818.0,1644.5
1672.0,1735.0
1660.0,1629.5
1644.0,1660.4
1729.0,1740.9
2137.0,1727.0
1823.0,1635.7
1816.0,1869.8
2007.0,1872.2
1657.0,1699.1
1185.0,1683.4
1554.0,1689.4
1303.0,1623.2
1727.0,1634.4
2001.0,1749.5
1418.0,1662.2
1429.0,1645.8
1558.0,1712.4
1613.0,1641.2
1249.0,1714.8
1578.0,1715.4
1518.0,1659.9
1743.0,1680.5
1277.0,1680.5
1439.0,1601.9
1796.0,1665.5
1502.0,1631.7
1620.0,1704.9
1860.0,1656.2
1565.0,1615.2
2075.0,1696.8
1821.0,1686.3
1590.0,1744.0
1675.0,1685.3
1692.0,1660.3
1710.0,1651.1
1242.0,1618.3
1986.0,1649.4
1573.0,1659.2
1693.0,1728.7
1308.0,1704.9
1391.0,1632.6
1617.0,1668.1
1314.0,1608.0
1795.0,1839.9
2053.0,1684.6
1905.0,1629.7
1530.0,1729.2
1765.0,1715.9
1625.0,1690.5
1869.0,1767.1
1641.0,1687.1
1815.0,1622.4
1152.0,1659.7
1329.0,1607.3
1757.0,1635.7
1836.0,1639.6
1517.0,1639.4
1976.0,1641.8
1882.0,1652.0
1659.0,1697.7
1301.0,1667.1
1627.0,1484.8
1779.0,1659.1
1698.0,1629.4
1623.0,1684.6
1536.0,1660.8
1943.0,1835.7
1822.0,1718.3
1825.0,1651.7
1677.0,1679.0
1991.0,1632.7
1701.0,1716.7
1500.0,1627.0
1200.0,1622.8
1719.0,1675.4
1765.0,1673.4
1827.0,1638.1
2035.0,1696.1
1679.0,1665.5
1599.0,1731.9
1813.0,1712.9
1112.0,1576.1
1540.0,1840.1
1373.0,1725.6
1913.0,1682.6
2056.0,1666.0
1829.0,1667.6
1682.0,1739.0
1722.0,1545.4
1874.0,1703.9
1825.0,1633.9
1581.0,1641.8
1896.0,1694.4
1937.0,1621.7
1842.0,1706.4
1414.0,1636.2
1453.0,1680.4
1351.0,1606.2
1320.0,1719.2
1268.0,1609.0
1686.0,1606.8
2024.0,1676.9
1113.0,1551.6
1354.0,1638.7
1721.0,1724.3
1923.0,1673.8
1507.0,1635.3
1348.0,1626.0
2078.0,1634.4
1402.0,1659.1
1145.0,1667.4
2083.0,1652.5
1667.0,1615.5
1845.0,1656.2
2082.0,1692.3
1464.0,1703.0
2111.0,1679.1
1834.0,1708.5
2031.0,1640.8
1742.0,1680.5
1643.0,1676.9
1893.0,1705.2
1688.0,1642.3
1229.0,1658.6
1522.0,1674.3
1187.0,1574.7
1752.0,1719.7
1780.0,1670.5
2100.0,1695.9
1900.0,1639.0
1627.0,1724.7
1850.0,1667.5
1316.0,1596.5
1633.0,1648.0
2047.0,1696.7
1637.0,1643.6
1734.0,1642.1
1674.0,1660.9
2189.0,1699.1
1521.0,1584.1
2026.0,1664.6
1443.0,1634.3
1902.0,1740.4
1645.0,1727.1
1265.0,1661.6
1752.0,1572.4
1917.0,1719.4
1907.0,1710.2
1804.0,1639.2
1527.0,1717.8
1512.0,1670.1
1804.0,1675.2
1736.0,1562.6
1958.0,1654.1
1854.0,1712.5
1642.0,1606.8
1855.0,1644.8
1854.0,1678.4
1720.0,1630.2
1776.0,1732.4
1454.0,1615.9
1595.0,1674.8
1539.0,1719.8
1741.0,1693.7
1356.0,1646.9
1698.0,1677.5
2303.0,1649.4
2143.0,1631.2
1708.0,1669.6
1854.0,1744.9
1395.0,1588.0
1665.0,1599.5
1882.0,1683.3
1728.0,1656.7
1570.0,1921.5
1558.0,1697.4
1344.0,1780.9
1600.0,1709.6
1835.0,1715.3
2065.0,1765.4
1681.0,1650.7
1817.0,1679.6
1848.0,1582.4
1930.0,1677.7
1827.0,1686.6
1851.0,1739.0
2074.0,1899.1
1876.0,1624.8
1541.0,1620.6
1112.0,1861.9
1793.0,1675.8
1204.0,1664.1
1744.0,1532.2
1691.0,1712.8
1867.0,1693.3
1401.0,1629.1
1934.0,1676.4
2174.0,1855.8
1570.0,1631.1
1870.0,1659.6
1651.0,1655.9
1617.0,1689.4
1703.0,1839.0
1260.0,1671.2
1569.0,1679.5
1416.0,1661.0
1752.0,1580.0
1836.0,1695.8
1352.0,1657.4
1440.0,1705.9
1503.0,1673.2
1749.0,1600.7
1512.0,1695.3
1690.0,1720.8
1622.0,1693.4
1661.0,1615.4
1990.0,1711.0
2256.0,1752.4
1275.0,1551.8
1534.0,1611.5
1575.0,1656.5
1692.0,1683.8
1629.0,1698.0
1302.0,1637.5
1731.0,1642.1
2054.0,1687.8
2034.0,1694.8
1668.0,1646.6
1784.0,1731.2
2110.0,1683.0
1994.0,1645.6
2149.0,1691.2
1824.0,1665.4
2120.0,1730.6
2066.0,1715.2
1744.0,1812.7
1618.0,1698.1
1576.0,1579.8
1484.0,1708.5
1336.0,1673.6
984.0,1699.7
1317.0,1633.2
1630.0,1647.9
1684.0,1809.1
1388.0,1663.4
1887.0,1626.0
1431.0,1673.7
1354.0,1648.7
1664.0,1576.0
1439.0,1656.2
1664.0,1699.7
1635.0,1618.6
1683.0,1661.8
2043.0,1667.4
1673.0,1685.7
1760.0,1636.4
1551.0,1631.8
1576.0,1626.3
1969.0,1660.8
1467.0,1667.1
1400.0,1685.5
1994.0,1686.0
1358.0,1627.3
1670.0,1640.2
1716.0,1678.7
1913.0,1759.2
1317.0,1705.0
1720.0,1648.6
1296.0,1591.9
1571.0,1694.8
1540.0,1640.2
1555.0,1674.6
1545.0,1641.3
1407.0,1652.0
1537.0,1645.4
1446.0,1674.2
1934.0,1646.7
1844.0,1677.2
1788.0,1679.6
1525.0,1648.9
1823.0,1641.0
1401.0,1678.2
1705.0,1645.2
1176.0,1631.6
1729.0,1697.9
2055.0,1625.2
1550.0,1664.3
1425.0,1643.8
1985.0,1667.8
1472.0,1695.0
1905.0,1668.1
1511.0,1679.7
1139.0,1669.3
1866.0,1680.8
1463.0,1612.5
2078.0,1727.8
1585.0,1649.2
1708.0,1704.0
1631.0,1627.6
1917.0,1732.9
1648.0,1697.0
1663.0,1647.1
1437.0,1623.1
1340.0,1687.6
1265.0,1684.8
1598.0,1653.9
1563.0,1638.8
1606.0,1632.4
1986.0,1642.6
1585.0,1593.2
1642.0,1686.0
1946.0,1640.5
1682.0,1708.5
1722.0,1682.2
1554.0,1629.5
1948.0,1683.8
1304.0,1654.3
1954.0,1669.9
1555.0,1705.9
1753.0,1614.4
1160.0,1694.9
1672.0,1527.1
1845.0,1722.5
1726.0,1709.2
1728.0,1620.4
1648.0,1701.1
1652.0,1664.2
1638.0,1667.9
1800.0,1656.1
1637.0,1621.1
1872.0,1697.2
1371.0,1669.9
1154.0,1724.1
1761.0,1618.1
1962.0,1728.7
1287.0,1641.7
1872.0,1900.3
1707.0,1634.2
2023.0,1612.7
1630.0,1736.5
1684.0,1660.4
1753.0,1676.8
1931.0,1649.7
1618.0,1694.3
1475.0,1669.4
2291.0,1674.6
1723.0,1657.6
1797.0,1719.7
1529.0,1653.9
1657.0,1638.7
1593.0,1705.3
1630.0,1655.4
1422.0,1674.5
1778.0,1697.9
2053.0,1673.1
1547.0,1665.0
1733.0,1639.5
1769.0,1630.2
1675.0,1624.8
1885.0,1636.0
1618.0,1641.9
1434.0,1646.2
2031.0,1688.1
1184.0,1609.7
2077.0,1679.6
1331.0,1662.1
1655.0,1652.2
1787.0,1789.6
1569.0,1713.4
1846.0,1660.2
1973.0,1598.7
1617.0,1696.6
1634.0,1646.3
1402.0,1671.2
1276.0,1665.5
2148.0,1661.3
1750.0,1715.2
1644.0,1673.0
1803.0,1723.5
1423.0,1638.3
1305.0,1693.8
1251.0,1681.8
1578.0,1666.4
1623.0,1671.5
1793.0,1719.0
1590.0,1641.7
1431.0,1685.1
1410.0,1626.8
1478.0,1673.6
1936.0,1638.7
1696.0,1704.6
1904.0,1662.6
1202.0,1703.7
1910.0,1624.8
1692.0,1746.9
1613.0,1648.0
1930.0,1676.8
1807.0,1720.4
2086.0,1746.9
1879.0,1637.9
1698.0,1667.9
1787.0,1688.8
1324.0,1397.3
1173.0,1667.4
1991.0,1861.1
1587.0,1674.5
1954.0,1656.1
1307.0,1637.5
1470.0,1699.9
1826.0,1711.5
1721.0,1693.7
1160.0,1700.1
2038.0,1658.8
1883.0,1545.5
1403.0,1626.0
1530.0,1700.7
2119.0,1711.9
1151.0,1532.1
1477.0,1674.4
1641.0,1693.8
1964.0,1629.9
1788.0,1675.4
1463.0,1644.1
1940.0,1699.5
1628.0,1610.4
1952.0,1698.9
2034.0,1656.3
2096.0,1673.1
1773.0,1677.5
1366.0,1589.0
1543.0,1677.3
1642.0,1706.4
2014.0,1681.6
1804.0,1629.7
1612.0,1537.5
1518.0,1635.7
1397.0,1626.9
1311.0,1685.6
1585.0,1648.8
2148.0,1883.4
1649.0,1532.5
1572.0,1596.8
2281.0,1634.2
1748.0,1612.7
1172.0,1646.9
2284.0,1706.8
1820.0,1556.4
1817.0,1655.8
1719.0,1703.5
1866.0,1656.2
1743.0,1539.5
1175.0,1664.9
2131.0,1670.3
1900.0,1664.6
1608.0,1704.0
1572.0,1693.0
1537.0,1667.8
1544.0,1665.3
1686.0,1687.6
2026.0,1679.6
1631.0,1713.0
1147.0,1528.9
2022.0,1628.0
1621.0,1585.5
1783.0,1645.5
2043.0,1765.4
1526.0,1602.2
1346.0,1657.8
2042.0,1689.5
1729.0,1602.4
1569.0,1665.8
1893.0,1588.7
1889.0,1698.6
1701.0,1672.3
1867.0,1660.0
1578.0,1713.5
1708.0,1627.0
1684.0,1697.0
1906.0,1620.0
1782.0,1648.9
1811.0,1689.7
1284.0,1629.3
1176.0,1586.4
1685.0,1710.7
1555.0,1699.1
1363.0,1649.8
1575.0,1727.7
1566.0,1731.4
1451.0,1604.9
1888.0,1641.6
1708.0,1716.4
1367.0,1707.9
1647.0,1683.0
1513.0,1666.4
1490.0,1724.5
1590.0,1657.4
2059.0,1719.8
1951.0,1639.5
1542.0,1623.7
1944.0,1590.5
2182.0,1648.1
1642.0,1623.9
1401.0,1700.9
1467.0,1641.6
1845.0,1756.4
1582.0,1695.7
1361.0,1655.7
1610.0,1655.7
1714.0,1668.2
1730.0,1667.6
1611.0,1710.7
1844.0,1691.2
1349.0,1595.1
1373.0,1542.9
1569.0,1570.1
1697.0,1667.1
1964.0,1694.4
1250.0,1694.9
1589.0,1716.7
2138.0,1718.7
1787.0,1714.4
962.0,1685.6
1593.0,1724.8
1856.0,1745.2
1741.0,1674.5
1579.0,1585.8
1858.0,1689.1
1379.0,1687.7
1664.0,1567.1
1552.0,1680.7
1886.0,1721.1
1957.0,1622.7
1775.0,1630.0
1584.0,1667.2
1594.0,1704.7
1810.0,1662.9
1425.0,1738.2
2022.0,1684.2
1448.0,1714.9
1800.0,1683.4
1504.0,1659.1
1814.0,1555.3
1549.0,1668.6
1340.0,1676.2
1591.0,1616.5
1556.0,1680.6
1428.0,1647.7
1502.0,1688.5
1395.0,1590.0
2343.0,1717.0
1558.0,1810.7
1825.0,1623.7
2105.0,1648.1
1896.0,1658.2
1334.0,1661.9
2096.0,1694.0
1299.0,1658.6
1583.0,1699.6
1130.0,1656.3
1587.0,1722.6
1664.0,1672.1
1574.0,1687.9
1212.0,1606.9
1607.0,1663.7
1630.0,1672.8
1372.0,1655.7
1842.0,1675.6
1417.0,1661.6
1527.0,1683.7
1559.0,1593.4
1611.0,1653.1
1719.0,1685.1
1487.0,1705.8
1577.0,1628.2
1535.0,1640.0
2199.0,1620.1
2004.0,1657.9
1776.0,1677.6
1288.0,1549.7
2008.0,1618.9
1586.0,1701.1
1903.0,1658.3
1340.0,1583.5
1641.0,1690.9
1618.0,1708.4
1655.0,1626.6
1399.0,1603.4
1721.0,1626.8
1865.0,1632.2
1732.0,1714.3
1669.0,1688.0
1891.0,1717.8
1755.0,1662.3
1837.0,1668.0
1360.0,1668.1
2146.0,1689.8
1569.0,1742.4
1641.0,1654.4
1612.0,1657.5
1543.0,1718.5
1425.0,1610.9
1410.0,1649.4
1967.0,1645.3
1880.0,1641.6
1944.0,1699.0
2039.0,1851.0
1819.0,1712.8
1710.0,1627.5
1838.0,1632.1
2061.0,1694.1
1695.0,1711.7
1353.0,1618.9
1627.0,1681.2
1914.0,1730.8
1797.0,1708.6
1696.0,1691.2
1527.0,1629.9
1305.0,1656.2
1781.0,1677.2
1759.0,1704.2
1808.0,1666.4
1304.0,1692.6
2129.0,1663.1
1970.0,1678.5
1484.0,1650.8
1864.0,1684.0
1699.0,1726.7
1752.0,1659.2
1928.0,1658.5
1906.0,1623.3
1820.0,1606.8
1777.0,1708.6
1893.0,1648.3
1907.0,1674.8
1974.0,1684.5
1178.0,1675.8
1479.0,1727.9
1600.0,1573.1
1178.0,1671.6
1630.0,1608.9
1706.0,1694.5
1239.0,1679.6
1680.0,1718.1
1730.0,1581.2
1632.0,1670.1
2075.0,1683.8
1505.0,1667.1
1720.0,1740.0
1444.0,1656.7
1428.0,1623.3
1312.0,1612.2
1916.0,1628.1
1253.0,1627.2
1513.0,1513.1
1603.0,1761.6
1559.0,1673.1
1975.0,1613.2
1433.0,1704.9
1531.0,1669.5
1211.0,1689.3
1328.0,1713.8
2063.0,1671.3
1721.0,1621.9
2204.0,1693.9
1859.0,1596.5
2063.0,1882.6
1969.0,1606.3
2259.0,1714.5
1751.0,1641.7
1335.0,1568.6
1236.0,1646.5
1839.0,1650.5
1255.0,1632.4
1902.0,1654.1
1279.0,1680.6
1333.0,1680.6
1969.0,1639.8
1559.0,1573.1
1763.0,1694.0
1755.0,1618.6
1938.0,1707.8
1811.0,1866.1
1734.0,1696.5
1561.0,1660.8
1594.0,1656.8
1800.0,1720.4
1610.0,1668.6
1818.0,1672.2
1557.0,1631.7
1215.0,1643.6
1748.0,1710.9
1594.0,1665.4
1852.0,1655.6
2005.0,1701.4
1152.0,1589.5
1698.0,1686.1
1398.0,1634.9
1375.0,1690.7
1709.0,1669.4
1108.0,1640.0
1743.0,1685.3
1922.0,1662.0
1607.0,1712.3
1787.0,1650.7
2135.0,1637.8
1755.0,1657.9
1965.0,1694.3
1607.0,1685.2
2066.0,1607.3
1766.0,1648.3
1558.0,1678.7
1428.0,1731.3
1385.0,1615.9
1842.0,1667.6
2100.0,1592.3
1680.0,1688.6
1666.0,1587.7
2018.0,1672.7
2030.0,1645.1
1409.0,1536.1
1644.0,1613.2
1523.0,1663.1
1804.0,1647.2
1145.0,1605.8
2066.0,1729.9
1612.0,1639.6
1948.0,1665.5
1171.0,1596.0
1500.0,1739.5
1456.0,1651.0
1958.0,1666.7
2307.0,1630.5
2167.0,1750.6
1565.0,1680.0
1465.0,1607.8
1577.0,1636.7
1792.0,1660.6
1655.0,1705.2
1533.0,1612.7
1781.0,1721.9
1486.0,1643.8
1671.0,1647.7
1291.0,1563.2
1747.0,1557.3
2095.0,1691.3
1523.0,1710.9
2018.0,1637.7
1675.0,1632.6
1692.0,1672.8
1830.0,1645.1
1732.0,1631.8
1630.0,1713.3
1555.0,1597.6
1874.0,1714.7
1368.0,1631.7
1507.0,1743.9
1682.0,1619.6
1244.0,1613.0
2012.0,1645.5
1395.0,1694.2
1727.0,1581.1
1574.0,1651.2
1865.0,1675.3
1870.0,1657.2
1861.0,1700.6
1634.0,1550.4
2121.0,1747.2
1697.0,1677.6
1592.0,1737.5
1941.0,1703.7
2297.0,1598.6
1614.0,1630.1
1908.0,1649.8
1862.0,1678.7
1718.0,1649.0
2281.0,1692.3
1506.0,1691.0
1677.0,1661.9
1942.0,1733.3
1739.0,1658.7
1830.0,1753.3
1497.0,1655.6
1813.0,1745.1
1963.0,1692.2
2136.0,1636.3
1654.0,1695.8
1857.0,1667.2
1928.0,1658.3
1738.0,1641.4
2036.0,1727.8
1654.0,1656.3
1908.0,1664.4
1731.0,1681.9
1145.0,1631.2
1627.0,1603.0
2046.0,1565.6
1695.0,1583.6
1597.0,1684.5
1687.0,1751.7
2118.0,1771.7
2126.0,1672.1
1983.0,1698.9
1362.0,1704.6
1515.0,1707.3
1480.0,1663.4
1946.0,1644.7
1573.0,1614.8
1715.0,1625.8
1306.0,1682.6
2014.0,1611.6
1914.0,1714.4
1856.0,1634.2
2022.0,1609.8
1308.0,1889.9
1941.0,1668.7
1539.0,1692.7
1752.0,1703.3
1341.0,1679.0
1970.0,1700.6
1328.0,1740.9
1192.0,1481.1
1187.0,1617.3
1619.0,1647.9
1823.0,1735.4
1792.0,1668.2
1235.0,1614.6
1640.0,1661.2
1608.0,1704.9
1573.0,1628.6
1537.0,1721.8
1512.0,1702.5
1792.0,1680.2
1665.0,1694.1
1097.0,1665.7
1615.0,1598.2
1470.0,1545.3
1915.0,1615.0
2007.0,1662.8
1605.0,1677.5
1180.0,1686.9
2116.0,1664.1
1591.0,1622.8
1843.0,1636.8
1632.0,1586.9
2110.0,1726.1
1398.0,1615.4
1945.0,1644.2
1610.0,1655.9
2125.0,1653.5
1678.0,1644.3
1482.0,1690.4
1549.0,1281.6
2093.0,1619.0
1251.0,1647.5
1600.0,1694.1
1768.0,1724.8
1344.0,1657.5
1526.0,1629.0
1958.0,1721.8
2072.0,1693.7
1380.0,1627.5
1390.0,1704.1
2186.0,1801.9
1670.0,1632.3
1502.0,1722.4
2026.0,1636.0
1885.0,1661.5
2007.0,1679.4
1486.0,1671.8
1627.0,1665.8
2038.0,1855.3
1514.0,1634.9
1637.0,1690.2
1997.0,1651.8
1602.0,1702.8
1471.0,1654.4
1176.0,1654.5
1651.0,1747.1
2012.0,1646.5
1952.0,1704.6
1471.0,1740.7
1597.0,1663.0
1255.0,1698.7
1405.0,1644.7
2017.0,1712.8
1668.0,1558.6
1687.0,1695.9
1614.0,1555.1
1324.0,1837.9
1842.0,1650.4
1756.0,1645.0
1953.0,1659.4
1186.0,1664.6
1825.0,1661.5
1737.0,1708.9
1676.0,1655.2
1373.0,1818.5
1597.0,1735.4
1358.0,1525.3
1810.0,1885.9
1980.0,1647.1
1828.0,1705.3
1872.0,1484.6
1347.0,1586.7
1994.0,1676.1
1897.0,1644.9
1839.0,1666.3
1999.0,1622.5
1893.0,1744.1
1274.0,1642.8
1334.0,1695.6
1373.0,1656.2
1331.0,1653.4
1652.0,1744.1
1814.0,1717.4
1631.0,1612.1
1293.0,1658.8
1331.0,1702.2
1886.0,1727.6
1348.0,1635.9
1614.0,1575.2
1947.0,1668.0
1878.0,1677.3
1681.0,1638.6
1952.0,1676.7
1181.0,1677.1
1492.0,1700.2
1757.0,1675.0
1778.0,1639.7
1627.0,1713.8
1592.0,1724.1
1617.0,1655.9
1946.0,1644.0
1523.0,1659.1
1627.0,1676.8
1436.0,1661.9
1429.0,1684.0
1714.0,1609.3
1661.0,1677.8
1736.0,1848.5
1716.0,1639.3
1940.0,1714.7
1689.0,1890.1
1723.0,1705.2
1668.0,1669.9
1393.0,1661.4
1721.0,1641.3
1398.0,1650.6
1436.0,1623.7
1720.0,1624.8
1763.0,1652.5
1853.0,1665.2
1599.0,1709.1
1839.0,1717.2
1303.0,1645.9
1863.0,1685.9
1825.0,1661.6
1604.0,1647.5
1576.0,1666.5
1152.0,1561.4
1832.0,1681.1
2036.0,1685.8
1652.0,1649.8
1760.0,1724.0
1587.0,1676.3
1694.0,1543.1
1803.0,1725.5
1953.0,1730.5
1893.0,1706.1
1420.0,1701.1
1910.0,1567.8
1735.0,1648.8
2322.0,1710.2
1440.0,1659.0
1914.0,1550.0
1830.0,1678.0
1844.0,1631.4
1825.0,1645.1
1245.0,1617.3
1260.0,1622.5
1776.0,1637.4
1679.0,1830.6
2063.0,1703.0
1854.0,1644.4
1677.0,1654.0
1657.0,1616.1
1307.0,1675.5
1582.0,1692.4
1958.0,1652.7
1785.0,1560.6
1896.0,1689.7
1866.0,1689.6
1621.0,1742.0
1778.0,1683.2
1531.0,1651.9
1608.0,1700.2
1709.0,1708.0
1098.0,1626.0
1695.0,1637.6
1499.0,1692.6
1912.0,1892.5
1813.0,1710.0
1414.0,1672.6
2127.0,1625.2
1348.0,1540.0
1914.0,1620.8
1637.0,1652.1
1840.0,1634.4
1817.0,1650.1
1501.0,1653.3
1787.0,1649.2
1818.0,1628.0
1611.0,1649.5
1997.0,1619.9
1720.0,1637.8
1144.0,1600.5
2020.0,1645.8
1491.0,1570.8
1819.0,1697.7
1571.0,1619.6
1911.0,1667.5
2072.0,1669.0
1766.0,1646.9
1525.0,1693.6
1433.0,1703.8
1666.0,1696.2
1643.0,1645.3
1589.0,1650.9
1316.0,1612.9
1860.0,1644.0
1622.0,1543.7
1453.0,1652.7
2064.0,1651.8
1239.0,1462.4
1987.0,1649.7
1980.0,1666.6
1273.0,1577.3
1757.0,1650.7
2056.0,1925.3
1671.0,1659.4
1591.0,1681.8
1249.0,1662.1
1434.0,1668.0
1796.0,1705.9
1623.0,1680.2
1906.0,1744.8
1480.0,1631.3
2102.0,1703.1
1214.0,1569.2
1625.0,1656.0
1411.0,1619.2
1629.0,1685.4
1618.0,1608.0
1787.0,1742.3
1635.0,1680.1
1949.0,1599.1
1300.0,1713.2
1540.0,1630.9
1553.0,1634.4
1514.0,1567.7
1464.0,1704.3
1518.0,1667.0
2237.0,1680.4
1686.0,1679.8
1839.0,1688.9
1636.0,1700.7
1774.0,1651.5
1960.0,1738.4
1298.0,1710.8
1997.0,1707.6
1551.0,1691.3
1920.0,1686.2
1649.0,1636.3
1623.0,1718.5
1720.0,1596.4
2205.0,1633.0
1776.0,1621.8
1839.0,1711.4
1362.0,1697.2
1168.0,1643.9
2035.0,1657.9
2188.0,1624.1
1711.0,1571.8
1598.0,1671.3
1837.0,1648.6
2076.0,1625.3
1765.0,1578.0
1220.0,1665.9
1092.0,1604.1
2005.0,1756.0
1809.0,1641.4
1846.0,1652.2
1451.0,1705.5
2067.0,1724.3
1746.0,1663.4
1329.0,1687.7
1897.0,1694.0
1137.0,1652.7
1698.0,1638.1
1895.0,1654.7
1397.0,1657.9
1607.0,1547.9
1927.0,1652.2
1471.0,1660.7
1243.0,1674.7
1246.0,1724.2
1896.0,1666.4
1849.0,1613.6
1668.0,1691.0
1661.0,1632.6
1632.0,1655.3
1650.0,1694.3
1594.0,1654.9
1405.0,1678.4
1685.0,1734.7
2119.0,1672.8
1731.0,1722.9
1595.0,1628.3
1742.0,1654.4
1733.0,1636.5
1617.0,1666.4
1868.0,1742.9
1265.0,1620.2
1460.0,1692.2
2045.0,1680.7
1586.0,1718.8
1384.0,1438.1
1548.0,1623.5
1987.0,1648.4
1539.0,1654.8
1580.0,1648.7
1810.0,1677.7
1599.0,1623.4
1810.0,1676.3
2008.0,1679.4
1633.0,1675.3
1655.0,1682.0
1608.0,1716.9
1938.0,1635.4
1512.0,1766.8
1609.0,1643.0
1516.0,1647.2
1640.0,1628.4
1890.0,1635.2
1427.0,1543.5
1542.0,1782.6
1751.0,1634.0
1380.0,1644.9
1516.0,1699.8
1599.0,1637.4
2033.0,1722.3
1844.0,1632.6
1879.0,1672.8
1688.0,1700.1
1217.0,1457.9
2007.0,1669.1
1822.0,1644.8
1521.0,1587.6
1647.0,1725.3
2281.0,1685.6
1611.0,1663.2
1671.0,1660.8
1508.0,1657.6
1404.0,1695.8
1388.0,1691.0
1793.0,1686.3
1520.0,1664.1
1597.0,1720.0
1632.0,1703.4
2040.0,1639.5
1853.0,1668.9
1749.0,1675.7
1403.0,1649.1
1923.0,1658.9
1522.0,1733.6
1814.0,1666.6
1224.0,1711.1
1321.0,1648.4
1929.0,1709.9
1642.0,1636.3
1830.0,1657.3
1278.0,1720.0
1646.0,1699.4
1750.0,1636.5
1847.0,1697.8
1566.0,1693.4
1826.0,1621.0
1564.0,1656.3
2097.0,1735.8
1383.0,1708.9
1554.0,1652.3
2157.0,1871.1
1908.0,1731.9
2171.0,1675.4
1226.0,1583.9
1911.0,1719.6
1719.0,1651.7
1670.0,1631.3
2085.0,1645.6
1195.0,1649.6
1707.0,1703.5
1545.0,1703.8
1932.0,1698.5
1430.0,1732.5
1617.0,1694.7
1735.0,1597.7
1831.0,1735.8
1506.0,1679.2
1580.0,1650.1
1689.0,1872.3
1866.0,1634.1
1447.0,1649.1
1933.0,1683.5
1867.0,1696.6
1677.0,1654.8
1652.0,1658.1
1652.0,1603.0
1295.0,1644.5
1840.0,1672.3
1709.0,1739.1
1726.0,1708.3
1785.0,1648.2
1302.0,1689.9
1809.0,1721.7
1611.0,1679.5
1457.0,1650.7
1739.0,1633.3
1626.0,1640.2
1604.0,1543.0
1970.0,1897.8
1713.0,1653.6
1734.0,1702.4
2434.0,1722.4
1637.0,1676.9
1377.0,1622.6
1622.0,1636.7
1253.0,1661.0
1392.0,1611.9
1570.0,1651.9
1758.0,1596.9
1394.0,1669.2
1716.0,1644.4
1278.0,1603.6
1830.0,1683.5
1672.0,1708.0
1525.0,1704.0
1230.0,1703.7
1392.0,1693.2
1821.0,1636.2
1659.0,1635.0
2067.0,1743.1
1770.0,1691.7
1861.0,1609.9
1732.0,1586.8
2111.0,1662.3
1619.0,1676.7
2154.0,1588.9
1581.0,1706.5
1669.0,1724.6
1694.0,1680.6
1415.0,1680.1
1388.0,1673.3
1632.0,1679.6
1736.0,1692.4
1327.0,1613.8
1541.0,1652.2
1784.0,1673.0
1687.0,1618.9
1319.0,1632.7
2217.0,1694.4
1695.0,1743.1
1792.0,1577.1
1926.0,1643.4
1515.0,1600.6
2164.0,1635.4
1770.0,1655.3
1328.0,1649.9
1499.0,1796.8
1628.0,1638.6
1301.0,1553.5
1885.0,1632.2
1540.0,1694.2
1566.0,1666.5
1859.0,1654.4
1249.0,1750.9
1670.0,1720.9
1586.0,1701.3
1671.0,1612.3
1539.0,1682.4
1942.0,1608.6
1997.0,1698.2
1258.0,1610.9
2032.0,1693.8
1595.0,1729.8
1872.0,1661.1
1675.0,1705.4
1616.0,1645.5
1626.0,1698.0
1545.0,1886.7
1497.0,1726.6
1648.0,1643.3
1664.0,1633.5
1264.0,1669.8
1671.0,1642.2
1446.0,1657.5
1859.0,1648.8
1716.0,1692.1
1602.0,1699.7
1592.0,1697.5
1448.0,1602.3
1858.0,1697.6
1907.0,1648.6
1651.0,1662.5
1637.0,1702.4
1526.0,1676.2
1915.0,1748.6
1584.0,1575.3
1740.0,1746.4
1752.0,1669.9
2240.0,1707.5
1718.0,1698.0
1970.0,1602.7
1856.0,1623.3
1714.0,1696.7
1933.0,1718.7
1868.0,1647.1
1806.0,1683.1
1493.0,1753.1
1795.0,1614.0
1847.0,1791.4
1940.0,1693.6
1662.0,1651.4
1452.0,1587.2
1870.0,1895.1
1857.0,1665.6
1647.0,1637.4
1695.0,1662.0
1938.0,1751.1
1679.0,1644.6
1843.0,1752.6
1783.0,1617.1
1180.0,1549.5
1445.0,1679.8
1399.0,1545.6
1248.0,1684.3
1186.0,1634.6
2132.0,1651.5
1379.0,1632.4
1796.0,1689.9
1699.0,1617.4
1773.0,1658.7
2180.0,1695.9
1882.0,1680.8
1960.0,1650.0
1597.0,1594.0
1783.0,1685.1
1843.0,1657.7
2139.0,1702.4
1174.0,1719.3
1779.0,1685.9
1725.0,1662.4
1753.0,1653.9
2021.0,1727.1
1748.0,1610.2
1819.0,1637.8
1423.0,1677.5
1544.0,1551.3
1716.0,1658.5
1191.0,1619.5
1286.0,1703.3
1261.0,1687.9
1686.0,1706.2
2065.0,1820.4
1687.0,1685.1
1760.0,1654.0
1552.0,1668.1
1955.0,1737.6
1538.0,1697.6
1807.0,1696.5
1564.0,1647.5
1336.0,1630.9
1316.0,1599.1
1694.0,1680.4
1306.0,1601.4
1810.0,1716.1
1788.0,1691.9
1701.0,1797.3
1315.0,1742.2
1401.0,1609.0
2138.0,1726.4
1652.0,1609.3
1719.0,1660.1
2030.0,1583.5
1831.0,1685.2
1629.0,1698.4
1494.0,1649.1
1501.0,1669.7
2052.0,1735.3
2104.0,1680.1
1277.0,1644.7
1592.0,1723.5
1548.0,1613.5
1751.0,1574.1
1734.0,1627.5
1990.0,1704.7
1533.0,1650.2
2011.0,1618.6
1976.0,1714.1
1591.0,1709.0
1471.0,1693.3
1436.0,1699.9
1554.0,1665.2
1649.0,1652.8
1526.0,1562.5
1235.0,1704.9
2030.0,1614.9
1382.0,1594.6
1585.0,1660.5
2216.0,1644.4
1897.0,1687.3
1578.0,1736.6
1294.0,1662.2
1596.0,1670.9
1576.0,1652.8
1717.0,1668.4
1936.0,1646.5
1592.0,1646.8
1390.0,1696.5
1538.0,1675.4
1755.0,1658.0
1936.0,1844.3
1695.0,1674.5
1693.0,1740.3
1872.0,1639.0
1848.0,1648.4
1589.0,1582.9
2025.0,1684.0
1830.0,1576.6
2144.0,1737.8
1389.0,1890.2
1946.0,1634.7
1507.0,1640.1
1770.0,1675.2
1885.0,1648.8
1951.0,1627.0
2014.0,1700.6
1563.0,1669.7
1488.0,1675.1
1630.0,1645.5
1955.0,1668.9
1806.0,1652.2
2199.0,1667.1
1220.0,1692.2
1618.0,1664.2
1876.0,1645.5
1585.0,1646.6
2020.0,1738.0
1907.0,1866.7
2084.0,1647.2
1485.0,1673.7
1586.0,1670.0
1856.0,1654.6
1766.0,1601.8
1301.0,1620.7
1703.0,1693.0
1626.0,1710.0
2272.0,1660.3
1262.0,1659.3
1751.0,1753.3
1195.0,1699.9
1831.0,1748.4
1396.0,1731.3
1869.0,1699.2
1370.0,1667.5
1690.0,1692.8
1561.0,1694.2
1810.0,1691.5
1751.0,1607.9
1725.0,1660.7
1206.0,1687.9
1615.0,1667.7
1524.0,1696.9
1988.0,1717.9
1475.0,1607.3
1648.0,1655.5
1440.0,1714.2
2127.0,1669.4
2058.0,1711.4
1956.0,1650.8
1695.0,1667.8
1579.0,1658.3
2099.0,1632.0
1061.0,1680.9
1160.0,1650.0
1942.0,1643.5
1703.0,1708.3
1599.0,1674.0
2091.0,1630.7
1940.0,1784.1
1560.0,1660.3
1700.0,1656.5
1559.0,1690.5
1190.0,1605.0
1954.0,1728.0
1274.0,1675.2
1573.0,1726.0
1371.0,1719.9
1603.0,1744.4
1711.0,1671.6
1806.0,1731.1
1738.0,1686.4
1700.0,1638.2
1850.0,1702.9
1931.0,1793.8
1696.0,1669.2
1479.0,1631.2
1850.0,1705.1
1983.0,1800.2
1577.0,1698.1
1869.0,1699.1
2276.0,1866.3
1656.0,1700.1
1847.0,1593.8
1424.0,1626.8
1756.0,1659.8
1544.0,1660.2
1419.0,1718.9
1769.0,1653.1
1746.0,1652.5
2063.0,1693.1
1725.0,1715.1
1453.0,1730.0
1682.0,1737.3
1959.0,1672.8
1641.0,1714.2
1655.0,1618.3
1267.0,1681.0
1854.0,1701.3
1446.0,1709.3
2234.0,1722.1
1212.0,1625.8
1346.0,1844.5
1784.0,1652.3
1487.0,1663.6
1675.0,1642.7
1768.0,1691.4
1642.0,1646.8
1278.0,1630.1
1779.0,1589.7
1808.0,1634.5
1584.0,1669.2
1610.0,1690.8
1890.0,1691.3
1671.0,1873.2
1303.0,1591.4
1703.0,1713.7
2027.0,1841.5
1554.0,1654.6
1388.0,1739.8
1678.0,1561.8
1598.0,1665.4
1727.0,1691.6
1841.0,1670.9
1581.0,1535.0
1914.0,1905.1
1871.0,1688.5
1865.0,1718.8
2098.0,1743.8
1407.0,1687.2
1408.0,1572.8
1651.0,1633.5
2120.0,1603.2
1901.0,1694.8
1773.0,1653.9
1893.0,1601.2
1521.0,1627.9
2152.0,1715.5
2088.0,1651.7
1752.0,1688.0
1577.0,1704.5
1636.0,1513.4
1840.0,1703.6
1601.0,1718.5
1697.0,1579.8
1676.0,1721.5
1713.0,1664.5
1598.0,1723.6
1968.0,1652.1
1604.0,1630.9
1457.0,1660.7
1216.0,1591.0
1759.0,1652.5
1542.0,1688.6
1622.0,1654.8
1464.0,1673.0
1351.0,1745.6
1719.0,1672.6
1812.0,1725.7
1591.0,1686.1
2009.0,1722.9
1940.0,1622.8
1945.0,1687.6
1508.0,1612.9
1717.0,1664.0
1662.0,1565.3
1611.0,1621.4
1295.0,1639.3
2042.0,1530.4
2004.0,1663.6
1974.0,1730.8
1540.0,1655.6
1814.0,1648.3
1414.0,1665.2
1608.0,1655.3
1711.0,1689.9
1525.0,1624.1
1444.0,1591.6
1695.0,1680.7
1513.0,1575.7
1714.0,1684.0
1488.0,1740.4
1375.0,1638.3
1634.0,1669.8
1965.0,1663.4
1741.0,1679.2
1730.0,1714.9
1896.0,1656.2
1870.0,1726.3
1858.0,1668.9
1591.0,1718.3
1611.0,1673.0
1523.0,1619.9
1556.0,1679.9
2119.0,1702.4
1564.0,1682.8
1716.0,1620.8
1125.0,1311.6
1558.0,1669.0
1930.0,1662.3
1604.0,1733.1
1625.0,1668.7
1726.0,1714.3
1594.0,1803.1
1887.0,1657.8
1611.0,1665.9
1708.0,1638.9
2121.0,1647.6
1918.0,1700.7
1520.0,1633.6
1515.0,1618.1
1945.0,1733.9
1819.0,1662.4
2036.0,1712.4
1987.0,1664.9
1474.0,1603.3
1889.0,1836.6
1629.0,1608.1
1724.0,1659.4
1317.0,1370.5
1629.0,1645.9
1616.0,1665.3
1508.0,1628.0
1870.0,1615.9
1710.0,1719.2
1279.0,1513.3
1701.0,1659.2
1722.0,1608.4
1659.0,1629.1
1501.0,1593.0
1269.0,1441.9
1428.0,1601.0
1751.0,1663.9
1632.0,1678.7
1567.0,1660.4
2133.0,1641.3
1806.0,1585.5
1351.0,1587.4
1593.0,1677.7
1412.0,1622.9
1621.0,1639.7
1638.0,1651.0
1855.0,1700.4
1294.0,1709.9
1175.0,1622.6
1944.0,1667.3
1542.0,1575.5
1432.0,1650.4
1203.0,1729.0
1938.0,1744.7
2249.0,1703.9
1295.0,1708.0
1790.0,1688.3
1885.0,1638.7
1702.0,1676.0
1790.0,1872.5
1589.0,1644.3
1548.0,1614.8
1536.0,1719.4
1363.0,1673.8
1642.0,1687.2
1568.0,1619.7
1562.0,1620.5
1210.0,1582.8
2077.0,1665.5
1838.0,1698.5
1813.0,1707.2
1668.0,1717.3
1387.0,1718.8
1868.0,1729.8
1795.0,1663.7
1379.0,1590.9
2053.0,1701.9
1691.0,1661.2
1232.0,1623.4
1732.0,1648.6
1178.0,1374.5
1356.0,1628.7
1662.0,1736.3
1565.0,1669.4
1408.0,1596.1
1666.0,1660.9
1764.0,1585.7
1290.0,1693.9
1357.0,1625.2
1733.0,1627.5
2104.0,1612.1
1743.0,1880.5
1880.0,1724.5
1693.0,1630.3
2008.0,1646.5
1528.0,1705.3
1839.0,1702.9
1616.0,1723.9
1326.0,1623.3
1535.0,1646.8
1599.0,1697.9
1980.0,1654.1
1407.0,1616.4
1837.0,1692.6
1714.0,1683.2
1862.0,1611.4
1850.0,1703.9
1506.0,1693.0
1847.0,1669.6
1154.0,1692.5
1683.0,1613.3
1923.0,1702.1
1693.0,1681.4
1367.0,1660.4
1579.0,1673.8
1796.0,1661.0
2051.0,1863.2
1875.0,1654.1
1428.0,1721.8
1513.0,1697.6
1386.0,1659.0
1551.0,1750.1
1770.0,1682.9
1926.0,1585.2
1252.0,1646.4
1772.0,1669.2
2104.0,1748.6
1258.0,1279.2
1503.0,1673.8
1876.0,1617.9
1783.0,1637.8
1410.0,1692.2
1687.0,1702.6
1525.0,1646.3
1701.0,1740.3
1490.0,1639.3
1473.0,1696.3
2050.0,1670.7
1571.0,1633.2
1789.0,1643.3
1813.0,1719.5
1366.0,1651.0
1811.0,1747.5
1570.0,1626.9
1945.0,1689.7
1666.0,1690.6
2166.0,1884.9
1889.0,1659.2
1800.0,1645.1
2045.0,1600.2
1298.0,1688.8
1496.0,1672.2
2009.0,1687.4
1547.0,1690.0
1526.0,1710.0
2080.0,1877.4
1562.0,1681.2
1632.0,1663.9
1628.0,1705.3
1525.0,1644.3
1484.0,1645.0
1622.0,1609.4
1810.0,1695.1
2056.0,1725.7
1763.0,1676.8
1375.0,1612.1
2026.0,1747.2
1941.0,1717.2
1834.0,1663.8
1492.0,1690.9
1744.0,1601.3
1735.0,1613.2
2102.0,1665.3
1068.0,1621.4
1974.0,1650.9
1767.0,1662.0
1926.0,1627.6
1356.0,1630.6
1952.0,1670.2
1637.0,1689.1
1825.0,1748.0
1261.0,1617.3
1951.0,1692.3
1344.0,1675.8
1686.0,1714.8
1337.0,1682.3
1659.0,1681.6
1549.0,1730.7
2084.0,1698.3
1714.0,1696.3
1340.0,1720.4
1542.0,1615.0
1232.0,1632.6
1900.0,1658.1
1887.0,1672.2
1860.0,1584.7
1262.0,1677.0
1603.0,1660.5
1990.0,1628.9
1824.0,1612.8
1773.0,1707.3
1760.0,1757.5
1498.0,1634.3
1524.0,1680.6
1202.0,1645.9
1149.0,1670.1
1661.0,1666.9
1151.0,1689.1
1381.0,1602.1
1932.0,1709.4
1324.0,1628.6
1408.0,1664.1
1275.0,1600.5
1695.0,1670.0
1662.0,1668.0
2037.0,1692.7
1956.0,1673.7
1456.0,1707.7
1925.0,1747.4
1623.0,1697.4
2030.0,1674.7
2184.0,1665.8
1755.0,1695.3
1196.0,1594.2
1656.0,1637.1
1850.0,1711.8
1932.0,1655.6
1679.0,1671.3
1400.0,1713.9
1885.0,1638.1
1188.0,1567.6
1757.0,1688.3
1189.0,1654.5
1744.0,1648.2
1611.0,1727.3
1828.0,1754.1
1411.0,1558.1
1200.0,1613.5
1659.0,1590.6
1705.0,1691.4
1830.0,1679.1
1995.0,1695.2
1897.0,1583.1
1744.0,1691.1
1862.0,1667.2
1831.0,1626.0
1575.0,1644.1
1746.0,1675.5
1807.0,1606.4
1701.0,1886.3
1769.0,1596.8
1862.0,1643.5
1481.0,1688.6
1990.0,1630.9
1304.0,1687.8
2118.0,1643.6
1184.0,1665.0
1713.0,1647.5
1529.0,1615.3
1910.0,1743.8
1246.0,1697.2
1988.0,1684.0
1504.0,1705.4
1806.0,1707.1
1478.0,1712.2
1366.0,1732.6
2161.0,1862.4
1740.0,1708.0
1987.0,1683.0
1187.0,1640.1
1463.0,1643.4
1678.0,1657.7
1944.0,1698.1
1871.0,1639.4
2008.0,1653.2
1601.0,1703.3
1734.0,1706.0
1513.0,1668.6
1748.0,1715.8
1524.0,1629.9
1907.0,1683.7
1650.0,1624.1
1535.0,1653.7
1541.0,1656.7
1578.0,1681.1
1758.0,1702.6
1767.0,1603.3
1589.0,1690.5
1890.0,1619.2
1817.0,1658.6
1919.0,1625.3
1454.0,1632.5
1560.0,1661.8
1359.0,1640.8
1718.0,1611.9
1835.0,1660.2
1571.0,1695.8
1719.0,1676.2
2186.0,1674.9
2029.0,1674.4
1611.0,1659.3
1384.0,1724.0
1721.0,1635.1
1317.0,1667.9
1221.0,1592.3
1407.0,1532.5
1772.0,1728.6
1988.0,1705.7
2191.0,1705.5
1675.0,1619.6
1860.0,1619.8
1561.0,1634.2
1399.0,1704.3
1998.0,1668.1
1404.0,1726.8
1789.0,1659.0
1607.0,1669.8
1612.0,1626.8
1229.0,1642.4
1724.0,1648.1
1699.0,1630.9
1475.0,1692.9
1222.0,1664.9
1733.0,1724.6
1558.0,1635.2
1319.0,1721.6
1729.0,1622.1
1251.0,1695.4
1679.0,1680.8
1998.0,1675.5
1375.0,1696.6
1806.0,1680.2
1994.0,1742.7
1361.0,1648.6
1939.0,1674.2
1703.0,1669.9
1238.0,1634.5
1387.0,1697.3
1880.0,1645.4
1601.0,1685.9
1710.0,1631.9
1723.0,1654.8
1476.0,1717.0
1799.0,1630.3
1753.0,1691.2
1388.0,1621.1
1962.0,1694.0
1817.0,1894.2
1591.0,1675.7
1628.0,1612.1
1468.0,1677.7
1759.0,1559.6
2061.0,1715.5
1437.0,1657.6
1811.0,1853.8
1881.0,1672.8
1372.0,1808.7
1114.0,1710.8
1446.0,1652.6
1733.0,1705.7
1589.0,1700.6
1475.0,1721.9
1784.0,1728.5
1914.0,1717.4
1565.0,1659.3
1920.0,1649.7
1714.0,1729.1
1605.0,1660.7
1320.0,1633.5
1573.0,1640.8
1150.0,1605.6
1471.0,1704.8
1588.0,1608.8
1699.0,1715.9
1952.0,1724.4
1534.0,1666.1
1618.0,1668.1
1466.0,1597.6
1667.0,1893.8
1330.0,1630.3
1892.0,1681.9
1654.0,1645.1
1260.0,1602.6
1672.0,1679.9
1905.0,1730.3
1365.0,1630.1
1667.0,1636.2
1472.0,1685.3
1498.0,1676.1
1836.0,1703.7
1430.0,1623.2
1934.0,1637.1
1646.0,1668.2
1657.0,1751.4
1402.0,1589.2
1820.0,1637.3
1681.0,1657.8
1166.0,1702.4
1587.0,1639.6
1192.0,1740.7
2163.0,1675.8
1443.0,1676.1
1585.0,1652.1
1939.0,1627.0
1858.0,1703.0
1824.0,1662.9
2237.0,1703.2
2098.0,1749.2
1588.0,1653.5
1521.0,1591.0
1332.0,1624.5
1090.0,1623.3
1846.0,1793.9
1778.0,1729.4
2033.0,1900.9
1544.0,1625.0
1714.0,1640.6
2226.0,1707.0
2091.0,1651.4
1411.0,1674.0
1712.0,1543.6
2042.0,1713.0
1989.0,1722.6
1628.0,1473.8
1616.0,1725.5
1695.0,1664.4
1531.0,1601.6
2138.0,1747.5
1750.0,1671.5
1946.0,1733.9
1143.0,1535.9
1824.0,1647.1
1563.0,1670.4
1634.0,1683.6
1864.0,1551.6
1811.0,1678.9
1286.0,1743.0
1785.0,1550.7
1481.0,1761.3
1942.0,1659.5
1597.0,1691.6
1632.0,1760.2
1555.0,1723.5
1560.0,1675.8
1895.0,1715.5
1828.0,1634.0
1462.0,1554.6
1957.0,1634.5
1634.0,1686.0
1766.0,1588.7
1666.0,1646.7
1450.0,1656.3
1856.0,1646.6
1887.0,1730.8
1674.0,1684.1
2031.0,1614.8
1754.0,1656.5
1699.0,1583.0
1608.0,1696.3
1348.0,1649.3
1533.0,1617.0
1730.0,1638.6
1651.0,1613.5
1678.0,1662.7
1747.0,1887.3
1769.0,1728.0
1899.0,1710.4
2114.0,1599.7
1824.0,1630.2
1645.0,1688.1
1742.0,1611.3
1289.0,1637.8
1395.0,1624.4
2120.0,1618.5
1949.0,1582.3
1892.0,1673.5
1411.0,1667.4
1787.0,1651.7
1680.0,1659.5
1235.0,1720.7
1624.0,1641.0
1542.0,1695.6
1229.0,1700.8
2110.0,1683.8
1373.0,1623.2
1291.0,1704.0
1986.0,1676.6
1569.0,1675.6
1452.0,1711.3
1832.0,1553.9
1423.0,1675.2
1725.0,1619.0
1468.0,1658.2
1803.0,1725.3
1797.0,1899.4
1527.0,1658.8
1589.0,1709.0
2113.0,1725.2
2104.0,1634.4
2032.0,1646.4
1358.0,1692.3
1328.0,1706.2
1499.0,1625.0
1565.0,1617.6
1640.0,1654.0
1253.0,1736.7
1688.0,1697.0
1238.0,1664.6
1605.0,1693.8
1580.0,1693.6
1709.0,1638.0
1478.0,1643.6
1780.0,1617.3
1578.0,1902.7
1472.0,1632.1
1874.0,1695.5
1588.0,1638.7
2010.0,1659.9
1848.0,1501.0
1888.0,1673.3
1624.0,1727.1
1477.0,1650.9
1752.0,1626.9
1785.0,1672.6
2134.0,1609.3
1537.0,1636.2
1638.0,1667.3
2079.0,1685.3
2074.0,1644.7
1187.0,1610.2
1668.0,1735.3
1905.0,1721.0
1816.0,1651.0
1432.0,1662.1
2301.0,1684.6
1609.0,1736.8
2234.0,1717.4
1569.0,1649.9
1896.0,1679.4
1696.0,1692.6
1432.0,1667.9
1609.0,1659.7
1732.0,1663.4
1437.0,1579.4
1288.0,1685.3
1899.0,1639.6
1440.0,1681.1
1675.0,1718.7
1754.0,1629.8
1806.0,1715.7
1307.0,1697.4
1670.0,1754.6
1700.0,1695.9
1545.0,1675.3
1653.0,1649.3
1904.0,1257.9
1211.0,1699.3
1517.0,1674.1
1943.0,1762.0
1588.0,1554.0
2162.0,1643.5
1949.0,1586.6
1505.0,1682.7
1553.0,1649.1
1748.0,1707.9
1375.0,1271.2
2313.0,1705.9
1727.0,1701.3
1736.0,1707.2
1753.0,1638.8
2026.0,1705.5
1673.0,1645.6
1913.0,1601.6
1690.0,1667.1
1491.0,1611.6
1456.0,1671.0
1410.0,1650.6
1424.0,1650.8
1496.0,1582.2
1695.0,1592.3
1668.0,1695.6
1545.0,1670.3
1749.0,1628.3
1743.0,1634.8
1415.0,1715.6
1581.0,1667.6
1883.0,1679.7
1187.0,1630.3
1413.0,1607.5
1544.0,1627.2
1591.0,1673.9
1182.0,1621.8
1774.0,1628.9
1522.0,1636.7
1503.0,1602.8
1426.0,1674.5
2022.0,1583.4
1830.0,1607.1
1505.0,1690.3
1712.0,1659.6
1778.0,1648.9
1950.0,1763.9
1930.0,1665.6
2002.0,1649.7
1970.0,1640.2
1579.0,1715.8
1742.0,1617.3
1503.0,1585.0
1780.0,1715.4
2029.0,1657.1
1657.0,1725.1
1544.0,1643.1
1762.0,1600.3
1612.0,1645.6
1508.0,1650.0
1728.0,1644.8
1507.0,1656.5
2131.0,1704.4
1645.0,1664.2
1737.0,1638.7
1214.0,1704.1
1670.0,1663.8
1763.0,1596.3
1551.0,1711.3
1723.0,1664.8
1317.0,1634.9
1578.0,1686.3
1585.0,1612.7
1312.0,1728.1
1918.0,1705.5
1431.0,1638.0
1613.0,1660.2
2016.0,1706.5
1323.0,1417.5
1873.0,1685.0
1505.0,1666.0
1572.0,1680.2
1746.0,1664.3
1929.0,1735.4
1596.0,1697.5
1661.0,1670.4
1380.0,1692.6
1624.0,1721.7
1648.0,1748.6
2078.0,1698.0
1445.0,1669.2
1523.0,1585.9
1340.0,1676.9
1398.0,1680.9
1568.0,1618.6
1556.0,1639.6
1559.0,1676.2
1904.0,1661.3
1852.0,1689.0
1653.0,1620.4
1474.0,1676.8
1779.0,1571.6
1972.0,1683.3
1951.0,1682.9
2008.0,1703.0
1531.0,1717.8
1322.0,1680.6
1217.0,1655.2
1890.0,1679.3
1582.0,1694.4
2202.0,1838.7
1274.0,1693.6
1353.0,1658.6
1817.0,1715.9
1609.0,1661.0
1864.0,1718.3
1732.0,1695.2
1647.0,1635.6
1769.0,1677.9
1883.0,1664.4
1498.0,1701.8
1670.0,1630.3
1782.0,1666.5
1601.0,1661.2
1592.0,1654.8
1587.0,1693.4
1544.0,1698.3
1896.0,1666.3
1769.0,1617.8
1586.0,1682.3
1170.0,1545.2
1648.0,1660.7
1579.0,1706.2
1694.0,1675.6
1368.0,1675.1
2247.0,1697.6
1647.0,1600.9
1506.0,1768.4
1240.0,1595.8
1746.0,1700.7
1635.0,1705.8
1902.0,1720.2
1928.0,1703.8
1816.0,1529.3
1758.0,1758.6
1463.0,1666.9
2164.0,1673.2
2017.0,1710.1
1558.0,1572.9
1813.0,1677.7
1585.0,1612.4
1289.0,1671.6
1935.0,1575.8
1761.0,1689.0
1696.0,1710.1
1619.0,1728.8
1913.0,1739.5
1151.0,1647.1
1837.0,1684.7
1526.0,1758.1
1438.0,1629.3
1826.0,1777.0
2006.0,1694.2
1476.0,1657.7
1482.0,1657.5
1636.0,1663.6
1176.0,1694.0
1383.0,1739.4
1269.0,1489.6
1732.0,1591.2
1599.0,1644.3
1797.0,1885.8
1507.0,1678.9
1572.0,1658.3
1376.0,1759.2
1829.0,1739.9
2006.0,1642.5
1613.0,1673.4
1422.0,1727.7
1423.0,1676.5
1801.0,1719.8
1522.0,1708.2
1656.0,1620.7
1356.0,1682.6
1798.0,1691.5
1821.0,1555.9
1239.0,1629.1
1245.0,1603.5
1782.0,1652.2
1232.0,1610.6
1820.0,1664.2
2054.0,1720.1
1292.0,1483.0
1907.0,1691.5
2032.0,1679.1
1686.0,1719.2
1770.0,1710.6
1268.0,1663.0
1566.0,1666.3
1246.0,1678.4
1711.0,1709.6
1229.0,1621.3
1224.0,1631.1
1821.0,1798.6
1863.0,1716.9
1681.0,1669.2
1918.0,1700.4
1559.0,1662.6
1188.0,1664.2
1527.0,1722.9
1395.0,1712.4
1659.0,1713.6
1398.0,1727.6
1065.0,1663.5
1670.0,1690.0
1807.0,1665.5
1769.0,1629.9
1670.0,1644.0
1246.0,1643.4
1619.0,1607.7
1840.0,1659.7
985.0,1638.6
1559.0,1690.7
1583.0,1731.6
1404.0,1641.2
1782.0,1624.6
1635.0,1739.0
1711.0,1605.4
1661.0,1750.4
1962.0,1664.3
1406.0,1733.9
1247.0,1650.7
1663.0,1804.0
1828.0,1659.4
1694.0,1610.7
1595.0,1692.3
1530.0,1667.9
1231.0,1585.2
1810.0,1654.2
1605.0,1710.8
1740.0,1653.6
1507.0,1617.6
1605.0,1527.5
1494.0,1713.7
1545.0,1629.6
1325.0,1632.0
1767.0,1714.1
1756.0,1716.2
1682.0,1679.6
2092.0,1665.4
1470.0,1606.6
1121.0,1661.4
2176.0,1812.5
1729.0,1760.7
1803.0,1562.8
1680.0,1642.1
1685.0,1605.7
1961.0,1648.2
1587.0,1593.7
1866.0,1721.7
1085.0,1700.8
1766.0,1633.9
1690.0,1690.9
1411.0,1643.7
1759.0,1662.2
2085.0,1709.0
1771.0,1690.8
2075.0,1686.5
1804.0,1660.7
1635.0,1649.0
1806.0,1550.2
1254.0,1573.1
2207.0,1678.9
1690.0,1668.8
1452.0,1689.5
1563.0,1656.4
1633.0,1662.5
1753.0,1595.9
1792.0,1689.7
1953.0,1654.3
1878.0,1626.3
1661.0,1612.1
1666.0,1594.7
1609.0,1665.3
1624.0,1636.4
1805.0,1702.4
1530.0,1652.4
2032.0,1868.7
2146.0,1846.7
2019.0,1618.2
2045.0,1674.8
1961.0,1759.5
1672.0,1805.0
1952.0,1675.8
1677.0,1699.9
1480.0,1719.6
1725.0,1767.8
1569.0,1698.4
1659.0,1653.6
2029.0,1628.1
1284.0,1617.4
2107.0,1717.6
2067.0,1666.5
1664.0,1723.0
1242.0,1681.8
1919.0,1675.2
1812.0,1766.0
1444.0,1571.6
1700.0,1647.3
1306.0,1611.4
2117.0,1622.7
1692.0,1636.1
1330.0,1578.7
1688.0,1682.1
1806.0,1722.3
1740.0,1670.1
1492.0,1661.3
1723.0,1700.0
1624.0,1623.0
2033.0,1713.2
1400.0,1691.3
1880.0,1561.7
1770.0,1660.5
1641.0,1680.4
1567.0,1726.7
1292.0,1598.1
1945.0,1645.4
2057.0,1864.0
1253.0,1665.9
1230.0,1612.6
2016.0,1679.7
1362.0,1313.3
1514.0,1554.4
1689.0,1776.3
2051.0,1576.4
1591.0,1735.6
1631.0,1838.4
1406.0,1669.5
1351.0,1613.5
1246.0,1634.0
1939.0,1729.3
1914.0,1725.5
1509.0,1601.5
1669.0,1672.9
1769.0,1729.5
1851.0,1690.2
1496.0,1682.8
1988.0,1845.1
1399.0,1644.2
1582.0,1708.5
1715.0,1630.7
2233.0,1695.1
2031.0,1698.2
1671.0,1670.7
1485.0,1637.2
1088.0,1729.2
1908.0,1716.0
1498.0,1565.7
1708.0,1697.4
1554.0,1650.8
1455.0,1625.0
1992.0,1624.7
1494.0,1675.8
1834.0,1653.1
1521.0,1649.8
1579.0,1582.7
1510.0,1624.0
1748.0,1763.4
1895.0,1697.1
1898.0,1642.7
1692.0,1660.3
1853.0,1561.7
1422.0,1693.6
1815.0,1723.4
1483.0,1698.3
2225.0,1889.2
1897.0,1719.4
1481.0,1665.2
1625.0,1607.6
1815.0,1692.6
1950.0,1652.3
1601.0,1656.5
1732.0,1904.9
1662.0,1627.4
1927.0,1734.1
1694.0,1675.7
1811.0,1681.9
1994.0,1855.3
1581.0,1690.5
1235.0,1657.9
2171.0,1670.5
1623.0,1566.1
1951.0,1718.5
1198.0,1660.7
1287.0,1736.6
1773.0,1659.1
1669.0,1584.4
1635.0,1629.9
1344.0,1680.4
1739.0,1697.7
1780.0,1645.2
1791.0,1692.7
1222.0,1665.1
2321.0,1638.9
1468.0,1652.4
1611.0,1678.8
1560.0,1592.1
1816.0,1701.6
1927.0,1660.9
1768.0,1577.2
2013.0,1640.9
1868.0,1713.4
1803.0,1685.9
1256.0,1579.3
1758.0,1615.6
1737.0,1721.3
1901.0,1705.7
1154.0,1676.3
1873.0,1661.8
1672.0,1699.9
1454.0,1669.6
1546.0,1667.7
2159.0,1753.8
1280.0,1618.9
1688.0,1674.5
1841.0,1680.9
1250.0,1717.2
1689.0,1642.1
2176.0,1658.2
1326.0,1667.6
1461.0,1621.2
1900.0,1701.3
1575.0,1642.4
1392.0,1612.9
1881.0,1833.3
1412.0,1705.0
1723.0,1620.0
1183.0,1582.3
1796.0,1744.4
1678.0,1697.9
1419.0,1581.9
1746.0,1721.4
1232.0,1662.0
1710.0,1618.8
1549.0,1753.4
1530.0,1641.5
1172.0,1664.2
1788.0,1771.9
1566.0,1645.6
1441.0,1633.6
1506.0,1471.7
1504.0,1554.6
1331.0,1688.8
1891.0,1645.1
1590.0,1667.0
1389.0,1643.8
1831.0,1598.0
1491.0,1644.1
1552.0,1611.8
1595.0,1736.7
1823.0,1801.9
1466.0,1747.5
1525.0,1723.1
1752.0,1678.0
1515.0,1598.8
1935.0,1694.0
1867.0,1670.6
1539.0,1730.6
1586.0,1639.4
1653.0,1675.1
1755.0,1623.3
1610.0,1644.2
1457.0,1658.6
1520.0,1699.4
1928.0,1841.5
1783.0,1678.1
1435.0,1668.6
1692.0,1754.1
1579.0,1660.9
1601.0,1653.6
1986.0,1699.8
1535.0,1659.2
1580.0,1710.6
1872.0,1725.6
1526.0,1632.6
1452.0,1669.3
1704.0,1589.5
1479.0,1619.9
1657.0,1681.9
1443.0,1650.1
1642.0,1606.8
1244.0,1674.9
1573.0,1663.9
1710.0,1674.3
1826.0,1587.4
1952.0,1670.4
1614.0,1675.4
2193.0,1680.8
1658.0,1687.3
1630.0,1598.4
2103.0,1635.5
1609.0,1652.1
1736.0,1715.6
1758.0,1620.1
1382.0,1680.8
1819.0,1726.5
1646.0,1653.4
1677.0,1705.9
1196.0,1633.3
1290.0,1648.9
1688.0,1588.4
2144.0,1743.5
1952.0,1672.1
1400.0,1618.0
1982.0,1672.9
1606.0,1661.5
1710.0,1694.6
2072.0,1704.5
1868.0,1641.8
1348.0,1672.5
1716.0,1602.6
1615.0,1669.0
1908.0,1658.9
1787.0,1688.0
1284.0,1540.1
1902.0,1574.7
1880.0,1685.0
1206.0,1705.6
1148.0,1548.1
1412.0,1746.1
2036.0,1722.5
1903.0,1679.4
1665.0,1658.9
1353.0,1607.3
1058.0,1592.1
1241.0,1268.0
1585.0,1633.5
1581.0,1552.8
1244.0,1648.1
1747.0,1678.2
1607.0,1660.0
1536.0,1623.3
1604.0,1609.2
1890.0,1635.7
1990.0,1695.8
1375.0,1578.5
1708.0,1706.1
1795.0,1667.0
1243.0,1760.5
1705.0,1658.5
2065.0,1632.7
1786.0,1668.3
1784.0,1686.5
1404.0,1672.7
1591.0,1675.6
1773.0,1647.9
1751.0,1865.3
1790.0,1661.5
1857.0,1747.9
1918.0,1676.9
2178.0,1750.5
1884.0,1705.3
1589.0,1659.0
1887.0,1852.5
1583.0,1684.6
1590.0,1645.9
1382.0,1673.8
1604.0,1717.3
1947.0,1622.5
1838.0,1694.8
1516.0,1579.1
1563.0,1584.8
1475.0,1594.2
2319.0,1650.3
1762.0,1372.6
1589.0,1664.3
1784.0,1668.2
1741.0,1664.8
1828.0,1704.7
1439.0,1552.3
1608.0,1653.2
1760.0,1737.2
1810.0,1658.6
1514.0,1620.0
1661.0,1719.1
1607.0,1728.2
1744.0,1669.8
1149.0,1732.3
1662.0,1602.4
1385.0,1686.8
1894.0,1636.3
1689.0,1652.8
1422.0,1591.9
1740.0,1661.6
1469.0,1644.5
2071.0,1644.9
1249.0,1620.1
1704.0,1698.1
1738.0,1654.3
1272.0,1725.6
1828.0,1714.8
1642.0,1750.7
1596.0,1657.4
2001.0,1864.9
1571.0,1652.3
1549.0,1627.4
1709.0,1636.1
1407.0,1638.0
1404.0,1651.3
1763.0,1678.5
1629.0,1675.7
2081.0,1753.0
1672.0,1640.1
1718.0,1700.5
1160.0,1635.7
1333.0,1665.5
1691.0,1667.4
1539.0,1668.1
1711.0,1688.3
1966.0,1681.1
1660.0,1755.9
2020.0,1682.9
1544.0,1686.4
1800.0,1668.1
1788.0,1705.1
1423.0,1669.5
1608.0,1690.9
2308.0,1688.0
1497.0,1541.9
1537.0,1707.7
2027.0,1693.6
1656.0,1664.4
1700.0,1704.8
1105.0,1666.0
1257.0,1686.0
1681.0,1688.2
1642.0,1689.9
1599.0,1697.2
1723.0,1683.1
1810.0,1638.0
1810.0,1680.4
1445.0,1639.6
1725.0,1724.0
1269.0,1700.0
1691.0,1643.5
1567.0,1646.7
1905.0,1683.1
2074.0,1686.9
1744.0,1652.3
1617.0,1631.5
1567.0,1693.7
1539.0,1681.3
1699.0,1727.3
1984.0,1634.3
2121.0,1700.9
1443.0,1616.5
1635.0,1730.4
2015.0,1665.2
1777.0,1671.8
1286.0,1649.4
1821.0,1712.7
1677.0,1690.7
1280.0,1673.9
2002.0,1713.0
1488.0,1663.7
1440.0,1707.4
2080.0,1695.9
1676.0,1678.0
1810.0,1733.4
1420.0,1740.5
1648.0,1623.7
1776.0,1782.6
1084.0,1702.9
2001.0,1717.5
1723.0,1712.3
1829.0,1656.4
1887.0,1653.7
1597.0,1677.2
1411.0,1684.8
1256.0,1664.9
1987.0,1640.3
1511.0,1672.2
1587.0,1661.7
1575.0,1670.0
1750.0,1618.7
1749.0,1650.2
1294.0,1673.8
1086.0,1626.1
1747.0,1710.3
1520.0,1689.0
1999.0,1621.1
1840.0,1695.3
2001.0,1707.8
1718.0,1654.0
2157.0,1686.0
1756.0,1636.9
1591.0,1674.3
2006.0,1745.4
1622.0,1684.3
1737.0,1801.3
1645.0,1667.2
1651.0,1676.1
1900.0,1858.3
1711.0,1669.7
1639.0,1631.8
1256.0,1698.3
1682.0,1577.5
2052.0,1797.0
1825.0,1692.1
1755.0,1697.5
2122.0,1692.5
1892.0,1674.6
1880.0,1696.3
1157.0,1667.2
1283.0,1587.7
2234.0,1754.3
1583.0,1664.8
1585.0,1395.9
1602.0,1716.7
1554.0,1749.4
1400.0,1647.5
1429.0,1621.0
1441.0,1659.8
1268.0,1678.8
1906.0,1681.9
1069.0,1597.7
1527.0,1738.1
1961.0,1741.1
1830.0,1624.5
1338.0,1603.8
1501.0,1631.9
1429.0,1633.2
1484.0,1657.6
1361.0,1633.1
1813.0,1695.8
1289.0,1669.5
1284.0,1648.9
1423.0,1634.7
1667.0,1656.0
2009.0,1714.5
2044.0,1719.0
1539.0,1676.4
1757.0,1664.6
1685.0,1675.6
1278.0,1706.6
1267.0,1669.1
2026.0,1714.9
1242.0,1625.0
1552.0,1628.1
1570.0,1672.1
2113.0,1755.1
1727.0,1721.0
1334.0,1639.3
1723.0,1655.7
1481.0,1684.2
1495.0,1696.1
1589.0,1586.5
1505.0,1684.6
1667.0,1671.9
1950.0,1762.2
1701.0,1698.8
1269.0,1610.6
2088.0,1707.4
1390.0,1635.0
1813.0,1667.0
1929.0,1910.9
1543.0,1652.2
1850.0,1747.4
1637.0,1732.4
1784.0,1733.5
1919.0,1679.2
1909.0,1677.7
1842.0,1651.7
1581.0,1624.1
1607.0,1652.8
1792.0,1637.2
1733.0,1627.3
1441.0,1643.9
2046.0,1696.3
1182.0,1658.0
2020.0,1678.4
1680.0,1684.9
1264.0,1697.3
1756.0,1650.3
1591.0,1650.3
1778.0,1623.8
1502.0,1701.7
1625.0,1609.1
1662.0,1710.6
1438.0,1592.9
1557.0,1658.7
1380.0,1663.4
1576.0,1689.4
1787.0,1651.7
1671.0,1690.4
1616.0,1623.1
1893.0,1673.5
1667.0,1749.2
1654.0,1758.9
1819.0,1471.6
1613.0,1682.0
1205.0,1587.6
1483.0,1629.6
1988.0,1658.2
1810.0,1608.1
1754.0,1618.8
1580.0,1615.7
1859.0,1657.0
1358.0,1669.4
1665.0,1612.3
1615.0,1653.6
1802.0,1664.2
2108.0,1768.4
1668.0,1507.5
1860.0,1681.2
1524.0,1552.4
1207.0,1721.8
1877.0,1654.8
2287.0,1671.6
1950.0,1710.0
1570.0,1702.2
1527.0,1601.2
1421.0,1687.9
1701.0,1655.1
1456.0,1717.2
1857.0,1704.0
1614.0,1740.9
1780.0,1598.2
1644.0,1822.7
1833.0,1738.8
1871.0,1820.0
1801.0,1654.6
1931.0,1639.0
1916.0,1639.0
2022.0,1592.5
1788.0,1635.2
1669.0,1723.9
1485.0,1645.7
1339.0,1709.9
1361.0,1639.1
1521.0,1685.8
1516.0,1622.2
1519.0,1620.7
1531.0,1627.3
1914.0,1661.0
1610.0,1662.0
1530.0,1631.6
1605.0,1704.5
1714.0,1646.2
1097.0,1664.5
1972.0,1682.5
1829.0,1672.6
1813.0,1884.8
2156.0,1712.9
1615.0,1675.9
1619.0,1660.3
1846.0,1704.9
2038.0,1690.7
1731.0,1670.6
1364.0,1695.3
1564.0,1639.6
1543.0,1710.5
1760.0,1654.3
1645.0,1649.4
1776.0,1659.9
1597.0,1656.0
1781.0,1715.2
1820.0,1608.9
1402.0,1631.4
1670.0,1653.1
1442.0,1697.9
1517.0,1645.5
1590.0,1669.2
1949.0,1672.7
1416.0,1684.2
1848.0,1680.2
1811.0,1735.3
1227.0,1646.8
1912.0,1685.7
1719.0,1698.5
1740.0,1617.4
1531.0,1710.4
1404.0,1711.6
1391.0,1649.0
1368.0,1701.0
1711.0,1701.5
1546.0,1680.7
1494.0,1618.3
1966.0,1585.0
1716.0,1701.0
1969.0,1630.3
1918.0,1671.5
1600.0,1720.1
1167.0,1594.8
1847.0,1705.7
1494.0,1636.8
1756.0,1652.9
2037.0,1677.1
1469.0,1662.6
1460.0,1706.4
1953.0,1634.9
1808.0,1669.6
1588.0,1694.6
1637.0,1594.6
1657.0,1648.4
1546.0,1669.8
1613.0,1650.9
1783.0,1715.9
1880.0,1710.0
1361.0,1642.3
1653.0,1660.0
1434.0,1607.0
2037.0,1694.0
1800.0,1731.7
1833.0,1665.1
1674.0,1643.5
1370.0,1672.4
1485.0,1684.3
1326.0,1608.4
1232.0,1667.6
1693.0,1890.3
1954.0,1580.3
1854.0,1685.6
1267.0,1624.8
2097.0,1579.6
1672.0,1666.3
1969.0,1650.3
1703.0,1726.7
1762.0,1807.9
1390.0,1619.0
1910.0,1698.1
1795.0,1596.4
1729.0,1704.5
1509.0,1704.2
1564.0,1627.1
1827.0,1566.4
1430.0,1674.3
1806.0,1730.1
1512.0,1565.8
1706.0,1675.8
1933.0,1826.1
1835.0,1645.5
1820.0,1670.0
1850.0,1608.8
1440.0,1689.9
1589.0,1653.5
1478.0,1712.8
1450.0,1647.1
1762.0,1610.7
1831.0,1613.7
1327.0,1699.5
1323.0,1631.3
1655.0,1703.0
2028.0,1653.5
1792.0,1697.0
1665.0,1703.8
2179.0,1625.9
1814.0,1877.4
1699.0,1724.0
1653.0,1633.2
1864.0,1690.9
1580.0,1690.6
1492.0,1624.3
1735.0,1691.7
1293.0,1626.3
1928.0,1677.7
1682.0,1618.0
1548.0,1698.1
1624.0,1565.4
1513.0,1836.1
1641.0,1646.0
1525.0,1670.3
1643.0,1684.9
1837.0,1629.5
1701.0,1631.7
1831.0,1732.7
1663.0,1736.0
1741.0,1574.4
1680.0,1708.4
1643.0,1642.1
1924.0,1618.3
1688.0,1664.1
1740.0,1699.0
1818.0,1648.0
1865.0,1635.8
1891.0,1670.8
1923.0,1635.2
1552.0,1676.2
1609.0,1538.0
1823.0,1798.2
1886.0,1683.8
1825.0,1659.9
1689.0,1875.4
1658.0,1569.9
1422.0,1575.6
1187.0,1632.5
1272.0,1588.8
1632.0,1655.8
1309.0,1627.8
1284.0,1658.9
1555.0,1574.2
1510.0,1738.6
1896.0,1649.6
1529.0,1729.5
1964.0,1708.7
1490.0,1687.4
1520.0,1700.6
1457.0,1656.9
1191.0,1667.4
1520.0,1600.5
1766.0,1689.2
1747.0,1721.0
1542.0,1671.3
1466.0,1837.7
1434.0,1738.1
1444.0,1560.7
1733.0,1663.7
1315.0,1694.9
1492.0,1735.9
1513.0,1689.9
1879.0,1838.7
1777.0,1638.1
1418.0,1683.8
1585.0,1546.1
1651.0,1691.2
1826.0,1605.6
1228.0,1666.8
2030.0,1693.6
1756.0,1599.9
1599.0,1680.0
1382.0,1661.6
1829.0,1714.5
1972.0,1721.0
1858.0,1711.1
1808.0,1753.3
1487.0,1668.9
1326.0,1665.3
1560.0,1490.7
1496.0,1653.9
1419.0,1700.8
1934.0,1645.4
1135.0,1626.3
1742.0,1725.2
1394.0,1670.8
1199.0,1603.3
1691.0,1709.1
1581.0,1698.5
1652.0,1620.2
1942.0,1703.1
1597.0,1754.2
1751.0,1625.8
1821.0,1668.7
1370.0,1638.8
1503.0,1653.4
1981.0,1707.7
1286.0,1647.5
1097.0,1670.7
1679.0,1673.4
1651.0,1616.5
1702.0,1663.0
1992.0,1672.1
1320.0,1703.1
1182.0,1631.2
2014.0,1658.4
1765.0,1697.6
1944.0,1610.2
1530.0,1788.5
1189.0,1566.3
1942.0,1692.7
1835.0,1716.0
2044.0,1732.5
1558.0,1710.8
1543.0,1696.4
1604.0,1617.0
1746.0,1684.0
1565.0,1705.6
2029.0,1907.1
1827.0,1743.4
1645.0,1624.6
1841.0,1687.8
1779.0,1632.5
1785.0,1627.7
1383.0,1659.9
1411.0,1704.2
1665.0,1608.5
1942.0,1731.0
1496.0,1691.3
1752.0,1690.1
1726.0,1765.3
1887.0,1627.6
1802.0,1707.3
1539.0,1582.2
1307.0,1681.5
2055.0,1670.9
1543.0,1610.5
1642.0,1708.4
1833.0,1706.4
1955.0,1650.2
1564.0,1583.4
1171.0,1652.0
1587.0,1590.2
1332.0,1701.4
1902.0,1657.5
1658.0,1736.7
1734.0,1604.2
1427.0,1670.4
2046.0,1658.2
1628.0,1618.7
1625.0,1657.5
1530.0,1645.4
1733.0,1589.3
2235.0,1678.3
1682.0,1659.8
1766.0,1672.3
1738.0,1768.5
1653.0,1669.4
1996.0,1830.0
1241.0,1723.3
1982.0,1722.0
1770.0,1599.1
1855.0,1653.4
1874.0,1733.6
1938.0,1567.8
1776.0,1738.6
2167.0,1624.1
1544.0,1609.5
1616.0,1646.1
1836.0,1759.6
1354.0,1716.5
1522.0,1678.3
1670.0,1716.1
1098.0,1705.4
1757.0,1641.7
1817.0,1714.5
1671.0,1690.5
1663.0,1630.8
1620.0,1580.4
2017.0,1562.9
1296.0,1738.3
1570.0,1684.3
1276.0,1648.4
1636.0,1657.5
1835.0,1609.9
1819.0,1655.6
1858.0,1691.0
1384.0,1619.1
1989.0,1677.1
1633.0,1537.3
1642.0,1615.2
1383.0,1705.9
1713.0,1726.0
1342.0,1621.3
1985.0,1646.2
1628.0,1739.5
1668.0,1626.4
2074.0,1703.1
1988.0,1705.6
1288.0,1688.4
1537.0,1571.0
1538.0,1659.0
1784.0,1597.3
1060.0,1602.6
1471.0,1649.4
1570.0,1616.7
1985.0,1675.5
1787.0,1648.8
1560.0,1687.3
1784.0,1658.5
1739.0,1594.4
1726.0,1708.3
1967.0,1685.6
1430.0,1541.9
1120.0,1563.7
1339.0,1635.3
1311.0,1688.7
1840.0,1699.7
1666.0,1674.0
1467.0,1620.3
1360.0,1590.1
2014.0,1616.6
2053.0,1658.8
1727.0,1743.8
1733.0,1724.6
1555.0,1683.9
1549.0,1639.1
1466.0,1611.1
2055.0,1654.1
1247.0,1637.1
1868.0,1656.5
1593.0,1683.8
2301.0,1646.9
1553.0,1687.5
2207.0,1725.8
1336.0,1736.0
1855.0,1733.1
1751.0,1621.3
1357.0,1623.8
1805.0,1711.9
1925.0,1669.1
1850.0,1711.5
1436.0,1673.2
1661.0,1629.2
1681.0,1661.5
1187.0,1684.2
2122.0,1699.7
1141.0,1643.2
1194.0,1725.3
1579.0,1629.0
1891.0,1698.4
1537.0,1668.8
1604.0,1796.8
2010.0,1608.0
1398.0,1628.3
1593.0,1659.8
1482.0,1722.6
1757.0,1648.7
1160.0,1593.9
2045.0,1759.0
1987.0,1628.2
1897.0,1662.8
1533.0,1527.9
1079.0,1645.8
1676.0,1674.8
1510.0,1677.5
2053.0,1762.8
1955.0,1665.5
1828.0,1693.3
2062.0,1654.4
1938.0,1667.7
987.0,1737.5
1585.0,1620.0
1724.0,1670.4
2160.0,1876.4
1666.0,1686.1
1326.0,1599.9
1631.0,1610.1
1293.0,1695.3
1273.0,1657.5
1564.0,1749.6
1437.0,1689.4
1741.0,1682.7
2227.0,1633.8
1716.0,1617.5
1592.0,1644.4
1755.0,1651.0
1619.0,1678.5
2193.0,1638.0
1700.0,1828.2
2008.0,1654.6
1976.0,1688.4
1273.0,1274.1
1406.0,1703.7
1570.0,1689.5
1428.0,1680.8
1666.0,1662.8
1996.0,1702.9
1172.0,1668.9
1967.0,1634.7
1601.0,1733.7
1301.0,1644.7
1334.0,1715.9
1821.0,1641.1
1334.0,1729.7
1903.0,1729.3
1837.0,1697.9
1739.0,1670.1
1778.0,1635.0
1445.0,1644.7
1428.0,1740.5
1671.0,1686.5
1495.0,1636.8
1611.0,1670.6
1217.0,1609.0
1953.0,1710.1
1982.0,1594.2
1210.0,1662.0
1251.0,1848.4
1434.0,1686.5
1566.0,1673.3
1554.0,1600.4
2144.0,1614.8
2027.0,1675.2
1436.0,1642.3
1991.0,1683.4
1703.0,1631.2
1590.0,1613.5
1840.0,1710.0
2016.0,1646.8
1828.0,1665.5
1671.0,1707.2
1710.0,1732.3
1584.0,1644.2
1999.0,1681.0
1689.0,1722.6
2095.0,1730.8
1871.0,1679.4
1745.0,1684.8
1655.0,1679.9
1681.0,1656.5
1590.0,1623.4
2023.0,1883.8
1880.0,1659.9
1456.0,1590.4
1648.0,1577.7
1717.0,1709.4
1918.0,1640.1
1678.0,1723.7
1924.0,1849.1
1302.0,1668.4
1893.0,1713.7
1455.0,1645.9
1459.0,1383.2
2054.0,1642.4
1618.0,1626.0
1572.0,1641.5
1455.0,1613.9
1314.0,1654.8
2162.0,1672.7
1939.0,1676.1
1619.0,1715.9
1813.0,1703.3
1800.0,1696.3
1896.0,1612.7
1290.0,1660.2
2137.0,1617.5
1504.0,1722.9
1536.0,1677.3
2074.0,1723.0
1776.0,1694.4
1325.0,1701.8
1674.0,1639.4
1985.0,1665.0
1786.0,1660.9
1968.0,1700.1
1773.0,1676.9
1672.0,1722.0
1676.0,1645.9
1819.0,1661.2
1190.0,1520.0
1767.0,1726.1
1303.0,1683.1
2154.0,1435.2
1899.0,1859.8
1831.0,1635.6
1157.0,1728.9
1750.0,1675.5
1914.0,1727.3
1600.0,1676.2
2017.0,1677.7
1597.0,1681.7
1756.0,1682.9
1997.0,1640.5
1948.0,1693.2
1615.0,1645.6
1822.0,1730.8
1715.0,1704.5
1829.0,1711.5
1859.0,1737.0
1912.0,1736.3
1895.0,1696.5
1973.0,1620.8
2024.0,1645.4
2245.0,1717.1
1938.0,1686.9
1707.0,1707.4
1748.0,1636.8
1511.0,1632.0
1578.0,1589.1
1793.0,1694.7
1571.0,1698.1
1747.0,1630.3
1512.0,1727.0
1562.0,1642.9
2034.0,1670.9
1900.0,1687.6
1788.0,1639.5
1954.0,1680.4
1691.0,1689.0
1669.0,1666.2
1344.0,1661.8
1829.0,1672.9
1977.0,1650.3
1621.0,1641.0
1422.0,1696.8
1882.0,1726.8
1585.0,1516.6
1731.0,1597.9
1945.0,1635.5
1484.0,1691.6
1825.0,1592.8
1871.0,1696.6
1751.0,1717.1
1743.0,1637.7
1424.0,1721.9
1951.0,1716.3
1541.0,1721.2
1883.0,1531.5
1695.0,1652.6
1484.0,1740.9
1362.0,1639.1
1667.0,1743.0
1665.0,1662.3
1540.0,1697.4
1808.0,1675.3
2076.0,1805.9
1549.0,1728.2
1408.0,1681.4
1764.0,1656.5
1624.0,1652.6
1939.0,1609.4
1650.0,1673.9
1573.0,1581.7
1820.0,1609.1
1814.0,1664.2
1747.0,1607.6
1463.0,1677.2
1628.0,1655.9
1281.0,1638.8
1774.0,1760.6
1810.0,1684.9
1718.0,1634.9
1555.0,1667.2
1396.0,1481.3
1397.0,1570.4
1300.0,1738.0
1658.0,1671.3
1596.0,1608.7
1621.0,1692.3
1619.0,1637.7
2062.0,1611.1
1836.0,1620.7
1552.0,1592.4
1675.0,1709.4
1986.0,1645.5
1596.0,1710.4
1775.0,1612.9
1657.0,1652.7
2083.0,1659.2
1265.0,1573.2
1984.0,1859.8
1754.0,1688.3
1601.0,1690.5
1347.0,1692.8
1528.0,1634.5
1599.0,1686.0
1451.0,1689.5
1562.0,1675.2
2087.0,1654.7
1630.0,1714.0
1771.0,1667.4
1956.0,1710.1
1573.0,1720.3
1609.0,1595.7
1960.0,1792.9
1886.0,1632.1
1884.0,1725.8
1323.0,1661.7
1631.0,1673.7
1737.0,1657.2
1755.0,1587.1
1539.0,1650.4
1673.0,1706.8
1826.0,1718.3
1839.0,1673.9
1755.0,1712.3
1481.0,1664.6
1415.0,1680.6
1701.0,1656.5
1681.0,1881.1
2223.0,1598.0
1766.0,1641.1
1989.0,1616.7
1573.0,1606.5
1641.0,1627.3
1735.0,1676.8
1691.0,1685.4
1866.0,1643.8
1483.0,1588.4
1691.0,1671.6
1482.0,1626.5
1330.0,1596.4
1471.0,1654.7
1666.0,1448.8
1662.0,1681.7
1718.0,1681.8
1824.0,1853.8
2073.0,1678.3
1094.0,1600.8
2007.0,1610.8
2044.0,1648.6
1832.0,1695.3
1637.0,1664.3
1805.0,1715.7
2037.0,1700.0
1556.0,1663.1
1470.0,1569.9
1631.0,1650.9
1505.0,1599.8
1800.0,1811.0
2102.0,1675.1
1928.0,1671.8
1934.0,1703.2
2153.0,1659.1
1555.0,1655.2
1355.0,1594.0
2220.0,1674.6
1595.0,1720.7
1841.0,1654.9
1691.0,1623.0
1568.0,1702.0
1538.0,1690.7
1971.0,1652.9
1448.0,1687.0
1704.0,1740.5
1543.0,1689.8
1733.0,1642.6
1230.0,1647.4
1175.0,1638.6
1982.0,1713.4
1408.0,1659.3
1824.0,1721.2
1613.0,1697.3
1661.0,1663.6
1873.0,1666.0
1579.0,1691.4
2255.0,1707.7
1612.0,1650.4
1927.0,1661.4
1627.0,1670.5
1645.0,1667.6
1902.0,1646.4
1611.0,1671.5
1747.0,1674.7
1547.0,1647.5
1710.0,1697.2
1574.0,1672.3
1534.0,1674.5
1399.0,1625.1
1121.0,1707.8
2059.0,1731.3
1596.0,1642.8
2170.0,1668.6
1576.0,1672.4
1725.0,1700.6
1519.0,1646.3
1790.0,1645.8
1319.0,1523.5
1887.0,1643.1
1325.0,1626.1
1623.0,1641.5
1596.0,1559.0
1745.0,1716.6
1713.0,1629.0
1791.0,1669.8
1714.0,1712.9
1628.0,1627.4
1454.0,1716.5
1706.0,1598.8
2092.0,1632.0
1391.0,1604.5
1674.0,1673.7
1374.0,1686.4
2182.0,1713.0
1824.0,1613.8
1304.0,1583.3
1504.0,1589.3
1746.0,1707.6
1143.0,1550.7
1699.0,1630.3
1625.0,1635.2
1401.0,1703.4
1295.0,1618.1
1625.0,1787.9
2007.0,1683.4
1350.0,1675.6
1491.0,1625.0
1739.0,1679.2
1888.0,1676.0
1747.0,1728.4
1639.0,1692.5
1633.0,1682.0
1603.0,1690.9
1668.0,1650.8
1697.0,1693.3
1650.0,1674.8
1416.0,1701.4
1647.0,1667.1
1717.0,1632.7
1499.0,1654.0
1690.0,1704.9
2057.0,1634.8
1317.0,1580.6
1432.0,1666.5
1630.0,1737.6
1120.0,1595.5
2030.0,1740.9
1283.0,1608.5
1622.0,1567.8
1614.0,1678.6
1333.0,1630.0
1428.0,1735.6
1376.0,1667.2
1816.0,1653.3
1659.0,1638.3
1950.0,1662.2
1407.0,1612.0
2057.0,1756.7
1510.0,1714.9
1737.0,1712.2
1549.0,1645.3
1516.0,1656.5
1894.0,1875.6
1715.0,1709.9
2098.0,1654.2
1520.0,1631.4
1356.0,1714.2
2111.0,1638.3
1841.0,1668.7
1396.0,1674.5
1517.0,1632.1
1265.0,1632.4
1701.0,1607.5
1591.0,1602.1
1980.0,1723.9
1861.0,1655.4
1531.0,1663.7
1400.0,1677.8
1764.0,1706.9
1527.0,1667.6
1747.0,1639.8
1503.0,1670.1
1493.0,1743.1
1281.0,1573.1
1725.0,1681.6
1772.0,1663.1
1370.0,1708.5
1475.0,1626.0
1803.0,1689.8
1967.0,1690.9
1977.0,1719.4
1483.0,1701.5
1422.0,1594.4
1973.0,1678.5
1269.0,1656.7
1636.0,1731.6
1727.0,1618.1
1901.0,1651.4
1866.0,1661.5
1604.0,1622.0
1447.0,1671.0
1676.0,1683.3
1630.0,1656.2
1733.0,1694.9
1639.0,1652.4
1636.0,1689.1
1733.0,1652.0
1661.0,1664.4
1518.0,1729.6
1747.0,1701.3
1690.0,1718.8
1656.0,1694.9
1755.0,1647.1
1911.0,1714.6
1897.0,1697.1
1687.0,1600.7
1568.0,1657.4
1851.0,1726.0
1403.0,1582.3
1414.0,1633.2
1212.0,1663.8
2043.0,1615.6
1745.0,1684.5
2098.0,1663.1
1641.0,1726.6
1835.0,1658.7
1617.0,1673.5
1810.0,1607.0
1361.0,1636.7
1845.0,1640.9
1711.0,1669.4
1648.0,1632.1
1839.0,1681.7
2080.0,1596.4
1969.0,1634.0
1707.0,1743.8
1904.0,1759.0
1841.0,1665.7
1415.0,1563.8
1902.0,1625.3
2017.0,1795.7
1648.0,1705.1
1819.0,1673.6
1385.0,1715.4
1740.0,1606.4
1948.0,1615.9
1596.0,1613.4
1649.0,1702.9
1590.0,1627.2
1981.0,1634.2
1305.0,1615.2
1810.0,1718.4
1477.0,1669.3
2184.0,1624.4
1524.0,1663.8
1754.0,1727.6
1713.0,1644.8
1531.0,1626.2
1769.0,1645.2
1574.0,1619.4
1825.0,1709.7
1664.0,1580.3
1930.0,1711.2
2209.0,1669.5
1526.0,1689.6
1826.0,1702.8
1606.0,1706.7
1506.0,1784.3
2026.0,1692.6
1783.0,1694.1
1769.0,1686.3
1875.0,1718.8
1658.0,1728.5
1678.0,1621.5
1641.0,1656.4
1192.0,1683.3
1849.0,1688.1
1505.0,1629.1
1686.0,1731.2
2023.0,1686.2
1806.0,1674.5
1507.0,1677.7
1815.0,1592.5
1404.0,1617.5
1724.0,1669.5
1592.0,1645.1
1184.0,1673.6
1705.0,1632.6
1786.0,1616.7
1675.0,1583.2
1661.0,1653.4
1797.0,1601.4
1421.0,1594.3
1685.0,1659.3
1557.0,1643.2
1434.0,1660.8
1759.0,1739.4
1227.0,1672.1
1631.0,1679.9
1289.0,1635.1
1941.0,1699.4
1797.0,1704.8
1838.0,1649.2
1387.0,1663.8
1751.0,1622.3
2008.0,1622.0
1637.0,1692.4
1495.0,1619.7
1587.0,1725.8
1115.0,1687.8
1573.0,1588.7
1615.0,1675.9
1967.0,1719.8
1897.0,1727.8
1862.0,1658.9
1789.0,1726.7
1802.0,1658.1
1544.0,1662.2
1906.0,1691.4
1253.0,1707.8
1836.0,1667.0
1989.0,1753.8
1563.0,1672.1
1600.0,1665.9
1793.0,1735.9
1575.0,1680.7
1554.0,1663.6
1673.0,1647.4
1341.0,1612.0
1654.0,1678.0
1364.0,1673.9
1659.0,1643.8
1967.0,1683.4
1898.0,1670.9
1472.0,1644.7
1703.0,1595.4
2141.0,1662.8
1951.0,1747.3
1830.0,1728.4
1952.0,1711.3
1778.0,1665.8
1892.0,1635.1
1404.0,1717.7
1627.0,1623.6
1434.0,1713.7
1486.0,1692.8
1647.0,1636.4
1657.0,1735.4
1480.0,1623.8
1538.0,1727.6
1301.0,1668.7
1515.0,1688.4
1933.0,1703.2
2303.0,1648.9
1508.0,1671.3
1880.0,1774.5
1354.0,1693.7
1512.0,1651.6
1728.0,1642.3
1472.0,1672.1
1569.0,1721.5
1273.0,1687.7
1589.0,1677.2
1438.0,1695.7
1675.0,1668.1
2006.0,1662.7
2093.0,1726.1
1821.0,1708.4
1894.0,1621.0
1269.0,1596.6
1282.0,1675.7
2173.0,1646.7
1725.0,1685.9
1815.0,1717.6
1736.0,1656.9
1769.0,1659.8
1838.0,1681.4
1594.0,1706.2
1660.0,1683.4
1753.0,1705.3
1688.0,1666.1
1779.0,1680.1
1898.0,1680.7
1625.0,1832.9
1539.0,1691.3
1412.0,1698.5
1585.0,1641.8
1900.0,1711.3
1445.0,1715.2
1788.0,1644.6
1908.0,1652.2
1781.0,1648.0
1459.0,1665.6
1269.0,1688.6
2027.0,1677.8
1832.0,1664.2
1493.0,1544.3
1825.0,1670.8
1761.0,1696.0
1309.0,1707.4
1309.0,1685.8
1472.0,1688.4
1710.0,1652.5
1876.0,1878.0
1691.0,1598.6
2233.0,1587.8
1608.0,1673.3
1282.0,1634.9
1677.0,1617.2
1474.0,1725.5
2179.0,1644.1
1988.0,1664.5
1849.0,1660.1
1821.0,1680.0
1949.0,1694.7
1716.0,1668.2
1987.0,1634.3
1593.0,1676.4
1596.0,1709.5
1662.0,1744.0
1893.0,1748.3
1555.0,1660.3
1861.0,1669.7
1587.0,1745.9
2010.0,1707.9
1466.0,1660.7
1639.0,1695.0
1315.0,1648.7
1819.0,1666.6
2042.0,1668.0
1590.0,1733.4
2176.0,1678.0
1775.0,1657.2
1501.0,1778.6
1638.0,1656.8
1135.0,1647.3
2036.0,1655.0
1243.0,1687.3
1645.0,1703.7
2166.0,1656.2
1617.0,1604.8
1438.0,1675.3
1574.0,1675.7
1782.0,1670.6
1830.0,1630.1
1969.0,1637.2
1556.0,1696.5
1454.0,1675.4
1688.0,1670.3
1419.0,1717.9
1650.0,1725.2
1549.0,1696.8
1721.0,1667.1
2014.0,1712.6
1987.0,1714.3
1638.0,1630.6
1419.0,1657.1
1813.0,1663.8
2270.0,1679.3
1664.0,1633.7
1491.0,1734.5
1753.0,1659.0
1913.0,1599.8
1750.0,1657.1
2280.0,1696.8
1966.0,1683.3
1572.0,1636.3
2055.0,1703.2
1941.0,1685.9
1916.0,1710.8
1891.0,1788.3
1779.0,1700.0
1911.0,1665.5
1857.0,1753.5
1877.0,1698.6
1567.0,1658.8
1162.0,1717.9
1475.0,1618.2
1293.0,1631.9
1672.0,1628.1
1963.0,1747.5
1913.0,1713.3
1207.0,1405.3
1911.0,1695.2
1887.0,1652.4
1748.0,1731.2
1125.0,1637.2
1773.0,1660.5
1485.0,1625.0
1867.0,1691.8
1331.0,1545.8
1828.0,1589.5
1644.0,1669.7
1454.0,1496.2
1678.0,1731.1
1969.0,1829.3
1876.0,1693.8
1604.0,1632.3
2101.0,1644.2
1656.0,1662.8
1237.0,1677.5
1705.0,1566.2
1654.0,1699.2
1692.0,1607.2
1735.0,1682.5
1812.0,1653.4
1544.0,1621.0
1805.0,1713.7
1307.0,1669.8
1391.0,1653.2
1859.0,1675.6
1829.0,1632.5
1241.0,1379.8
1708.0,1661.5
1643.0,1726.5
1751.0,1693.5
1377.0,1698.1
1709.0,1705.4
1469.0,1721.7
1594.0,1686.7
1552.0,1640.7
1640.0,1689.5
1870.0,1696.3
1715.0,1645.1
1825.0,1673.6
1141.0,1696.6
1984.0,1676.4
1629.0,1717.3
1835.0,1658.8
1346.0,1679.7
1848.0,1658.3
1587.0,1641.9
1947.0,1750.4
1577.0,1688.2
1358.0,1638.3
1309.0,1727.3
1887.0,1625.1
1782.0,1646.3
1369.0,1610.3
1504.0,1661.4
1943.0,1694.1
1785.0,1676.8
1688.0,1653.2
1578.0,1651.9
1719.0,1689.8
2036.0,1616.6
1070.0,1583.9
1822.0,1644.6
1825.0,1663.8
1722.0,1642.6
1947.0,1709.2
1221.0,1730.9
1821.0,1678.1
1924.0,1709.8
1727.0,1637.6
2072.0,1707.0
1733.0,1660.3
2145.0,1689.2
1825.0,1726.3
1688.0,1663.9
1358.0,1674.5
1619.0,1729.1
1848.0,1674.2
1841.0,1719.1
1832.0,1619.5
2103.0,1724.2
1768.0,1690.3
1327.0,1626.3
1918.0,1627.1
1605.0,1656.7
1890.0,1610.3
2235.0,1686.3
1882.0,1701.5
1739.0,1635.3
1759.0,1646.4
1616.0,1751.2
1573.0,1677.4
1551.0,1628.2
1618.0,1646.4
1614.0,1608.3
1493.0,1670.0
2035.0,1682.3
1333.0,1649.2
1695.0,1640.5
1278.0,1641.7
1485.0,1685.4
1351.0,1738.4
1513.0,1536.4
1740.0,1667.9
1540.0,1648.3
1185.0,1707.0
1778.0,1904.1
1626.0,1656.1
1508.0,1638.1
1838.0,1706.5
1899.0,1625.7
1281.0,1689.6
2070.0,1654.8
1874.0,1670.9
1433.0,1648.9
1646.0,1652.6
1649.0,1624.6
1809.0,1678.8
1750.0,1587.4
1256.0,1614.1
1776.0,1621.5
1478.0,1649.6
1625.0,1711.7
1814.0,1621.4
1452.0,1664.0
2007.0,1706.3
1976.0,1666.6
1936.0,1721.1
1345.0,1630.0
1587.0,1678.9
1420.0,1644.5
1619.0,1702.1
1203.0,1642.4
1588.0,1692.4
1363.0,1597.4
1539.0,1721.7
1507.0,1673.5
1362.0,1661.0
1931.0,1648.9
2085.0,1677.1
1599.0,1606.2
1753.0,1696.2
1680.0,1652.3
1495.0,1705.9
1860.0,1733.8
1290.0,1640.9
1611.0,1736.0
1646.0,1736.3
2129.0,1719.6
1305.0,1601.3
1639.0,1642.5
2124.0,1686.8
1755.0,1666.7
1381.0,1723.3
1659.0,1638.7
1222.0,1603.9
1747.0,1586.3
1405.0,1647.0
1472.0,1645.4
1872.0,1749.8
1697.0,1720.5
1613.0,1673.9
1274.0,1641.8
1759.0,1701.7
1510.0,1738.3
1932.0,1629.3
1907.0,1761.8
2048.0,1838.4
1624.0,1633.7
1414.0,1643.3
1615.0,1607.2
1552.0,1719.3
1757.0,1656.6
1806.0,1620.6
1517.0,1709.2
1663.0,1770.5
2147.0,1712.4
1893.0,1683.7
1987.0,1586.0
1678.0,1655.3
1689.0,1708.2
2007.0,1701.4
1323.0,1594.4
1558.0,1638.9
1588.0,1486.7
1621.0,1661.3
1607.0,1710.1
1635.0,1638.2
2033.0,1621.4
1968.0,1742.9
2019.0,1762.6
1596.0,1714.2
1795.0,1672.7
1294.0,1605.1
1865.0,1600.2
1654.0,1744.3
1507.0,1576.5
2097.0,1682.2
1775.0,1652.9
1776.0,1633.4
2219.0,1736.7
1801.0,1681.0
1750.0,1599.1
1203.0,1667.1
1614.0,1692.1
2173.0,1656.9
1851.0,1679.7
1614.0,1743.1
1281.0,1518.8
2105.0,1600.1
1874.0,1628.3
1564.0,1649.5
1460.0,1662.2
1557.0,1635.5
1972.0,1656.0
1275.0,1744.9
1677.0,1753.9
2201.0,1716.6
1241.0,1617.4
1795.0,1624.9
1714.0,1684.8
1929.0,1634.9
1964.0,1666.9
1687.0,1601.0
1334.0,1475.7
1321.0,1618.4
1946.0,1646.5
1640.0,1567.3
1873.0,1858.4
1673.0,1638.6
1246.0,1277.2
1494.0,1663.1
1578.0,1673.0
1646.0,1670.2
1279.0,1587.6
1603.0,1651.4
1606.0,1672.1
1429.0,1633.2
1916.0,1678.6
1879.0,1620.0
1971.0,1887.7
2111.0,1600.6
1985.0,1754.1
1575.0,1642.2
1591.0,1673.9
1383.0,1666.3
1863.0,1708.4
1778.0,1652.0
1745.0,1653.3
1721.0,1677.0
1577.0,1711.6
1757.0,1634.5
2097.0,1703.4
1914.0,1681.1
1577.0,1684.4
1912.0,1649.1
1909.0,1755.8
1841.0,1708.7
2024.0,1674.2
1407.0,1669.7
1408.0,1644.5
1283.0,1662.8
1716.0,1878.8
1605.0,1640.2
1827.0,1670.1
1773.0,1702.4
1550.0,1643.3
1575.0,1679.5
1168.0,1674.2
1200.0,1578.0
1686.0,1699.8
1567.0,1634.3
1900.0,1741.5
1757.0,1674.5
1747.0,1640.7
1495.0,1753.1
1519.0,1667.6
1740.0,1661.9
1447.0,1688.7
1566.0,1830.1
1623.0,1624.4
1549.0,1632.0
1541.0,1667.1
1860.0,1638.2
2209.0,1649.6
1678.0,1612.0
1802.0,1682.8
1702.0,1617.5
1373.0,1636.6
1310.0,1660.2
1904.0,1644.7
1867.0,1676.5
1791.0,1650.4
2069.0,1612.3
2066.0,1714.3
1391.0,1641.6
1942.0,1699.3
1459.0,1663.2
1973.0,1689.3
1867.0,1649.9
2093.0,1702.5
1829.0,1588.7
1892.0,1713.9
1265.0,1641.4
2033.0,1628.7
1596.0,1680.6
1577.0,1610.8
1731.0,1577.3
856.0,1675.9
1728.0,1676.2
1837.0,1659.8
1877.0,1697.9
1334.0,1728.1
1981.0,1616.4
1758.0,1679.3
1581.0,1626.2
1773.0,1684.7
1419.0,1687.0
1707.0,1717.3
1365.0,1666.7
1761.0,1654.2
1878.0,1696.9
1714.0,1839.8
2296.0,1440.8
1700.0,1686.3
1716.0,1648.9
1207.0,1626.4
1676.0,1642.7
1957.0,1636.9
1496.0,1670.8
1686.0,1678.5
1131.0,1653.0
1753.0,1666.0
1528.0,1660.0
1769.0,1641.2
1509.0,1644.5
1732.0,1669.3
2011.0,1679.1
1624.0,1657.3
1696.0,1710.4
1566.0,1649.0
1967.0,1606.6
1961.0,1670.6
1938.0,1622.0
1661.0,1676.0
2033.0,1652.4
1347.0,1607.5
1310.0,1675.1
1105.0,1698.3
1370.0,1680.8
1723.0,1597.8
1675.0,1703.0
1688.0,1664.5
1664.0,1643.5
1660.0,1691.0
2131.0,1639.4
1447.0,1668.5
1812.0,1655.4
1896.0,1563.5
1656.0,1537.7
1446.0,1881.5
1923.0,1715.5
1099.0,1694.7
1695.0,1710.9
2064.0,1705.3
1318.0,1668.1
1906.0,1682.4
1611.0,1632.4
1607.0,1632.2
1886.0,1873.4
1757.0,1737.4
1723.0,1649.7
1675.0,1699.1
1935.0,1725.5
1395.0,1658.9
1822.0,1723.8
1414.0,1715.0
1920.0,1637.7
1601.0,1704.7
1374.0,1622.6
1811.0,1659.6
1774.0,1696.4
1839.0,1676.6
2279.0,1704.9
1774.0,1655.5
1834.0,1668.8
1571.0,1644.3
1232.0,1593.0
1400.0,1748.3
1202.0,1710.8
2068.0,1651.0
1374.0,1744.0
1736.0,1636.4
2089.0,1682.0
1610.0,1644.8
1416.0,1685.8
1900.0,1643.2
1454.0,1687.5
1804.0,1662.0
1343.0,1631.9
1879.0,1644.2
1372.0,1582.3
1501.0,1669.1
1144.0,1446.1
1849.0,1712.9
1752.0,1852.5
1258.0,1693.7
1189.0,1285.1
1893.0,1622.1
1844.0,1751.8
1337.0,1697.3
1881.0,1585.8
2105.0,1649.8
1789.0,1632.9
1754.0,1630.4
1672.0,1642.6
1730.0,1707.2
1504.0,1637.0
1879.0,1705.1
1789.0,1725.4
1962.0,1662.4
1588.0,1714.4
1456.0,1741.2
1864.0,1627.1
1825.0,1721.6
1528.0,1606.7
2016.0,1612.3
1650.0,1643.8
1349.0,1654.9
1603.0,1619.2
1197.0,1691.1
1134.0,1685.8
1403.0,1667.3
1726.0,1652.7
1551.0,1664.1
2073.0,1647.1
1513.0,1688.4
1814.0,1663.4
1654.0,1658.1
1982.0,1677.4
1693.0,1575.4
1199.0,1668.7
1810.0,1644.2
1734.0,1612.3
1527.0,1700.1
2135.0,1705.9
1691.0,1673.2
2006.0,1614.7
1732.0,1671.0
1194.0,1716.6
1357.0,1611.9
2063.0,1647.4
1305.0,1653.9
1158.0,1593.8
2106.0,1634.0
1833.0,1703.6
1627.0,1872.7
1785.0,1718.0
1812.0,1671.3
2039.0,1673.2
1276.0,1687.6
2225.0,1717.8
1269.0,1662.0
1743.0,1608.3
1950.0,1697.6
1921.0,1749.4
1449.0,1676.9
1657.0,1612.4
1729.0,1729.4
1907.0,1673.7
1553.0,1701.4
1922.0,1695.4
1606.0,1711.4
1432.0,1676.8
1736.0,1682.4
1985.0,1622.7
1642.0,1655.1
1318.0,1730.5
1372.0,1585.8
1986.0,1689.2
1541.0,1507.6
1976.0,1677.9
2166.0,1683.5
1669.0,1700.9
1253.0,1713.1
1842.0,1650.8
1970.0,1724.8
1280.0,1671.4
1618.0,1657.0
1820.0,1699.2
1779.0,1718.9
1912.0,1687.2
1717.0,1613.8
1414.0,1642.4
1318.0,1691.5
1792.0,1735.1
1752.0,1663.5
1851.0,1639.5
1762.0,1674.5
1855.0,1600.0
1322.0,1720.2
1339.0,1600.5
1507.0,1533.6
1804.0,1720.5
1621.0,1653.3
1910.0,1711.3
1556.0,1646.2
1397.0,1613.2
1708.0,1641.4
1842.0,1741.2
1797.0,1651.9
1711.0,1639.6
1667.0,1690.8
1192.0,1663.5
1632.0,1727.7
1551.0,1648.7
1526.0,1636.2
2309.0,1718.0
1246.0,1632.3
1597.0,1596.6
1819.0,1668.0
1084.0,1615.7
1635.0,1721.9
1856.0,1705.4
1738.0,1647.8
1586.0,1665.5
1335.0,1652.0
1664.0,1663.9
2024.0,1754.4
1520.0,1657.5
1350.0,1563.2
2081.0,1845.8
1545.0,1689.5
1728.0,1680.5
1773.0,1562.1
1494.0,1606.2
1555.0,1670.4
1694.0,1711.2
1684.0,1687.2
1395.0,1641.5
1426.0,1671.5
1488.0,1663.1
2044.0,1695.8
1599.0,1608.2
1116.0,1504.0
1831.0,1725.6
1659.0,1643.8
1840.0,1752.6
1888.0,1845.2
1945.0,1759.6
1621.0,1660.3
1610.0,1661.6
1543.0,1682.5
1529.0,1653.0
1568.0,1665.1
1514.0,1749.8
1611.0,1671.7
1610.0,1665.1
1505.0,1658.4
1885.0,1691.9
2089.0,1705.8
1812.0,1681.4
1709.0,1650.2
1890.0,1868.4
1765.0,1649.9
1630.0,1678.9
1749.0,1680.3
1883.0,1795.6
1401.0,1674.0
1558.0,1653.4
1636.0,1637.5
1671.0,1650.6
1508.0,1619.6
1654.0,1656.2
1543.0,1681.4
1766.0,1898.0
1437.0,1696.3
1915.0,1683.9
1515.0,1615.7
1084.0,1722.6
1454.0,1533.4
1789.0,1735.9
1520.0,1693.2
1803.0,1696.6
1722.0,1510.6
1682.0,1621.2
1649.0,1703.9
1967.0,1678.6
1441.0,1607.0
1800.0,1677.1
1714.0,1608.8
1401.0,1677.4
1597.0,1676.4
2008.0,1796.1
2133.0,1656.6
1529.0,1575.2
1860.0,1632.4
1670.0,1627.4
1195.0,1643.3
1660.0,1666.4
1818.0,1722.0
1331.0,1642.3
1688.0,1715.4
1592.0,1649.4
1197.0,1639.8
1623.0,1653.0
1901.0,1862.0
1767.0,1673.0
1477.0,1675.6
1685.0,1732.3
1710.0,1665.1
1119.0,1604.6
1806.0,1654.1
1900.0,1675.1
1734.0,1667.7
1913.0,1665.2
1513.0,1618.0
1270.0,1704.5
1691.0,1558.6
1292.0,1657.5
1674.0,1702.4
1783.0,1511.4
1905.0,1758.5
1512.0,1667.2
1725.0,1638.1
1966.0,1677.1
1209.0,1651.6
1573.0,1701.1
1630.0,1651.2
1683.0,1650.1
1067.0,1678.3
1504.0,1632.4
1386.0,1719.5
1567.0,1701.5
1236.0,1625.8
2321.0,1652.8
1887.0,1693.1
1773.0,1671.3
1599.0,1605.0
1122.0,1700.2
1575.0,1643.9
1645.0,1637.5
1821.0,1637.5
1614.0,1672.0
1556.0,1633.2
1719.0,1596.8
1701.0,1679.6
1785.0,1668.1
1778.0,1672.5
1453.0,1703.1
1669.0,1659.5
1518.0,1631.1
1274.0,1625.1
1724.0,1659.4
1572.0,1634.1
1609.0,1672.8
1879.0,1720.3
1760.0,1740.0
1944.0,1636.3
1744.0,1641.6
1871.0,1644.4
1723.0,1701.0
1679.0,1717.1
1788.0,1708.5
1926.0,1698.0
1803.0,1692.5
1796.0,1667.1
1595.0,1701.1
1557.0,1662.2
1629.0,1726.2
1503.0,1625.0
1401.0,1594.8
1793.0,1649.1
1778.0,1700.6
1384.0,1637.9
1808.0,1767.6
1810.0,1669.2
1910.0,1611.2
1444.0,1600.1
2327.0,1711.8
1431.0,1710.5
1580.0,1681.3
1709.0,1670.6
1879.0,1707.6
1582.0,1652.8
1847.0,1700.5
1440.0,1690.1
1357.0,1613.1
1181.0,1642.1
1998.0,1657.7
1531.0,1662.3
1638.0,1672.3
1623.0,1617.3
1165.0,1696.7
1847.0,1558.0
1847.0,1720.4
1683.0,1661.3
1615.0,1557.7
2047.0,1631.2
1376.0,1625.9
1685.0,1669.2
1698.0,1664.3
1526.0,1678.6
2075.0,1749.6
1340.0,1747.0
1331.0,1670.0
1568.0,1711.8
2021.0,1698.6
1664.0,1728.0
1889.0,1721.4
1337.0,1661.2
1649.0,1711.5
1523.0,1705.3
1874.0,1682.1
1700.0,1594.7
1504.0,1643.5
2177.0,1719.3
1734.0,1609.1
1606.0,1668.9
1638.0,1700.2
1732.0,1629.0
1911.0,1724.1
1373.0,1592.1
1331.0,1609.3
1639.0,1657.2
1696.0,1724.3
1999.0,1703.6
1243.0,1699.4
1852.0,1626.7
1984.0,1679.2
1249.0,1611.2
1321.0,1704.9
1377.0,1636.1
1630.0,1646.7
1245.0,1651.9
1833.0,1654.5
1734.0,1646.4
1396.0,1647.5
1956.0,1739.5
1933.0,1689.6
1865.0,1627.3
1552.0,1670.4
1906.0,1687.1
2034.0,1600.1
1770.0,1672.7
2110.0,1665.9
1713.0,1786.6
1309.0,1664.3
1727.0,1637.2
1691.0,1746.8
1663.0,1669.9
1981.0,1642.1
1631.0,1630.2
1596.0,1663.7
1323.0,1651.9
1783.0,1662.3
1612.0,1699.0
1692.0,1721.2
1759.0,1690.7
1639.0,1651.5
1583.0,1707.4
1264.0,1654.7
1602.0,1606.7
2041.0,1703.9
1839.0,1699.5
1752.0,1654.2
1732.0,1732.1
1524.0,1656.0
1713.0,1682.1
1475.0,1670.0
1545.0,1665.8
1765.0,1634.4
1743.0,1680.3
1453.0,1728.9
1322.0,1745.9
1612.0,1680.3
1348.0,1681.9
1927.0,1754.5
1697.0,1641.8
1390.0,1731.8
1804.0,1663.7
1346.0,1600.8
1505.0,1713.5
1745.0,1704.3
1646.0,1660.4
1345.0,1630.4
1730.0,1613.9
1314.0,1684.7
1947.0,1638.3
1907.0,1698.7
1533.0,1640.9
1133.0,1790.3
1712.0,1671.3
1461.0,1625.1
1579.0,1644.9
1832.0,1650.1
1271.0,1650.2
1471.0,1822.6
1832.0,1683.3
1416.0,1687.9
1860.0,1660.4
1499.0,1613.1
1593.0,1714.7
1354.0,1684.9
1591.0,1617.4
1638.0,1667.1
1629.0,1667.8
1698.0,1672.5
1486.0,1685.9
1495.0,1723.4
1403.0,1701.9
1521.0,1710.6
1764.0,1730.9
1366.0,1597.0
1327.0,1720.4
1069.0,1595.1
1294.0,1657.5
1846.0,1579.1
1286.0,1658.5
1794.0,1631.0
1362.0,1655.2
1516.0,1581.7
1732.0,1678.5
1622.0,1662.8
1045.0,1683.3
1584.0,1730.2
1729.0,1676.7
1707.0,1602.1
1873.0,1823.5
1769.0,1656.9
1531.0,1597.0
1793.0,1737.7
1211.0,1617.7
1557.0,1621.3
1779.0,1632.6
1521.0,1707.3
1822.0,1710.1
2006.0,1679.7
1584.0,1601.9
1848.0,1634.1
1431.0,1691.2
1426.0,1658.4
1309.0,1319.5
1505.0,1659.4
1603.0,1690.4
1058.0,1525.2
1254.0,1716.2
1609.0,1730.4
1989.0,1724.2
1889.0,1643.2
1858.0,1660.3
1449.0,1610.5
1975.0,1721.8
1415.0,1761.5
1634.0,1727.0
1801.0,1610.3
1619.0,1623.3
1954.0,1711.4
2051.0,1655.5
1680.0,1732.3
1712.0,1657.6
2178.0,1642.6
1580.0,1702.9
1800.0,1897.8
1397.0,1619.6
1238.0,1667.5
1939.0,1482.2
1542.0,1619.5
1747.0,1656.2
1602.0,1665.3
1229.0,1605.7
1675.0,1614.8
1931.0,1672.4
1644.0,1685.6
1147.0,1688.3
1853.0,1559.1
1790.0,1639.4
1760.0,1699.0
1640.0,1701.1
1495.0,1735.5
1281.0,1660.1
1243.0,1596.6
1907.0,1678.0
1694.0,1672.9
1346.0,1645.3
1530.0,1546.9
1610.0,1658.4
2066.0,1699.9
1347.0,1633.4
1313.0,1660.6
2001.0,1686.1
1478.0,1585.4
1535.0,1669.3
1991.0,1723.0
1634.0,1596.7
1106.0,1523.4
1699.0,1682.6
1529.0,1632.4
1592.0,1584.0
1645.0,1681.1
1807.0,1637.8
1376.0,1667.6
2031.0,1894.6
1368.0,1581.5
1537.0,1680.4
1684.0,1638.0
1769.0,1673.5
1757.0,1561.9
1330.0,1662.0
1810.0,1661.3
1839.0,1648.9
2024.0,1625.5
1619.0,1667.0
1783.0,1698.6
1931.0,1665.1
1348.0,1681.7
1643.0,1693.5
1492.0,1708.1
1828.0,1704.4
1612.0,1648.3
1668.0,1645.7
1885.0,1735.4
1570.0,1598.9
1548.0,1669.9
1891.0,1691.4
1359.0,1653.5
1161.0,1644.3
1521.0,1622.3
1522.0,1693.2
1380.0,1656.6
1263.0,1597.1
2156.0,1856.3
1698.0,1655.8
1949.0,1627.1
1473.0,1674.9
1715.0,1647.6
1344.0,1620.5
1814.0,1649.5
1565.0,1692.8
1318.0,1616.1
1582.0,1688.8
1812.0,1712.3
1882.0,1740.3
1759.0,1701.4
1931.0,1679.2
1923.0,1668.9
2063.0,1726.9
1738.0,1707.3
2031.0,1663.7
2357.0,1733.1
1647.0,1646.6
1290.0,1514.2
1477.0,1613.2
2115.0,1637.6
1763.0,1625.2
1767.0,1670.7
1432.0,1616.4
1746.0,1701.9
1595.0,1683.0
2035.0,1631.4
1910.0,1743.0
1830.0,1652.8
2197.0,1630.8
1632.0,1635.1
1958.0,1583.7
1790.0,1661.8
1480.0,1728.5
1607.0,1604.7
1178.0,1675.0
1432.0,1663.8
1673.0,1672.4
2086.0,1635.4
1928.0,1611.5
1601.0,1693.7
1362.0,1712.4
1390.0,1636.3
1399.0,1621.4
1940.0,1719.8
1586.0,1641.8
1967.0,1702.0
1628.0,1641.9
1761.0,1688.8
1318.0,1650.9
1636.0,1668.1
1836.0,1758.2
1908.0,1681.9
1415.0,1649.8
1352.0,1758.5
1939.0,1675.3
1837.0,1691.7
1626.0,1762.6
1671.0,1661.1
1463.0,1721.6
1678.0,1674.8
2096.0,1549.3
1428.0,1616.5
1925.0,1561.9
1496.0,1651.8
1925.0,1719.3
2018.0,1623.3
1692.0,1701.5
1466.0,1692.8
1456.0,1651.5
1753.0,1703.8
1668.0,1672.3
2028.0,1741.4
1685.0,1662.5
1457.0,1456.8
1933.0,1568.5
1802.0,1895.0
1671.0,1636.5
1813.0,1746.1
1808.0,1741.7
1626.0,1660.1
1800.0,1717.3
1967.0,1681.5
1698.0,1772.6
1988.0,1655.4
1491.0,1687.9
1608.0,1634.7
1426.0,1693.0
2158.0,1630.8
1711.0,1756.3
1154.0,1656.5
1538.0,1646.9
1424.0,1678.3
1735.0,1686.7
1666.0,1643.4
1739.0,1681.8
1783.0,1634.4
1372.0,1653.2
1694.0,1689.0
1592.0,1692.6
1809.0,1706.0
2054.0,1706.1
1364.0,1593.9
2000.0,1640.2
1128.0,1659.0
1342.0,1629.9
1428.0,1645.7
1848.0,1698.5
1693.0,1631.9
1761.0,1662.2
1931.0,1617.7
1778.0,1621.1
1941.0,1717.3
1304.0,1654.4
2091.0,1667.2
1875.0,1628.4
1631.0,1696.0
1586.0,1605.5
1389.0,1608.9
1950.0,1709.7
1637.0,1689.1
2004.0,1629.2
1404.0,1721.3
2049.0,1687.0
1627.0,1681.0
1569.0,1650.1
1414.0,1710.3
1740.0,1649.3
1344.0,1668.4
1971.0,1667.7
1740.0,1678.4
1778.0,1637.5
1564.0,1684.8
1915.0,1645.9
1714.0,1670.5
1613.0,1608.3
1371.0,1729.5
1706.0,1731.0
1897.0,1705.9
1934.0,1687.1
1920.0,1714.8
1386.0,1610.9
1909.0,1708.3
1388.0,1668.9
1627.0,1649.6
2029.0,1854.1
1284.0,1662.6
1508.0,1632.9
1177.0,1655.5
1641.0,1682.9
1835.0,1736.8
1545.0,1744.3
1589.0,1617.8
1193.0,1580.0
1820.0,1552.3
1703.0,1619.0
2004.0,1623.7
1678.0,1644.8
1537.0,1646.0
1823.0,1617.8
1525.0,1668.2
1712.0,1715.0
1685.0,1756.6
1895.0,1668.7
1836.0,1887.0
1600.0,1658.3
1568.0,1606.0
1873.0,1667.0
1377.0,1744.0
1615.0,1650.9
1643.0,1602.3
1747.0,1704.3
1845.0,1694.7
1614.0,1653.5
2030.0,1730.7
1290.0,1630.3
1584.0,1640.6
2025.0,1703.8
1279.0,1663.7
1646.0,1686.9
1218.0,1638.7
1995.0,1669.0
1179.0,1596.6
1548.0,1590.2
1693.0,1672.6
1854.0,1645.9
1671.0,1909.3
1545.0,1639.6
1598.0,1642.6
1396.0,1683.4
1690.0,1655.0
1632.0,1721.2
1399.0,1628.5
1552.0,1706.3
1983.0,1677.8
1270.0,1664.3
1356.0,1639.0
1693.0,1588.9
1229.0,1584.5
1689.0,1747.5
1071.0,1576.6
2079.0,1707.7
1349.0,1686.0
1412.0,1671.0
1843.0,1639.1
2067.0,1680.8
1688.0,1628.9
1639.0,1733.7
1462.0,1637.2
1243.0,1654.4
1683.0,1704.5
2043.0,1654.8
1620.0,1654.6
1715.0,1674.6
1472.0,1702.3
1441.0,1595.3
1606.0,1603.6
1174.0,1693.4
1816.0,1612.4
1586.0,1583.4
1662.0,1722.5
1809.0,1709.2
1730.0,1664.0
1805.0,1704.6
1877.0,1665.3
1864.0,1659.5
1671.0,1670.1
2017.0,1555.7
2010.0,1698.8
1399.0,1615.1
1521.0,1728.8
1975.0,1709.9
1677.0,1636.6
1936.0,1785.9
1537.0,1668.3
2148.0,1699.6
1528.0,1662.4
1415.0,1570.4
2030.0,1649.5
1656.0,1638.6
1548.0,1630.9
1704.0,1696.8
1954.0,1656.9
2161.0,1682.9
1190.0,1609.0
1721.0,1556.0
1631.0,1684.2
1814.0,1889.6
1720.0,1663.8
1513.0,1726.8
1320.0,1656.8
1758.0,1667.7
1476.0,1630.6
1883.0,1637.5
1919.0,1763.3
1783.0,1683.8
1365.0,1657.5
1806.0,1672.9
1975.0,1696.3
1290.0,1702.3
1874.0,1716.4
1693.0,1641.9
1547.0,1673.9
1765.0,1682.8
1862.0,1668.4
1531.0,1714.0
1903.0,1713.5
1926.0,1708.2
1310.0,1621.3
1609.0,1691.5
1424.0,1628.0
1269.0,1771.6
1514.0,1661.2
1745.0,1710.7
1702.0,1686.0
1654.0,1836.0
1439.0,1701.0
1986.0,1651.1
1958.0,1669.2
1297.0,1656.8
1642.0,1670.4
1580.0,1660.2
1910.0,1670.3
1525.0,1565.0
1486.0,1635.4
1729.0,1707.6
1893.0,1689.6
1809.0,1690.2
1732.0,1728.5
2206.0,1665.8
2068.0,1564.1
1263.0,1700.1
1697.0,1678.6
1982.0,1657.8
1740.0,1670.5
1269.0,1594.1
1755.0,1727.5
1504.0,1669.1
1902.0,1675.8
1461.0,1553.7
1393.0,1272.2
1228.0,1553.4
2049.0,1705.3
1861.0,1645.8
1255.0,1677.7
1282.0,1589.0
1753.0,1699.9
1390.0,1581.1
1687.0,1660.0
1743.0,1596.5
1629.0,1657.8
1224.0,1613.1
1564.0,1643.6
1756.0,1608.4
1781.0,1723.0
1679.0,1703.4
1534.0,1659.5
1240.0,1680.6
1637.0,1678.6
1832.0,1669.6
1082.0,1656.6
1888.0,1726.3
1666.0,1671.9
1750.0,1595.9
1682.0,1741.2
2270.0,1662.6
1851.0,1703.7
1942.0,1677.0
1604.0,1597.2
1656.0,1623.3
1769.0,1653.5
1598.0,1585.0
1352.0,1659.3
1505.0,1696.0
1191.0,1697.7
1637.0,1639.3
1445.0,1760.7
1363.0,1743.5
1955.0,1679.7
1898.0,1626.5
1257.0,1647.2
2146.0,1838.1
1727.0,1677.1
1531.0,1706.6
2389.0,1641.8
1395.0,1699.0
1784.0,1579.1
1536.0,1518.2
1893.0,1714.2
1566.0,1645.7
2310.0,1652.0
1670.0,1635.6
1786.0,1692.9
1818.0,1668.9
1579.0,1686.7
2004.0,1604.7
1603.0,1594.7
1818.0,1870.8
1449.0,1669.9
1732.0,1678.6
2087.0,1656.4
1583.0,1612.8
1580.0,1653.8
1486.0,1724.9
1742.0,1690.9
1796.0,1657.0
1789.0,1608.0
1691.0,1907.7
1049.0,1680.2
1934.0,1736.9
1871.0,1842.9
1721.0,1640.6
1124.0,1726.6
1616.0,1578.5
1691.0,1691.6
1347.0,1662.8
1786.0,1733.8
2031.0,1751.4
1520.0,1681.4
1437.0,1666.7
1460.0,1560.3
2077.0,1718.5
2008.0,1750.1
1835.0,1882.6
1584.0,1676.8
1423.0,1606.4
1462.0,1618.1
1926.0,1678.1
2067.0,1597.2
1829.0,1673.0
1113.0,1610.7
2022.0,1694.1
2181.0,1617.2
1523.0,1723.1
1564.0,1659.6
1589.0,1731.4
1886.0,1751.3
1422.0,1609.4
1837.0,1707.7
1807.0,1859.9
1535.0,1689.6
1902.0,1716.8
2267.0,1657.1
1486.0,1678.7
1862.0,1633.9
1458.0,1594.0
1940.0,1684.9
1592.0,1674.4
2155.0,1655.8
2029.0,1680.4
2039.0,1675.1
1913.0,1626.2
1724.0,1674.2
1722.0,1673.9
1500.0,1696.8
1376.0,1690.2
1703.0,1690.3
1864.0,1645.1
1770.0,1743.5
1710.0,1722.3
1521.0,1692.4
1557.0,1547.8
1525.0,1719.0
1506.0,1637.1
1591.0,1675.5
1654.0,1861.9
1690.0,1678.4
1867.0,1699.2
1380.0,1650.5
1166.0,1700.2
1570.0,1611.2
1959.0,1677.4
1304.0,1691.6
1474.0,1737.6
1733.0,1611.2
1963.0,1653.5
1632.0,1628.9
1364.0,1628.2
1761.0,1662.0
1693.0,1685.3
1457.0,1673.1
1430.0,1842.6
1293.0,1719.4
1652.0,1654.6
1690.0,1720.1
1779.0,1610.0
1591.0,1243.1
1816.0,1666.3
1820.0,1647.8
1944.0,1734.3
1289.0,1629.6
1740.0,1586.3
1150.0,1641.9
1986.0,1745.7
1796.0,1630.3
1728.0,1747.8
1513.0,1648.1
1282.0,1602.9
1666.0,1652.4
1583.0,1726.2
1661.0,1550.8
1420.0,1666.3
1606.0,1633.8
1975.0,1829.9
1815.0,1660.4
1522.0,1629.3
1869.0,1888.2
1474.0,1657.6
1396.0,1695.3
1728.0,1572.2
1717.0,1747.5
1966.0,1627.1
1904.0,1683.1
1700.0,1639.2
1833.0,1701.1
1706.0,1633.1
1961.0,1727.0
1782.0,1637.7
2134.0,1659.2
1840.0,1661.9
1490.0,1662.8
1800.0,1679.8
1720.0,1650.5
1097.0,1609.1
1637.0,1759.8
1061.0,1671.1
1848.0,1679.1
1187.0,1529.2
1897.0,1586.8
1109.0,1607.0
2110.0,1636.7
1932.0,1846.2
1496.0,1629.4
1691.0,1687.6
1520.0,1683.5
1627.0,1713.1
1491.0,1662.5
1808.0,1843.3
1903.0,1613.2
1702.0,1678.0
1309.0,1619.9
1613.0,1667.3
1275.0,1645.6
1477.0,1699.0
1826.0,1725.4
1816.0,1722.4
1792.0,1676.4
1749.0,1669.6
1705.0,1614.5
1597.0,1619.6
1505.0,1643.6
1872.0,1807.7
1612.0,1581.5
1825.0,1675.4
1253.0,1709.1
1879.0,1706.6
1277.0,1663.8
1387.0,1727.6
1581.0,1723.6
1325.0,1738.9
1640.0,1595.5
1789.0,1690.3
1757.0,1664.3
1780.0,1567.9
1203.0,1661.6
1652.0,1627.6
1519.0,1646.7
2026.0,1697.2
1418.0,1580.6
1874.0,1682.9
1343.0,1665.1
1759.0,1596.4
1157.0,1684.2
1606.0,1638.8
1823.0,1849.4
1642.0,1727.2
1519.0,1701.5
1515.0,1687.6
1688.0,1704.4
1742.0,1685.6
1947.0,1715.3
1824.0,1665.3
1453.0,1633.5
1372.0,1619.7
1827.0,1656.1
1222.0,1682.3
1936.0,1660.0
1567.0,1626.0
1717.0,1674.5
2059.0,1571.8
1973.0,1712.0
1637.0,1653.1
1397.0,1628.8
1351.0,1620.0
1871.0,1646.0
1057.0,1614.1
1347.0,1619.5
1281.0,1696.9
1246.0,1653.9
1558.0,1622.1
1660.0,1703.3
1585.0,1709.7
1661.0,1719.4
1601.0,1651.0
1639.0,1665.9
1460.0,1578.1
1375.0,1705.5
1387.0,1640.7
1964.0,1635.1
1742.0,1667.5
1860.0,1698.0
1202.0,1675.6
1242.0,1661.6
1991.0,1688.7
1804.0,1708.8
1344.0,1581.4
1306.0,1407.9
1718.0,1811.2
2043.0,1688.9
2056.0,1709.6
1727.0,1721.1
1861.0,1594.9
1475.0,1695.2
1564.0,1691.3
1930.0,1631.1
1374.0,1689.1
2111.0,1721.6
1690.0,1676.0
1715.0,1633.5
1533.0,1630.8
1834.0,1701.4
1834.0,1684.8
1808.0,1701.1
1562.0,1722.1
2029.0,1771.8
1577.0,1639.6
2020.0,1671.3
1619.0,1711.8
1847.0,1669.3
2220.0,1649.4
1878.0,1594.8
1389.0,1661.9
1738.0,1706.5
1694.0,1713.2
1298.0,1642.6
1523.0,1806.2
1258.0,1656.3
1930.0,1843.0
1585.0,1670.2
2035.0,1646.8
1680.0,1618.9
1812.0,1654.3
1987.0,1666.5
1236.0,1604.7
1867.0,1663.9
1284.0,1588.0
1639.0,1630.3
1974.0,1586.2
1449.0,1675.6
2284.0,1692.3
1049.0,1615.9
1978.0,1691.7
1964.0,1672.2
2163.0,1657.2
1509.0,1684.6
1148.0,1573.7
1671.0,1653.6
1578.0,1719.0
1158.0,1679.9
2291.0,1633.3
1761.0,1690.3
1656.0,1592.2
1274.0,1654.0
1537.0,1630.5
1341.0,1638.8
1739.0,1684.2
1731.0,1652.9
1361.0,1681.5
1229.0,1615.4
1334.0,1631.0
1680.0,1701.7
1748.0,1624.4
1960.0,1883.6
1522.0,1645.1
1081.0,1711.5
1533.0,1853.1
1693.0,1670.7
1521.0,1659.0
1733.0,1815.9
1729.0,1687.3
1766.0,1810.9
1338.0,1629.7
2206.0,1760.4
1913.0,1817.6
2010.0,1693.2
1664.0,1583.4
1130.0,1634.0
1961.0,1683.3
1709.0,1648.5
1545.0,1713.1
1555.0,1595.5
1631.0,1718.7
1142.0,1696.2
1655.0,1699.8
1359.0,1571.7
1776.0,1658.6
1463.0,1663.5
1419.0,1708.0
1999.0,1750.6
1925.0,1583.7
1641.0,1632.8
2003.0,1711.3
1160.0,1660.6
1806.0,1579.0
1708.0,1712.7
1408.0,1687.0
1744.0,1589.1
1443.0,1616.7
1774.0,1680.9
1658.0,1647.8
1721.0,1679.2
1886.0,1874.2
1938.0,1684.5
1733.0,1645.1
1359.0,1667.6
1626.0,1622.4
1706.0,1747.4
1985.0,1692.6
1113.0,1591.2
1481.0,1712.7
1401.0,1640.6
1564.0,1627.2
1599.0,1639.7
1974.0,1634.8
1353.0,1747.0
2023.0,1677.4
1953.0,1729.8
1760.0,1686.8
1426.0,1749.1
1432.0,1705.4
1577.0,1668.9
1666.0,1692.0
1918.0,1669.1
1041.0,1618.5
2196.0,1688.8
1760.0,1692.4
1820.0,1694.7
1433.0,1690.0
1657.0,1630.8
1451.0,1691.5
1796.0,1722.2
1686.0,1685.0
2034.0,1765.8
1742.0,1700.1
1818.0,1672.5
1838.0,1662.0
1559.0,1647.3
1792.0,1689.5
2055.0,1686.7
1777.0,1688.9
1601.0,1752.4
1584.0,1627.2
1710.0,1676.9
1526.0,1650.0
1817.0,1685.8
2002.0,1710.7
1499.0,1648.0
1716.0,1685.9
1373.0,1644.4
1444.0,1707.7
1865.0,1607.2
1696.0,1667.2
1835.0,1739.2
1220.0,1659.1
2337.0,1644.9
1537.0,1672.7
1547.0,1702.8
1928.0,1683.5
1665.0,1678.4
1693.0,1678.7
1443.0,1677.9
2060.0,1699.0
1755.0,1587.0
1495.0,1636.2
1749.0,1721.3
1686.0,1673.2
1992.0,1705.9
1210.0,1668.2
1976.0,1700.7
1825.0,1674.0
1387.0,1644.5
1619.0,1548.5
1857.0,1646.0
1451.0,1591.5
1691.0,1643.8
1887.0,1735.4
1460.0,1655.6
1591.0,1664.8
1502.0,1629.1
1359.0,1665.4
1570.0,1645.1
1312.0,1543.0
1933.0,1726.6
1225.0,1652.0
1723.0,1639.6
1591.0,1583.7
1626.0,1696.4
1058.0,1741.0
1612.0,1574.8
1801.0,1701.0
1984.0,1662.0
1822.0,1692.9
1716.0,1639.0
1331.0,1573.9
1811.0,1598.0
1456.0,1668.8
1742.0,1662.5
1841.0,1623.4
1238.0,1704.7
1891.0,1681.4
1671.0,1728.1
1932.0,1739.1
1613.0,1746.3
2021.0,1669.0
1959.0,1558.5
1453.0,1645.1
1586.0,1687.5
1870.0,1676.2
1914.0,1619.1
1785.0,1718.4
1893.0,1589.7
1216.0,1715.7
1653.0,1722.4
1767.0,1598.2
2091.0,1738.3
1930.0,1656.9
1999.0,1663.9
1658.0,1648.5
1408.0,1688.8
1945.0,1629.4
1638.0,1622.8
1923.0,1621.0
2025.0,1569.2
2086.0,1563.3
1420.0,1679.8
1251.0,1688.2
1722.0,1677.4
2149.0,1528.2
1936.0,1664.1
1772.0,1673.0
1729.0,1606.9
1632.0,1639.0
1720.0,1656.8
1795.0,1556.5
1763.0,1702.8
1609.0,1662.4
1412.0,1622.6
1932.0,1854.6
2105.0,1645.4
1265.0,1678.6
1803.0,1649.4
1354.0,1682.4
1980.0,1689.4
1443.0,1636.7
1655.0,1551.5
1625.0,1685.4
1518.0,1667.6
1915.0,1693.4
1543.0,1648.5
1862.0,1655.2
1946.0,1684.1
1863.0,1715.2
1621.0,1709.4
1964.0,1914.4
1517.0,1641.8
1907.0,1668.6
1738.0,1661.0
2293.0,1677.8
1724.0,1707.9
1780.0,1718.4
1633.0,1616.9
1304.0,1441.2
1436.0,1647.2
1907.0,1697.2
1726.0,1641.4
1884.0,1658.5
1356.0,1637.0
1161.0,1640.7
1836.0,1705.6
1691.0,1654.9
1917.0,1653.3
2052.0,1627.9
1555.0,1689.2
1474.0,1603.1
1609.0,1677.3
1368.0,1658.0
1370.0,1714.8
1488.0,1624.8
1652.0,1706.7
1499.0,1638.8
1777.0,1700.4
1913.0,1627.1
1688.0,1575.7
1640.0,1672.6
1662.0,1689.8
1743.0,1697.1
1801.0,1661.4
1988.0,1729.0
1607.0,1665.1
1563.0,1620.4
1636.0,1724.4
1717.0,1669.5
1552.0,1703.3
1426.0,1644.2
1300.0,1568.6
1606.0,1667.8
1296.0,1680.0
1658.0,1610.4
1147.0,1244.8
1351.0,1607.0
1899.0,1642.6
1903.0,1661.7
2225.0,1583.4
1626.0,1717.6
1480.0,1701.2
1596.0,1709.1
1146.0,1624.6
1592.0,1655.7
1675.0,1654.0
1450.0,1656.0
1621.0,1573.6
1704.0,1696.7
1876.0,1665.8
1635.0,1659.2
1987.0,1742.4
2053.0,1677.9
1639.0,1598.6
1749.0,1728.9
1810.0,1706.8
1698.0,1563.0
1338.0,1591.4
1450.0,1615.4
1779.0,1629.8
2013.0,1693.7
1569.0,1673.2
2052.0,1606.8
1645.0,1675.0
2094.0,1867.2
1395.0,1659.2
1079.0,1672.5
1178.0,1522.2
1488.0,1625.1
2001.0,1670.9
1560.0,1676.2
1996.0,1691.3
1849.0,1689.2
1543.0,1647.8
1619.0,1646.6
1734.0,1679.7
2063.0,1656.9
2171.0,1610.8
1656.0,1636.0
1347.0,1685.5
1605.0,1650.8
1650.0,1571.5
1953.0,1752.5
1672.0,1650.7
1672.0,1633.1
1448.0,1645.4
1302.0,1656.8
1596.0,1633.9
1971.0,1701.3
1291.0,1647.1
1572.0,1691.1
1829.0,1671.6
1674.0,1682.2
1719.0,1644.5
1751.0,1713.5
1081.0,1700.1
2159.0,1691.1
1726.0,1663.1
1139.0,1616.3
1681.0,1666.2
2246.0,1876.4
1803.0,1630.9
1582.0,1689.5
1946.0,1677.3
1512.0,1591.9
1773.0,1680.0
1780.0,1579.1
1952.0,1678.1
1404.0,1610.1
1338.0,1692.5
1456.0,1515.1
1705.0,1622.3
1613.0,1643.7
1818.0,1583.0
1660.0,1661.7
1265.0,1640.2
1265.0,1656.9
1792.0,1613.9
1517.0,1696.6
1843.0,1757.1
2093.0,1710.6
1541.0,1612.0
1614.0,1713.5
1325.0,1646.7
1476.0,1635.1
1847.0,1650.2
1575.0,1659.3
1517.0,1645.3
2116.0,1655.0
1496.0,1661.1
1840.0,1716.9
1644.0,1704.4
1744.0,1739.6
1400.0,1703.4
1939.0,1596.1
1726.0,1637.6
1808.0,1688.9
1554.0,1664.4
1372.0,1675.5
1806.0,1619.8
1878.0,1610.3
2380.0,1698.5
1520.0,1643.7
1735.0,1675.2
1661.0,1724.5
1452.0,1657.5
1489.0,1706.4
1725.0,1628.9
1421.0,1664.2
1972.0,1704.8
1593.0,1729.4
1761.0,1681.1
2065.0,1823.5
2006.0,1757.0
1969.0,1555.1
1293.0,1735.9
1918.0,1629.3
1876.0,1663.3
2059.0,1682.2
1578.0,1702.0
1874.0,1638.2
1951.0,1614.5
1548.0,1627.7
1778.0,1732.8
1563.0,1641.7
1328.0,1664.5
1356.0,1686.8
1761.0,1661.8
1873.0,1609.2
1558.0,1605.8
1605.0,1678.7
1616.0,1618.1
1610.0,1608.1
1523.0,1730.9
1553.0,1693.2
1778.0,1676.3
1473.0,1646.0
1512.0,1650.8
2142.0,1663.5
1657.0,1691.8
1710.0,1635.6
1413.0,1673.8
1421.0,1622.9
1789.0,1676.3
1470.0,1728.5
1914.0,1576.0
1774.0,1680.9
1892.0,1728.8
1773.0,1714.5
1452.0,1750.6
1530.0,1718.8
1843.0,1679.0
1999.0,1702.2
1595.0,1621.0
1325.0,1667.0
1540.0,1643.8
1789.0,1706.0
1703.0,1641.6
1509.0,1674.0
1479.0,1693.7
1446.0,1586.7
1766.0,1687.4
1661.0,1662.4
1650.0,1742.6
1786.0,1662.6
1692.0,1762.8
1733.0,1666.9
1437.0,1691.7
1759.0,1673.2
1707.0,1702.6
1580.0,1640.4
1342.0,1657.9
1911.0,1654.2
1583.0,1698.3
1906.0,1564.9
1350.0,1625.9
1580.0,1622.9
1301.0,1687.8
1744.0,1671.8
1631.0,1661.0
1763.0,1660.1
1473.0,1630.9
1099.0,1616.4
1808.0,1663.4
1931.0,1668.9
2038.0,1847.7
1131.0,1615.0
1641.0,1657.8
1577.0,1651.0
1844.0,1665.2
1837.0,1664.1
1729.0,1689.6
1732.0,1610.0
1067.0,1544.4
1531.0,1539.9
1567.0,1770.1
1815.0,1819.5
1472.0,1683.2
1366.0,1695.2
1172.0,1605.5
1750.0,1665.7
1815.0,1632.0
1239.0,1641.8
1855.0,1712.3
1649.0,1628.9
1925.0,1651.5
1383.0,1619.8
2012.0,1681.8
1618.0,1669.1
1906.0,1698.2
2078.0,1691.8
1681.0,1595.3
1558.0,1708.3
1598.0,1691.7
1931.0,1654.5
1371.0,1668.1
1373.0,1725.9
1738.0,1695.0
1970.0,1681.9
1669.0,1626.9
1893.0,1615.0
2069.0,1686.9
1817.0,1738.6
2017.0,1853.5
1680.0,1634.3
2074.0,1616.8
1998.0,1706.0
1553.0,1720.8
1723.0,1712.6
1705.0,1638.6
1871.0,1697.4
2193.0,1676.3
1725.0,1608.3
1822.0,1807.8
1575.0,1566.5
1294.0,1686.0
1506.0,1749.6
1874.0,1689.1
2086.0,1906.1
1888.0,1596.0
1700.0,1634.0
1830.0,1622.5
1742.0,1682.5
1721.0,1614.2
1540.0,1673.4
1505.0,1700.5
1559.0,1722.6
1779.0,1660.2
1966.0,1686.8
1779.0,1710.8
1603.0,1594.2
1542.0,1662.9
1493.0,1529.0
1914.0,1612.7
1354.0,1649.5
1423.0,1612.0
1623.0,1708.2
1654.0,1703.8
1664.0,1719.0
1675.0,1621.1
1598.0,1695.2
2326.0,1720.4
1130.0,1643.2
1722.0,1672.4
1743.0,1601.6
2050.0,1744.1
1594.0,1750.1
1979.0,1722.1
1543.0,1696.2
1613.0,1649.6
1689.0,1597.6
1983.0,1702.2
1679.0,1613.5
1694.0,1673.6
1788.0,1691.7
1591.0,1608.3
1892.0,1712.1
1794.0,1706.5
1473.0,1663.2
1560.0,1666.6
1494.0,1662.6
2120.0,1656.7
1801.0,1653.0
1656.0,1654.7
1937.0,1723.9
2095.0,1724.7
1247.0,1271.0
1874.0,1606.2
1665.0,1590.6
1038.0,1622.9
1887.0,1617.8
1850.0,1574.8
1748.0,1623.8
1694.0,1647.4
1562.0,1695.7
1895.0,1654.6
1604.0,1710.0
1370.0,1678.8
1798.0,1667.1
1733.0,1639.3
1490.0,1661.7
2098.0,1682.8
1372.0,1577.5
1542.0,1628.4
1786.0,1653.3
1077.0,1741.7
1698.0,1626.6
1642.0,1666.8
1762.0,1655.4
1423.0,1635.7
1770.0,1613.0
1302.0,1680.0
1953.0,1603.2
1431.0,1639.2
1942.0,1657.4
1837.0,1628.5
1966.0,1651.7
2344.0,1621.7
1517.0,1699.6
1570.0,1639.8
1405.0,1645.9
1660.0,1730.5
1957.0,1739.7
1773.0,1640.3
1757.0,1667.5
1316.0,1626.9
1933.0,1701.6
2066.0,1612.7
1610.0,1658.7
1800.0,1673.9
1767.0,1739.3
1977.0,1820.8
1671.0,1676.5
1393.0,1679.2
1632.0,1704.2
1546.0,1691.1
1388.0,1672.7
1907.0,1623.8
1535.0,1757.4
1877.0,1615.5
1492.0,1651.6
1745.0,1667.7
1310.0,1660.1
1586.0,1690.0
1828.0,1641.1
1507.0,1695.3
2207.0,1592.7
1907.0,1626.8
1855.0,1614.6
1323.0,1648.0
1647.0,1660.5
2023.0,1870.3
1895.0,1741.6
2101.0,1645.1
1503.0,1698.5
1268.0,1637.5
1568.0,1632.1
1662.0,1698.4
1662.0,1833.2
1746.0,1901.8
1511.0,1672.2
1329.0,1719.4
1960.0,1915.3
1413.0,1663.4
1863.0,1695.9
1390.0,1739.5
1577.0,1635.1
1662.0,1674.6
1812.0,1725.3
2054.0,1573.2
1896.0,1747.8
2178.0,1654.7
1557.0,1700.1
1655.0,1630.0
1266.0,1695.0
1717.0,1653.5
1302.0,1669.0
1768.0,1777.4
2071.0,1655.4
1951.0,1636.8
1839.0,1608.6
1443.0,1616.1
1380.0,1680.4
1501.0,1701.8
1728.0,1684.7
1324.0,1648.4
1266.0,1645.3
978.0,1621.2
1759.0,1679.4
1877.0,1674.9
1586.0,1656.2
1681.0,1689.5
1652.0,1737.0
1677.0,1698.8
1893.0,1721.4
2055.0,1679.9
1582.0,1668.2
1611.0,1641.9
2312.0,1869.1
1784.0,1599.0
2194.0,1663.2
1456.0,1585.1
1410.0,1714.0
1657.0,1695.7
1691.0,1727.5
1436.0,1610.9
1492.0,1629.4
1886.0,1707.7
1771.0,1730.5
1543.0,1697.6
1705.0,1657.5
1860.0,1698.5
1431.0,1686.5
1725.0,1676.4
1210.0,1613.2
1727.0,1578.1
1562.0,1606.2
2037.0,1672.8
1750.0,1700.1
1774.0,1616.0
1517.0,1690.6
1692.0,1806.1
1680.0,1675.2
1246.0,1617.8
1203.0,1642.9
1414.0,1688.1
1135.0,1662.2
1947.0,1730.5
2076.0,1628.5
1562.0,1752.3
1798.0,1670.6
1533.0,1556.8
1634.0,1652.6
1401.0,1643.6
1334.0,1586.1
1725.0,1679.0
1747.0,1711.4
1626.0,1678.6
2035.0,1634.4
1933.0,1664.6
1934.0,1625.5
1383.0,1686.9
1824.0,1653.1
1552.0,1640.8
1380.0,1632.8
1335.0,1636.3
1792.0,1677.5
2116.0,1652.4
1758.0,1724.7
1287.0,1675.6
1824.0,1636.0
1672.0,1643.1
1622.0,1600.7
1790.0,1850.5
1615.0,1706.8
2101.0,1706.7
1724.0,1641.4
1193.0,1697.1
2147.0,1712.6
1589.0,1637.1
1176.0,1645.7
1161.0,1426.3
1896.0,1631.5
1810.0,1553.2
1639.0,1622.4
1773.0,1708.3
1804.0,1620.5
1563.0,1580.5
1821.0,1655.0
1607.0,1648.6
1500.0,1661.4
1902.0,1595.8
1685.0,1625.8
1136.0,1596.7
1662.0,1664.1
1980.0,1640.0
1820.0,1693.8
1330.0,1625.2
1365.0,1657.1
1812.0,1692.2
1329.0,1640.4
1463.0,1637.4
1619.0,1636.7
1407.0,1697.6
1369.0,1649.8
1774.0,1600.6
1531.0,1656.3
1959.0,1702.7
1643.0,1727.6
2112.0,1718.1
1636.0,1621.1
1984.0,1709.0
1917.0,1699.7
1748.0,1709.2
1658.0,1458.5
1626.0,1589.7
1906.0,1664.0
2040.0,1669.6
1201.0,1642.1
1787.0,1689.2
1656.0,1624.4
1310.0,1720.1
1658.0,1576.6
1427.0,1665.5
1858.0,1639.5
1425.0,1725.1
1483.0,1608.5
1558.0,1615.5
1811.0,1625.1
1539.0,1615.3
1454.0,1629.7
1674.0,1694.0
1624.0,1599.8
1901.0,1632.7
1617.0,1739.0
1712.0,1612.8
1626.0,1664.1
1561.0,1603.3
1599.0,1664.2
1757.0,1593.3
1718.0,1643.7
1454.0,1630.2
1357.0,1682.9
1678.0,1583.3
1546.0,1675.2
2188.0,1729.4
1686.0,1725.1
1574.0,1688.2
1699.0,1679.2
1866.0,1709.0
1584.0,1643.7
1525.0,1650.6
1794.0,1630.6
1735.0,1660.7
2039.0,1908.6
1467.0,1658.7
2101.0,1680.7
1840.0,1616.1
1927.0,1681.7
1399.0,1702.2
1631.0,1677.2
1609.0,1620.2
1477.0,1705.5
1608.0,1689.0
1483.0,1735.2
1821.0,1630.9
1976.0,1729.4
1953.0,1679.9
1990.0,1709.1
1930.0,1651.6
1779.0,1694.6
1332.0,1704.3
1904.0,1693.8
1858.0,1714.0
1375.0,1695.2
1768.0,1667.8
1619.0,1686.1
1958.0,1614.1
1520.0,1618.5
1655.0,1682.3
1526.0,1669.5
1716.0,1712.4
1819.0,1712.4
1980.0,1668.3
1718.0,1755.1
1473.0,1663.0
1455.0,1624.7
1350.0,1693.5
1241.0,1714.5
1474.0,1722.9
1433.0,1651.1
1829.0,1699.8
1866.0,1596.1
1598.0,1652.8
1777.0,1677.0
1918.0,1713.7
1647.0,1742.7
1438.0,1678.2
2170.0,1692.7
1858.0,1695.4
1790.0,1554.5
1585.0,1703.0
1681.0,1620.9
2176.0,1751.5
1757.0,1686.0
1975.0,1622.0
1448.0,1666.2
1506.0,1709.3
1768.0,1676.7
1889.0,1690.9
1612.0,1656.1
1720.0,1655.2
1626.0,1654.1
1930.0,1760.9
1645.0,1629.9
1950.0,1667.0
1825.0,1662.6
1736.0,1627.4
1546.0,1616.5
1117.0,1641.5
2085.0,1664.5
2206.0,1720.4
1575.0,1696.1
1714.0,1704.3
1425.0,1730.9
1732.0,1700.9
1810.0,1581.6
1476.0,1601.5
1222.0,1641.9
1458.0,1743.4
1587.0,1648.8
1807.0,1682.2
1029.0,1640.9
1437.0,1713.2
2028.0,1634.0
1732.0,1673.3
2258.0,1690.9
1878.0,1638.9
1669.0,1663.1
1465.0,1690.7
1538.0,1667.3
1668.0,1587.7
1681.0,1674.7
1751.0,1685.1
1484.0,1627.3
1517.0,1723.5
1777.0,1682.9
1833.0,1706.0
1246.0,1614.0
1917.0,1641.3
2017.0,1754.2
2279.0,1638.2
1818.0,1636.6
1574.0,1634.8
1689.0,1632.8
1365.0,1714.3
1832.0,1644.4
1626.0,1661.0
1833.0,1804.4
1909.0,1684.4
1536.0,1657.6
1363.0,1646.0
1592.0,1693.5
1470.0,1634.7
1362.0,1642.1
1188.0,1703.7
1545.0,1690.2
1989.0,1585.2
1578.0,1669.6
1722.0,1660.6
1393.0,1727.7
1764.0,1661.8
1391.0,1687.9
1496.0,1767.0
1633.0,1658.3
1703.0,1656.2
1381.0,1616.6
2022.0,1682.1
1507.0,1692.3
1426.0,1657.5
1606.0,1737.6
1251.0,1405.3
1035.0,1634.6
1915.0,1594.2
1768.0,1720.7
1749.0,1657.1
1596.0,1646.5
1625.0,1642.1
2119.0,1717.4
1490.0,1704.9
1808.0,1639.5
1316.0,1687.2
1234.0,1679.9
1849.0,1667.6
1625.0,1652.1
1631.0,1552.5
1525.0,1677.5
2082.0,1746.4
1737.0,1714.5
1166.0,1624.3
2062.0,1637.5
2057.0,1691.8
1627.0,1600.8
1555.0,1653.5
1859.0,1703.7
1710.0,1730.0
2075.0,1856.2
1869.0,1600.4
2033.0,1668.9
1512.0,1696.4
1738.0,1641.8
1872.0,1660.6
1720.0,1719.6
1587.0,1734.1
1573.0,1765.9
1761.0,1714.2
1735.0,1676.0
1676.0,1671.7
1864.0,1624.3
1858.0,1757.8
1801.0,1647.9
1899.0,1666.6
1808.0,1679.4
1690.0,1581.8
1110.0,1681.0
1260.0,1697.9
1385.0,1625.6
1649.0,1670.9
1713.0,1598.1
1993.0,1747.5
1523.0,1738.2
2002.0,1713.2
1416.0,1721.7
1365.0,1633.4
1673.0,1621.0
1627.0,1703.3
1192.0,1614.1
1419.0,1616.0
1636.0,1689.0
1716.0,1661.1
1948.0,1696.1
1521.0,1621.7
1759.0,1681.5
1972.0,1669.0
1328.0,1604.2
1590.0,1704.9
1665.0,1626.0
1710.0,1669.2
2004.0,1664.6
1532.0,1717.9
2121.0,1715.4
1320.0,1694.6
1586.0,1660.2
1889.0,1698.6
1779.0,1675.1
1551.0,1699.1
1568.0,1679.3
1574.0,1608.9
1954.0,1680.3
1642.0,1716.4
1198.0,1624.9
1508.0,1644.9
1820.0,1716.0
1365.0,1634.4
1639.0,1685.2
1555.0,1690.2
1627.0,1652.9
1531.0,1629.3
1872.0,1691.5
1478.0,1651.4
1825.0,1739.6
1997.0,1655.5
1757.0,1706.1
2006.0,1538.3
1719.0,1905.4
1161.0,1655.4
1666.0,1649.1
1225.0,1692.4
1816.0,1671.9
1648.0,1665.1
1268.0,1658.0
2157.0,1709.7
1696.0,1591.8
1190.0,1635.3
1252.0,1664.1
1847.0,1696.1
1639.0,1647.0
1866.0,1691.2
1428.0,1643.4
1076.0,1706.3
1894.0,1591.4
1276.0,1622.1
1926.0,1585.0
1817.0,1691.1
1777.0,1654.9
1878.0,1694.7
1341.0,1581.0
1827.0,1594.0
1137.0,1679.2
1379.0,1557.7
1705.0,1630.3
1766.0,1662.8
1752.0,1733.0
1213.0,1600.9
1967.0,1641.0
1714.0,1668.4
1925.0,1672.0
1637.0,1665.4
1891.0,1637.4
1240.0,1621.8
2058.0,1722.0
1540.0,1631.0
1334.0,1628.4
1887.0,1763.3
1758.0,1680.1
1647.0,1661.9
1387.0,1648.9
1518.0,1698.5
1434.0,1645.8
2259.0,1555.0
1675.0,1657.3
1365.0,1630.0
1596.0,1624.9
1905.0,1651.5
1512.0,1686.9
2049.0,1679.2
1768.0,1617.4
1950.0,1670.9
1852.0,1683.2
1798.0,1676.0
1482.0,1639.7
2049.0,1711.2
1962.0,1887.8
1424.0,1609.8
1674.0,1721.8
1786.0,1666.3
2062.0,1725.1
2119.0,1649.8
1869.0,1717.9
1515.0,1670.5
1863.0,1639.7
1618.0,1638.6
1900.0,1686.7
1438.0,1663.5
1757.0,1628.4
2104.0,1620.1
1765.0,1607.7
1364.0,1636.0
1898.0,1572.8
2028.0,1632.5
1474.0,1674.5
1755.0,1600.8
1822.0,1500.2
1738.0,1575.3
1683.0,1702.9
1565.0,1590.9
2093.0,1641.3
1872.0,1645.4
1826.0,1695.5
1809.0,1717.3
1583.0,1653.6
1521.0,1660.5
1778.0,1699.9
1919.0,1651.7
1815.0,1669.5
1732.0,1674.8
1584.0,1620.7
1818.0,1750.2
1800.0,1714.2
1185.0,1640.7
1566.0,1661.3
1699.0,1711.9
1626.0,1562.3
1407.0,1659.4
1613.0,1708.0
2011.0,1724.9
2101.0,1694.2
1565.0,1699.7
1386.0,1637.2
1594.0,1672.3
1752.0,1694.9
1650.0,1656.1
1819.0,1693.3
1918.0,1682.9
2120.0,1705.6
1468.0,1594.3
1836.0,1718.4
1857.0,1690.2
1877.0,1659.5
2036.0,1688.2
1721.0,1735.7
1359.0,1669.4
1631.0,1705.9
1215.0,1671.9
1891.0,1595.8
1965.0,1641.9
1987.0,1639.0
1693.0,1649.7
1707.0,1668.1
1646.0,1624.8
1718.0,1660.8
1749.0,1817.4
1381.0,1691.2
1995.0,1853.5
1856.0,1660.4
1887.0,1724.8
1626.0,1679.1
1731.0,1588.3
1302.0,1608.4
1444.0,1665.2
1896.0,1697.1
1775.0,1703.5
1341.0,1631.5
1536.0,1720.8
1430.0,1524.3
1392.0,1526.4
1533.0,1656.6
1309.0,1739.6
1669.0,1674.5
1773.0,1722.3
1460.0,1653.6
1558.0,1634.7
1805.0,1689.8
1682.0,1649.7
1585.0,1610.6
1802.0,1686.2
1807.0,1665.0
1961.0,1856.7
1900.0,1693.2
1543.0,1618.1
1588.0,1615.6
1647.0,1657.2
1851.0,1718.9
1619.0,1690.8
1887.0,1715.0
1787.0,1655.4
1366.0,1649.9
1184.0,1686.0
1523.0,1604.8
1244.0,1659.8
1623.0,1683.7
1588.0,1866.4
1764.0,1695.5
1893.0,1698.3
1657.0,1661.6
1487.0,1684.1
1363.0,1616.4
1743.0,1618.3
1617.0,1681.3
1354.0,1658.2
1178.0,1648.1
1908.0,1662.5
1761.0,1679.2
1772.0,1694.2
1960.0,1710.3
2003.0,1671.9
1695.0,1670.5
2048.0,1659.9
1602.0,1646.0
1715.0,1628.1
1657.0,1653.8
1845.0,1728.4
1851.0,1614.6
1523.0,1530.6
1667.0,1585.5
1567.0,1586.6
1615.0,1680.0
1699.0,1693.2
1586.0,1671.1
1781.0,1652.2
2154.0,1727.6
1346.0,1670.6
1139.0,1695.6
1582.0,1618.1
1489.0,1623.0
1728.0,1651.9
1148.0,1505.4
1604.0,1725.7
1411.0,1714.2
2171.0,1720.9
1850.0,1648.2
2131.0,1593.7
1580.0,1715.0
1941.0,1708.1
1740.0,1661.2
1797.0,1683.2
1362.0,1683.5
1869.0,1638.7
1627.0,1556.3
2023.0,1759.6
1725.0,1631.8
1396.0,1618.0
1757.0,1659.4
1636.0,1403.9
1365.0,1687.8
2103.0,1662.7
1456.0,1707.3
1917.0,1677.9
1546.0,1638.7
1638.0,1660.9
1224.0,1661.6
974.0,1765.6
1497.0,1647.1
1639.0,1697.1
2059.0,1896.1
1742.0,1687.0
1913.0,1660.9
1583.0,1632.4
1932.0,1837.5
1318.0,1644.3
1686.0,1735.3
1218.0,1666.3
1882.0,1684.3
1376.0,1668.2
1485.0,1647.7
1938.0,1642.8
1521.0,1626.8
1742.0,1633.4
1369.0,1678.3
1782.0,1675.0
1617.0,1695.9
1860.0,1741.9
1824.0,1636.9
1272.0,1677.2
2201.0,1714.6
1591.0,1650.9
1527.0,1669.8
1376.0,1680.5
2342.0,1743.6
1672.0,1684.0
1648.0,1725.8
1449.0,1634.5
1370.0,1625.1
1871.0,1602.3
1723.0,1726.3
1612.0,1723.4
1554.0,1651.2
1708.0,1616.9
1559.0,1670.6
1848.0,1641.6
1415.0,1688.3
1904.0,1676.9
1601.0,1682.7
1812.0,1666.3
1781.0,1697.0
1712.0,1683.4
1605.0,1674.7
1496.0,1653.6
1782.0,1711.5
1892.0,1636.6
1703.0,1682.0
1534.0,1626.9
1800.0,1677.5
1962.0,1741.7
2012.0,1658.0
1244.0,1606.4
1745.0,1649.4
1763.0,1677.0
1783.0,1596.6
2271.0,1730.5
1965.0,1709.8
1984.0,1724.5
1687.0,1684.0
1375.0,1609.6
1500.0,1602.0
1722.0,1657.1
1872.0,1748.8
1772.0,1676.3
1703.0,1697.0
1766.0,1633.0
2192.0,1653.7
1473.0,1721.2
1233.0,1696.0
2031.0,1600.8
2202.0,1537.9
1662.0,1692.9
2253.0,1647.7
1785.0,1653.3
1373.0,1749.8
1717.0,1687.4
1886.0,1878.8
1939.0,1653.3
1618.0,1710.1
1668.0,1735.3
1730.0,1695.4
1919.0,1633.3
1814.0,1678.6
1742.0,1740.5
1733.0,1637.6
1411.0,1673.4
1779.0,1699.0
2313.0,1608.3
1733.0,1723.2
1638.0,1652.4
1387.0,1654.3
1434.0,1688.3
1706.0,1707.8
1654.0,1647.2
1337.0,1654.7
1277.0,1654.2
1756.0,1645.8
1915.0,1665.7
1282.0,1702.0
1230.0,1446.3
1333.0,1534.0
1475.0,1645.8
1660.0,1714.2
1613.0,1609.0
1849.0,1868.3
1632.0,1635.5
1712.0,1674.9
1325.0,1565.0
1655.0,1663.7
1524.0,1684.4
1202.0,1654.0
1693.0,1673.8
1724.0,1702.0
1698.0,1680.2
1299.0,1337.5
1920.0,1726.2
1597.0,1606.5
1616.0,1707.8
1870.0,1712.6
1644.0,1673.6
1990.0,1645.8
1994.0,1651.9
2181.0,1671.2
1565.0,1627.9
1526.0,1670.8
1671.0,1687.5
1749.0,1656.1
1863.0,1628.6
1254.0,1647.7
1306.0,1586.8
1622.0,1701.4
1744.0,1626.4
1352.0,1680.8
1309.0,1638.6
1588.0,1672.7
1825.0,1624.3
1773.0,1641.2
1880.0,1673.2
1792.0,1711.4
1826.0,1722.0
2294.0,1861.9
1898.0,1658.6
2231.0,1601.6
1973.0,1707.3
1271.0,1666.6
1444.0,1738.7
2092.0,1709.3
1945.0,1601.2
1872.0,1717.6
1445.0,1621.4
1812.0,1807.0
2295.0,1627.5
1766.0,1687.1
1717.0,1681.1
1644.0,1679.6
1737.0,1842.1
1817.0,1669.5
1813.0,1637.6
1594.0,1706.8
973.0,1551.9
2054.0,1715.5
2020.0,1640.4
1613.0,1664.6
1870.0,1762.5
1925.0,1728.5
2112.0,1663.8
1282.0,1699.3
1568.0,1593.9
1911.0,1712.3
1839.0,1635.7
1927.0,1637.3
1930.0,1648.1
1401.0,1735.9
2083.0,1632.7
1362.0,1588.9
1585.0,1671.5
1921.0,1652.3
1926.0,1649.1
1232.0,1620.1
1673.0,1725.9
1936.0,1640.2
1644.0,1674.8
1821.0,1557.0
1539.0,1734.3
1538.0,1749.4
1353.0,1724.9
1547.0,1738.1
2009.0,1595.9
2271.0,1696.7
1816.0,1557.1
1462.0,1620.4
1824.0,1634.8
1275.0,1710.1
1683.0,1688.9
1766.0,1645.0
2089.0,1656.6
1609.0,1689.8
1398.0,1601.0
1353.0,1743.1
1822.0,1651.7
1740.0,1757.5
1618.0,1620.4
1578.0,1608.5
1975.0,1855.1
1251.0,1640.8
1838.0,1622.4
1304.0,1654.2
1006.0,1738.3
1360.0,1725.6
1744.0,1737.3
1557.0,1670.1
1582.0,1604.2
1867.0,1715.0
1921.0,1685.2
1321.0,1614.7
1443.0,1641.4
1362.0,1688.7
1770.0,1687.3
1406.0,1688.2
1337.0,1747.1
2035.0,1708.9
1707.0,1627.7
2247.0,1687.0
1880.0,1673.3
1553.0,1686.7
2039.0,1634.8
1797.0,1647.3
1855.0,1692.2
1702.0,1694.3
1363.0,1652.3
1852.0,1663.3
1835.0,1703.3
1822.0,1693.4
1578.0,1684.4
1799.0,1750.9
1329.0,1745.7
1719.0,1683.9
1910.0,1659.4
2013.0,1706.3
1758.0,1715.4
1913.0,1718.6
1480.0,1639.7
1941.0,1727.0
2059.0,1741.1
1820.0,1700.4
1367.0,1694.0
1645.0,1646.6
1947.0,1743.4
1672.0,1652.5
1525.0,1484.0
1309.0,1660.0
1462.0,1670.1
1551.0,1586.3
1461.0,1636.2
1660.0,1589.6
1836.0,1657.5
1437.0,1644.9
1723.0,1678.4
1855.0,1652.9
1829.0,1701.1
1183.0,1651.2
1878.0,1661.7
1651.0,1695.4
2017.0,1818.3
1432.0,1637.4
1471.0,1685.5
1577.0,1630.2
2051.0,1670.0
1647.0,1705.8
1648.0,1599.6
1464.0,1593.7
1504.0,1609.6
2226.0,1657.1
1967.0,1731.2
1872.0,1717.6
2174.0,1665.1
1709.0,1658.4
1672.0,1633.0
1703.0,1724.6
1447.0,1648.1
1704.0,1693.9
1817.0,1655.3
1812.0,1673.0
1559.0,1688.5
2013.0,1647.1
1955.0,1691.6
1860.0,1636.7
1779.0,1688.2
1242.0,1251.8
1400.0,1737.1
1956.0,1665.5
1591.0,1697.6
1915.0,1765.8
1979.0,1694.0
2045.0,1624.6
1714.0,1641.9
1609.0,1582.1
1604.0,1678.2
1879.0,1700.9
1931.0,1672.3
1597.0,1614.8
1837.0,1603.2
1579.0,1713.3
1730.0,1750.9
1675.0,1666.3
1405.0,1624.2
2122.0,1778.0
1439.0,1606.8
2245.0,1651.8
1818.0,1602.0
1799.0,1638.3
1677.0,1651.3
1560.0,1725.8
1583.0,1655.2
1820.0,1588.7
1869.0,1602.2
1168.0,1606.3
1604.0,1682.8
2109.0,1659.6
1873.0,1577.2
1510.0,1737.0
1524.0,1609.1
1748.0,1747.3
1639.0,1672.4
1756.0,1693.1
2041.0,1602.4
2167.0,1667.0
1560.0,1552.9
1514.0,1634.4
1359.0,1614.1
1449.0,1734.8
2091.0,1681.6
1473.0,1625.9
1874.0,1674.2
2113.0,1622.5
1390.0,1627.5
1181.0,1663.0
1679.0,1626.7
1709.0,1610.1
1957.0,1704.9
1740.0,1668.0
1916.0,1639.5
1866.0,1742.9
1488.0,1697.1
1405.0,1725.4
1585.0,1635.6
1569.0,1725.0
2050.0,1685.4
1657.0,1698.9
1366.0,1656.3
1301.0,1627.8
1581.0,1667.1
1794.0,1655.0
1460.0,1688.9
1490.0,1691.1
1810.0,1714.0
1943.0,1673.8
2086.0,1699.8
1727.0,1692.5
1751.0,1575.0
1598.0,1699.2
1411.0,1684.3
1177.0,1730.2
1679.0,1671.8
1646.0,1674.6
1772.0,1688.0
1618.0,1682.3
1948.0,1693.5
1531.0,1731.5
1364.0,1668.2
1605.0,1708.8
1826.0,1693.0
1399.0,1713.0
1488.0,1595.9
1871.0,1686.1
1988.0,1681.5
2032.0,1654.5
1386.0,1636.0
2062.0,1559.2
2124.0,1704.0
1681.0,1670.3
2023.0,1655.5
2163.0,1707.9
1852.0,1691.6
1600.0,1751.0
1485.0,1685.3
1726.0,1657.9
2276.0,1655.5
1856.0,1621.4
1747.0,1622.5
2071.0,1687.4
1623.0,1657.4
1434.0,1680.8
1758.0,1573.1
1350.0,1657.7
1856.0,1693.3
1444.0,1602.8
1820.0,1678.3
1638.0,1717.2
1939.0,1881.8
1717.0,1681.1
1668.0,1671.7
1222.0,1693.4
1511.0,1683.6
1629.0,1706.7
1554.0,1584.7
2043.0,1740.3
1747.0,1698.3
1655.0,1725.9
2130.0,1642.6
1892.0,1632.4
1603.0,1614.9
1809.0,1734.0
2018.0,1614.4
2145.0,1648.3
1292.0,1590.2
1709.0,1584.2
1522.0,1625.4
2064.0,1627.8
1933.0,1609.5
1725.0,1717.2
1696.0,1702.9
1590.0,1623.6
1681.0,1629.4
1337.0,1694.6
2268.0,1735.8
1394.0,1688.7
1799.0,1628.4
1411.0,1704.2
1986.0,1712.0
1917.0,1657.0
1375.0,1585.0
1831.0,1774.7
1971.0,1737.7
1613.0,1678.6
1470.0,1677.0
1951.0,1670.7
2034.0,1661.9
1734.0,1740.2
1208.0,1651.2
1610.0,1643.8
1742.0,1632.6
1912.0,1879.5
1968.0,1606.9
1880.0,1717.0
2158.0,1671.1
1974.0,1753.0
1107.0,1682.8
2080.0,1744.0
1530.0,1485.8
1461.0,1680.2
1328.0,1663.8
1145.0,1647.2
1163.0,1673.8
1532.0,1558.4
1359.0,1682.2
1217.0,1697.5
1601.0,1658.6
1484.0,1655.8
1789.0,1695.1
1875.0,1680.5
1932.0,1636.5
1878.0,1703.3
1974.0,1609.8
1626.0,1665.3
1732.0,1667.5
1413.0,1634.4
1808.0,1718.6
1331.0,1678.1
1835.0,1677.4
1831.0,1677.6
1761.0,1712.5
1742.0,1640.4
1880.0,1699.7
1821.0,1588.6
1769.0,1629.3
1398.0,1651.1
1629.0,1563.1
1831.0,1646.8
1630.0,1812.7
1535.0,1670.6
1188.0,1659.9
2084.0,1642.4
1519.0,1598.1
1737.0,1629.3
1452.0,1685.7
1899.0,1631.7
1853.0,1725.6
1260.0,1620.3
1361.0,1601.1
1846.0,1649.4
1633.0,1691.9
1437.0,1687.7
2070.0,1693.1
1768.0,1703.4
1971.0,1686.9
1681.0,1615.5
1723.0,1662.5
2146.0,1672.0
1621.0,1714.1
2053.0,1720.3
1782.0,1709.3
1612.0,1665.3
1918.0,1684.3
1380.0,1611.5
2232.0,1584.8
1631.0,1631.1
1594.0,1667.7
1878.0,1682.4
1813.0,1723.4
1493.0,1660.8
1868.0,1634.2
1421.0,1731.2
1745.0,1706.1
1526.0,1672.8
1949.0,1628.4
1540.0,1608.9
1606.0,1570.7
866.0,1655.1
1716.0,1709.5
1494.0,1633.1
1567.0,1699.1
1528.0,1691.6
1057.0,1697.3
1873.0,1684.3
1649.0,1643.1
1567.0,1614.3
1798.0,1664.7
1903.0,1622.2
1654.0,1717.4
1634.0,1713.5
1503.0,1619.8
1657.0,1597.5
1449.0,1689.3
1744.0,1675.3
1956.0,1846.4
1506.0,1668.2
1850.0,1707.4
1539.0,1693.4
1603.0,1607.9
1632.0,1700.5
1184.0,1680.3
1542.0,1726.4
1921.0,1702.4
1511.0,1689.7
1195.0,1612.0
1398.0,1678.6
1996.0,1726.3
1873.0,1699.4
1309.0,1654.2
2102.0,1623.4
1619.0,1733.1
1855.0,1696.4
1481.0,1732.4
1584.0,1719.6
2020.0,1647.9
1435.0,1726.5
1805.0,1672.9
1463.0,1663.0
1620.0,1679.3
1405.0,1537.5
1756.0,1733.2
1488.0,1795.2
1821.0,1629.9
1844.0,1700.8
1652.0,1644.5
1665.0,1703.2
1779.0,1613.8
1885.0,1667.6
1176.0,1731.4
1578.0,1659.8
1385.0,1616.0
1683.0,1610.2
1677.0,1662.9
1438.0,1670.3
1675.0,1696.5
1803.0,1683.6
1693.0,1648.7
1531.0,1649.1
1845.0,1629.5
1544.0,1581.3
1158.0,1590.7
2041.0,1668.6
1538.0,1686.9
1555.0,1654.5
1416.0,1677.0
2105.0,1714.3
1549.0,1703.1
1232.0,1498.7
1989.0,1590.2
1748.0,1658.3
1440.0,1701.8
1506.0,1664.1
1229.0,1714.2
1651.0,1747.3
1869.0,1799.2
1503.0,1689.3
1714.0,1639.0
1632.0,1660.0
1443.0,1641.4
1823.0,1727.6
1660.0,1617.6
1878.0,1620.4
1556.0,1728.8
1879.0,1664.9
1983.0,1683.1
1546.0,1546.7
1669.0,1684.9
1630.0,1677.7
1670.0,1673.4
1300.0,1654.2
1368.0,1631.1
1802.0,1683.0
1994.0,1706.9
1572.0,1583.7
1615.0,1541.2
1590.0,1644.7
1771.0,1641.6
1540.0,1701.4
1126.0,1602.6
2115.0,1684.7
1652.0,1695.7
2089.0,1716.0
1902.0,1712.6
1987.0,1658.2
1529.0,1610.3
1257.0,1672.8
1472.0,1749.4
1642.0,1672.8
1472.0,1665.9
2012.0,1716.7
1807.0,1709.8
1852.0,1640.5
1872.0,1668.9
2117.0,1736.8
1970.0,1672.5
1258.0,1687.5
1656.0,1585.1
1447.0,1615.1
1340.0,1628.2
1559.0,1651.8
1969.0,1668.3
1576.0,1598.7
1395.0,1532.1
1299.0,1632.1
1459.0,1705.8
1408.0,1686.9
1694.0,1674.6
1293.0,1624.5
1544.0,1644.8
1509.0,1675.9
2083.0,1700.9
1605.0,1653.1
1942.0,1839.8
1802.0,1662.8
1554.0,1748.0
1883.0,1691.8
1785.0,1710.4
1805.0,1656.2
1528.0,1736.5
1719.0,1733.3
1749.0,1676.9
1642.0,1668.4
1820.0,1867.9
1822.0,1610.3
1353.0,1660.0
2195.0,1840.5
1832.0,1644.9
1918.0,1639.5
1901.0,1615.9
1527.0,1672.3
1717.0,1702.0
1716.0,1677.7
1556.0,1703.2
1386.0,1737.7
2120.0,1747.1
1517.0,1734.0
1495.0,1678.2
1676.0,1732.7
1611.0,1654.2
1797.0,1727.7
1279.0,1660.4
1940.0,1625.4
1586.0,1628.7
2039.0,1674.5
1699.0,1658.5
1707.0,1714.8
1049.0,1668.2
1726.0,1684.1
1301.0,1638.0
1168.0,1684.7
1373.0,1640.3
1967.0,1647.9
2185.0,1691.9
2090.0,1670.5
1558.0,1634.3
1591.0,1614.0
1461.0,1632.4
1961.0,1629.4
1560.0,1609.9
1452.0,1662.6
1234.0,1747.5
1484.0,1683.5
1596.0,1691.0
1372.0,1581.4
1362.0,1693.9
1692.0,1648.2
1334.0,1691.0
1979.0,1688.3
1885.0,1728.1
1503.0,1680.4
1584.0,1642.9
1510.0,1649.0
1718.0,1592.1
1772.0,1704.3
1913.0,1892.3
1897.0,1691.3
1472.0,1678.3
2056.0,1696.1
1538.0,1671.9
1415.0,1719.2
1203.0,1607.4
1422.0,1665.3
1277.0,1721.5
2020.0,1679.5
1901.0,1708.6
2072.0,1899.4
1642.0,1615.4
1886.0,1676.0
1940.0,1657.6
1572.0,1645.7
1863.0,1676.5
1859.0,1842.0
1710.0,1576.3
1337.0,1710.7
1773.0,1648.6
1622.0,1696.9
1610.0,1757.9
1572.0,1706.9
2013.0,1671.3
1768.0,1598.0
1905.0,1764.5
2029.0,1680.6
1906.0,1850.3
1319.0,1624.2
1899.0,1668.8
1895.0,1599.0
1692.0,1727.1
1780.0,1708.2
1665.0,1712.8
1927.0,1695.3
1534.0,1700.8
1825.0,1654.4
1640.0,1638.6
1974.0,1705.5
1538.0,1570.5
1778.0,1656.8
1439.0,1680.0
1316.0,1635.6
1949.0,1711.1
1667.0,1691.4
1605.0,1615.6
1498.0,1643.2
1191.0,1642.6
1388.0,1662.9
1702.0,1623.1
1705.0,1696.1
1537.0,1562.3
1902.0,1621.5
1635.0,1622.9
1591.0,1649.7
1978.0,1670.7
1370.0,1718.1
1923.0,1696.1
1806.0,1666.5
1561.0,1670.6
1491.0,1646.6
1638.0,1652.9
1681.0,1688.7
1368.0,1601.0
1542.0,1698.1
1291.0,1645.6
1641.0,1666.7
1589.0,1644.1
1918.0,1618.0
1609.0,1715.3
1593.0,1701.9
2062.0,1767.0
1797.0,1684.6
1561.0,1672.3
1768.0,1733.0
1661.0,1668.9
1427.0,1692.8
2077.0,1765.9
1847.0,1682.2
1596.0,1642.1
1944.0,1619.3
1318.0,1687.3
1305.0,1621.5
1364.0,1670.2
1738.0,1665.6
1863.0,1695.9
1464.0,1699.6
1999.0,1706.4
1730.0,1630.3
1941.0,1694.2
1638.0,1633.1
1621.0,1711.6
2182.0,1697.4
1698.0,1687.6
1576.0,1714.3
1675.0,1636.0
1795.0,1670.7
2034.0,1658.0
1568.0,1663.2
1873.0,1643.8
1740.0,1698.7
1576.0,1683.6
1440.0,1575.2
1122.0,1714.5
1618.0,1634.5
2106.0,1663.8
1355.0,1700.8
2129.0,1658.7
1524.0,1646.7
1978.0,1625.7
1761.0,1701.3
1694.0,1720.6
1819.0,1704.7
1374.0,1693.9
1585.0,1656.7
1545.0,1700.1
1624.0,1622.4
1582.0,1632.8
1768.0,1713.5
1719.0,1740.8
1458.0,1514.9
1334.0,1652.5
1720.0,1861.1
1939.0,1734.7
1953.0,1618.0
1904.0,1653.6
1471.0,1701.4
1852.0,1580.4
1928.0,1662.1
1619.0,1694.7
1931.0,1673.9
1643.0,1719.9
1963.0,1696.3
2094.0,1654.3
1818.0,1557.3
1463.0,1667.7
1732.0,1712.9
1815.0,1675.5
1486.0,1633.6
1883.0,1679.1
1969.0,1705.0
1497.0,1638.2
1544.0,1835.8
1603.0,1694.9
1756.0,1591.3
1923.0,1675.8
2105.0,1679.6
1689.0,1762.3
1765.0,1611.6
1693.0,1688.0
1433.0,1629.6
1961.0,1592.2
1907.0,1584.4
1907.0,1579.9
1890.0,1667.9
1796.0,1651.8
1701.0,1666.3
1258.0,1624.9
1784.0,1512.5
1687.0,1675.7
1856.0,1643.0
1284.0,1706.0
1694.0,1663.0
1173.0,1673.7
1501.0,1389.7
2184.0,1648.7
1325.0,1553.3
1705.0,1646.7
1389.0,1664.0
1706.0,1650.6
1372.0,1611.1
1635.0,1689.9
1670.0,1717.1
1842.0,1684.8
1916.0,1743.4
1926.0,1702.2
2343.0,1624.3
1640.0,1608.5
1530.0,1690.5
1561.0,1648.3
1307.0,1600.2
1735.0,1642.8
1693.0,1662.2
1845.0,1681.1
1720.0,1645.5
1883.0,1720.9
2212.0,1643.6
1937.0,1680.9
1617.0,1696.2
1775.0,1722.8
1902.0,1712.2
1724.0,1631.8
1703.0,1681.6
1776.0,1626.4
1937.0,1619.2
1536.0,1722.2
1590.0,1702.1
1895.0,1684.5
1359.0,1697.7
1119.0,1643.2
1536.0,1648.4
1560.0,1719.5
1415.0,1710.0
1725.0,1651.7
1257.0,1706.9
1409.0,1622.7
1933.0,1617.5
1712.0,1650.6
1327.0,1639.6
1790.0,1667.3
1967.0,1743.3
1228.0,1644.6
1333.0,1698.1
1361.0,1640.1
1514.0,1655.3
1567.0,1704.1
2289.0,1717.4
1633.0,1684.2
1596.0,1651.5
1901.0,1576.6
1419.0,1643.7
2138.0,1708.8
1766.0,1626.6
1568.0,1595.2
1690.0,1716.5
1805.0,1641.3
1919.0,1677.9
2011.0,1731.2
1211.0,1682.0
1858.0,1660.6
1732.0,1719.8
1305.0,1647.1
1627.0,1556.9
1762.0,1690.2
1178.0,1605.4
1393.0,1649.0
1298.0,1743.9
1972.0,1669.4
1827.0,1656.4
1854.0,1680.7
1536.0,1646.5
1740.0,1670.9
1824.0,1709.8
1722.0,1648.7
1671.0,1650.3
1632.0,1681.3
1839.0,1707.2
1859.0,1717.4
1737.0,1647.2
1166.0,1648.8
1756.0,1675.1
1574.0,1686.1
1664.0,1652.8
1529.0,1627.6
1936.0,1620.2
1904.0,1748.3
1647.0,1685.7
1381.0,1642.3
1666.0,1596.4
1693.0,1657.5
2001.0,1726.7
1493.0,1717.5
1984.0,1847.7
2010.0,1715.1
2021.0,1586.6
1728.0,1701.0
1707.0,1680.7
1520.0,1661.4
1223.0,1648.8
1684.0,1646.8
1927.0,1720.8
1806.0,1682.2
2153.0,1501.0
1976.0,1668.3
1581.0,1657.5
1199.0,1690.0
1608.0,1668.6
1650.0,1704.8
2012.0,1630.5
1704.0,1764.6
1954.0,1664.2
1511.0,1679.0
2038.0,1680.7
2070.0,1675.8
1839.0,1606.5
1915.0,1750.7
1784.0,1592.3
1904.0,1653.5
1256.0,1610.4
1683.0,1619.0
1702.0,1632.2
1775.0,1696.2
1723.0,1689.9
1331.0,1588.0
1719.0,1721.4
1651.0,1669.2
1982.0,1639.6
1298.0,1715.2
1290.0,1613.6
1417.0,1548.9
1513.0,1678.1
1731.0,1693.3
1654.0,1714.0
2021.0,1867.5
1721.0,1637.0
1755.0,1642.8
1861.0,1694.7
1869.0,1603.6
1796.0,1720.3
1494.0,1665.8
1890.0,1643.8
1523.0,1692.9
1697.0,1565.6
1874.0,1760.0
1552.0,1667.6
1924.0,1636.5
1155.0,1610.1
1279.0,1705.7
1765.0,1692.9
1684.0,1683.5
1601.0,1716.8
1452.0,1672.4
1687.0,1678.7
1391.0,1630.9
1627.0,1753.4
1749.0,1535.4
1771.0,1620.9
1740.0,1678.8
1985.0,1661.8
1893.0,1631.8
1575.0,1690.7
1937.0,1670.2
1571.0,1656.9
1703.0,1717.0
1439.0,1647.4
1651.0,1617.7
1695.0,1721.5
1768.0,1655.9
1718.0,1662.7
1310.0,1638.4
2011.0,1707.7
1492.0,1657.6
1643.0,1698.4
1968.0,1657.9
1621.0,1626.6
1592.0,1633.6
1913.0,1666.2
1432.0,1651.5
1409.0,1619.8
1257.0,1659.8
1603.0,1682.7
2152.0,1659.8
1668.0,1621.0
1805.0,1699.4
1889.0,1666.0
1968.0,1691.4
2024.0,1662.3
1504.0,1666.7
2103.0,1849.0
1936.0,1689.4
1855.0,1687.8
1994.0,1654.7
2079.0,1752.5
1839.0,1743.4
1882.0,1727.5
1535.0,1570.6
1746.0,1606.5
1855.0,1676.4
1835.0,1683.5
1626.0,1621.9
1510.0,1744.1
1527.0,1693.5
1629.0,1663.3
1289.0,1685.4
1661.0,1638.4
1927.0,1705.9
1439.0,1723.7
1829.0,1730.9
2163.0,1745.1
1974.0,1910.9
1991.0,1645.4
1791.0,1680.2
1840.0,1665.6
1235.0,1623.8
1630.0,1620.3
1556.0,1603.1
1746.0,1594.6
1741.0,1709.6
1607.0,1632.5
1432.0,1609.4
1688.0,1667.4
1321.0,1631.5
1829.0,1667.0
1647.0,1696.1
2152.0,1661.1
1304.0,1611.1
1322.0,1658.4
1461.0,1637.5
2061.0,1581.3
1648.0,1665.3
1385.0,1633.9
1191.0,1653.1
1904.0,1665.9
1828.0,1617.3
1946.0,1654.5
1308.0,1653.0
1406.0,1693.2
1694.0,1651.4
1653.0,1707.9
1320.0,1695.5
1183.0,1444.3
1354.0,1725.9
1253.0,1277.1
1350.0,1614.2
1283.0,1630.0
1970.0,1844.5
1668.0,1704.0
1728.0,1705.7
1678.0,1665.4
1713.0,1658.8
1821.0,1647.1
2145.0,1667.9
1896.0,1635.2
1595.0,1671.4
1743.0,1660.5
1870.0,1668.9
1396.0,1621.5
1641.0,1659.4
1548.0,1783.8
1722.0,1650.7
1512.0,1691.3
1751.0,1627.6
1233.0,1616.6
2185.0,1676.5
1618.0,1572.2
1586.0,1635.4
1670.0,1666.9
1543.0,1598.6
1178.0,1674.4
2066.0,1647.4
1585.0,1722.9
2017.0,1735.1
1723.0,1650.0
2070.0,1854.0
1292.0,1660.8
1802.0,1833.6
1466.0,1624.1
1465.0,1625.0
1956.0,1654.0
1833.0,1624.4
2233.0,1686.9
1713.0,1712.4
1644.0,1694.5
1797.0,1567.9
1834.0,1690.2
1711.0,1691.2
1922.0,1626.8
1579.0,1657.3
1651.0,1696.3
1824.0,1686.8
1955.0,1699.4
1330.0,1698.8
1012.0,1628.9
1747.0,1675.2
1676.0,1659.6
1366.0,1629.7
1182.0,1604.7
1923.0,1744.6
1975.0,1620.5
1599.0,1631.4
1372.0,1736.3
1488.0,1551.9
1687.0,1685.9
1826.0,1686.3
1708.0,1628.0
1478.0,1704.7
2127.0,1682.2
2028.0,1691.3
1724.0,1601.6
1610.0,1659.5
2377.0,1662.5
1429.0,1639.8
1406.0,1642.3
2072.0,1719.1
1693.0,1732.3
1810.0,1539.4
1663.0,1734.3
1868.0,1696.6
1749.0,1624.4
1938.0,1638.2
1158.0,1548.4
1977.0,1912.4
1870.0,1693.5
1280.0,1608.0
1673.0,1689.0
1670.0,1648.3
1192.0,1678.1
1474.0,1690.4
1918.0,1677.6
1808.0,1686.5
1609.0,1617.1
1501.0,1692.3
1953.0,1727.6
2328.0,1727.4
1799.0,1627.5
1607.0,1644.6
1583.0,1617.5
1897.0,1725.8
1551.0,1557.6
1996.0,1678.5
1799.0,1640.9
1428.0,1692.0
1837.0,1667.8
1268.0,1742.1
1743.0,1659.2
1416.0,1619.7
1857.0,1679.1
1437.0,1722.0
1237.0,1636.2
1613.0,1771.2
1546.0,1738.6
1658.0,1684.4
1578.0,1623.7
1161.0,1652.7
1360.0,1637.3
1347.0,1681.6
1765.0,1783.6
1557.0,1698.1
1816.0,1692.8
1983.0,1700.2
1692.0,1736.4
1834.0,1772.2
1384.0,1650.5
1623.0,1713.3
1535.0,1716.4
1199.0,1715.8
1911.0,1669.8
1747.0,1713.3
1273.0,1677.5
1647.0,1653.4
1685.0,1697.9
1641.0,1604.4
1623.0,1650.9
1527.0,1679.8
1981.0,1701.9
1614.0,1714.1
1441.0,1710.5
1522.0,1694.6
1883.0,1674.6
1374.0,1741.3
1468.0,1670.2
2062.0,1677.7
1331.0,1634.3
2105.0,1653.0
1730.0,1700.3
1664.0,1578.2
1465.0,1586.3
1305.0,1692.1
1817.0,1682.8
1745.0,1635.7
1398.0,1610.4
1427.0,1601.9
1681.0,1620.1
1275.0,1570.9
2064.0,1700.3
1805.0,1683.3
1800.0,1679.8
2005.0,1564.1
1281.0,1327.6
1413.0,1693.9
1866.0,1676.7
1544.0,1639.8
2019.0,1696.2
1846.0,1709.2
1683.0,1617.1
1817.0,1699.7
1979.0,1697.8
1639.0,1634.1
1765.0,1681.5
1679.0,1605.7
1798.0,1692.9
1733.0,1638.9
1711.0,1578.0
1701.0,1598.6
1717.0,1639.9
1998.0,1734.0
1679.0,1700.1
1956.0,1704.1
2003.0,1624.3
1189.0,1641.1
1447.0,1711.4
1921.0,1613.3
1600.0,1656.7
1489.0,1704.0
1624.0,1660.3
1365.0,1618.0
2004.0,1729.2
1543.0,1657.8
1558.0,1837.9
1814.0,1729.5
1058.0,1616.9
1829.0,1689.1
1758.0,1658.2
1232.0,1647.6
1770.0,1668.1
2027.0,1678.7
1619.0,1599.3
1873.0,1664.4
1941.0,1676.2
2003.0,1661.7
1344.0,1607.2
1696.0,1634.2
1996.0,1738.2
1699.0,1673.0
1661.0,1632.0
1618.0,1683.9
1718.0,1668.3
1583.0,1698.0
2039.0,1633.1
1441.0,1773.7
1654.0,1667.5
2225.0,1716.0
1345.0,1588.6
2060.0,1687.3
1757.0,1703.3
2093.0,1682.8
1617.0,1697.9
1885.0,1607.3
1933.0,1597.7
1789.0,1668.7
1743.0,1627.5
1323.0,1674.7
1702.0,1611.5
1298.0,1679.6
1770.0,1833.3
1564.0,1700.1
1428.0,1659.1
1819.0,1657.9
1815.0,1758.5
1987.0,1681.5
1919.0,1684.3
1321.0,1375.3
1785.0,1656.2
1720.0,1584.6
1100.0,1615.8
1725.0,1743.6
1571.0,1634.1
1741.0,1678.3
1934.0,1692.9
1115.0,1668.2
1483.0,1561.5
1627.0,1654.4
1973.0,1694.8
2150.0,1718.6
1362.0,1708.3
1183.0,1586.9
1542.0,1673.4
1314.0,1631.0
1946.0,1648.4
1402.0,1612.7
1741.0,1612.7
1844.0,1633.3
1186.0,1624.2
1594.0,1698.4
2009.0,1702.6
1997.0,1696.9
2024.0,1708.5
1537.0,1654.9
1976.0,1703.3
1778.0,1665.5
1400.0,1640.6
1885.0,1727.2
1682.0,1659.2
1707.0,1657.6
1698.0,1884.6
1433.0,1661.6
1401.0,1654.1
1555.0,1686.3
1705.0,1654.7
1527.0,1709.7
1643.0,1643.4
1798.0,1631.1
1598.0,1654.2
1197.0,1637.0
1185.0,1686.5
2113.0,1703.2
1600.0,1639.3
1697.0,1667.0
1622.0,1670.1
1235.0,1645.2
2196.0,1603.4
1893.0,1683.5
1339.0,1709.1
1797.0,1658.1
1991.0,1663.4
1709.0,1690.8
1493.0,1771.1
1401.0,1685.8
1496.0,1519.1
1508.0,1659.6
1643.0,1674.9
1499.0,1641.7
1962.0,1681.0
2089.0,1750.0
1829.0,1637.6
1498.0,1648.7
1502.0,1685.3
1929.0,1730.2
1917.0,1686.7
1916.0,1685.1
1570.0,1540.0
1530.0,1685.0
1540.0,1552.6
1669.0,1665.2
1880.0,1717.8
1794.0,1655.3
1914.0,1689.8
1752.0,1676.0
1460.0,1639.0
1770.0,1657.8
1621.0,1664.8
1378.0,1648.1
1849.0,1677.5
1698.0,1674.3
1387.0,1640.9
1409.0,1650.3
1683.0,1626.4
1172.0,1706.6
1834.0,1646.0
1610.0,1699.1
1644.0,1680.4
1664.0,1625.1
1804.0,1622.4
1724.0,1626.3
1667.0,1650.1
2230.0,1615.8
1245.0,1552.4
1248.0,1677.0
1915.0,1735.4
1710.0,1610.9
1802.0,1598.6
1454.0,1710.7
1806.0,1655.9
1105.0,1644.8
1383.0,1647.4
1873.0,1676.7
1762.0,1603.2
1985.0,1642.8
1951.0,1621.5
1833.0,1584.9
2008.0,1665.3
1905.0,1627.5
1313.0,1547.0
1985.0,1738.4
1737.0,1714.7
1675.0,1641.4
2208.0,1880.9
1179.0,1615.9
1557.0,1677.4
1569.0,1640.4
1746.0,1669.7
2035.0,1727.6
1676.0,1674.2
1226.0,1577.9
1593.0,1668.2
1501.0,1668.5
1927.0,1681.7
1960.0,1733.7
1557.0,1697.8
1319.0,1685.0
1688.0,1733.8
1792.0,1678.9
1811.0,1666.7
1750.0,1638.2
2112.0,1582.8
1948.0,1641.5
1685.0,1704.1
1348.0,1604.0
1662.0,1642.5
1797.0,1721.5
1700.0,1706.8
896.0,1621.4
1648.0,1731.2
1818.0,1664.4
1343.0,1704.0
1928.0,1652.9
1975.0,1636.4
1676.0,1662.3
1227.0,1628.2
1236.0,1670.8
1668.0,1624.4
1754.0,1619.1
1169.0,1280.6
1728.0,1693.9
1614.0,1672.4
2056.0,1664.1
1550.0,1720.2
1509.0,1622.8
1419.0,1638.3
1401.0,1704.2
1696.0,1651.2
1892.0,1898.9
1725.0,1647.3
1320.0,1630.2
1763.0,1652.5
1733.0,1654.0
1911.0,1682.4
1825.0,1685.9
1539.0,1575.8
1374.0,1690.6
1811.0,1598.3
1501.0,1614.4
2210.0,1717.5
1515.0,1572.1
2040.0,1648.2
1656.0,1619.2
1673.0,1680.4
1654.0,1670.7
1406.0,1742.6
1839.0,1706.1
1465.0,1660.6
1419.0,1647.2
1173.0,1634.1
1082.0,1656.9
1610.0,1573.1
1664.0,1698.0
1655.0,1694.5
1838.0,1688.7
1688.0,1625.2
1511.0,1705.0
1381.0,1740.8
1770.0,1634.2
1611.0,1734.4
1597.0,1627.8
1691.0,1662.4
1870.0,1664.0
1944.0,1572.8
1980.0,1740.2
2031.0,1771.2
2004.0,1709.4
1720.0,1632.6
1563.0,1644.2
1870.0,1629.2
1469.0,1732.8
1670.0,1517.8
1866.0,1610.9
2074.0,1628.6
1555.0,1688.3
1391.0,1545.4
1277.0,1644.0
1373.0,1661.6
2326.0,1641.8
1765.0,1659.3
1119.0,1705.9
1689.0,1631.6
1736.0,1696.9
1840.0,1616.5
1828.0,1685.3
1501.0,1664.2
1199.0,1610.3
1824.0,1693.6
1242.0,1635.4
1288.0,1639.8
1491.0,1603.4
1925.0,1633.9
1681.0,1699.8
2012.0,1655.3
1304.0,1642.8
1709.0,1729.5
1442.0,1693.2
1737.0,1714.9
1715.0,1730.8
1551.0,1691.6
1274.0,1617.5
1605.0,1614.2
1041.0,1638.1
1813.0,1567.3
1701.0,1642.7
1499.0,1672.6
1913.0,1661.7
2000.0,1712.3
1932.0,1708.6
1972.0,1680.7
2146.0,1636.6
1233.0,1629.7
1440.0,1705.4
1228.0,1674.3
1848.0,1725.7
1577.0,1702.7
1682.0,1682.2
1444.0,1654.2
1238.0,1641.5
1757.0,1594.2
1549.0,1652.9
1856.0,1717.4
1627.0,1671.0
1837.0,1708.1
1552.0,1653.7
1639.0,1669.4
1257.0,1629.1
1877.0,1679.1
1739.0,1613.8
1902.0,1680.6
1964.0,1726.1
1536.0,1578.8
1950.0,1698.2
1135.0,1624.1
1684.0,1700.8
1865.0,1725.6
1559.0,1679.8
1880.0,1706.9
1575.0,1605.6
1782.0,1671.9
1772.0,1633.0
1401.0,1616.9
1993.0,1722.4
1829.0,1603.9
1670.0,1683.7
1580.0,1748.3
2165.0,1668.5
1482.0,1690.6
1503.0,1610.7
1854.0,1673.1
1548.0,1578.4
1419.0,1650.3
1681.0,1698.4
1771.0,1615.2
1662.0,1666.3
1010.0,1634.2
1283.0,1683.6
1405.0,1727.6
1444.0,1681.6
1848.0,1563.0
1842.0,1698.8
1960.0,1656.4
1720.0,1497.0
1530.0,1709.5
1479.0,1724.8
1831.0,1655.5
1963.0,1644.1
1860.0,1666.2
1920.0,1627.6
2144.0,1693.4
1929.0,1546.3
1485.0,1667.6
1863.0,1615.2
1695.0,1634.1
1436.0,1604.6
1347.0,1579.5
1810.0,1601.1
2049.0,1650.4
1186.0,1737.0
1265.0,1658.1
1762.0,1637.0
1473.0,1662.6
2312.0,1687.9
2085.0,1872.3
1371.0,1558.2
1759.0,1736.3
2094.0,1759.5
1282.0,1618.1
1858.0,1672.5
1059.0,1734.3
1237.0,1711.9
1735.0,1666.1
1850.0,1711.5
1964.0,1620.8
1414.0,1710.3
1602.0,1524.7
1672.0,1702.4
1479.0,1626.2
2023.0,1665.8
1481.0,1643.6
1771.0,1702.0
1426.0,1657.1
1462.0,1774.2
1527.0,1657.1
1219.0,1669.7
1533.0,1651.7
1873.0,1655.1
1877.0,1673.4
1538.0,1662.2
1992.0,1700.9
1930.0,1809.9
1241.0,1694.4
1184.0,1620.2
1222.0,1655.6
1767.0,1662.8
1627.0,1724.2
1687.0,1646.8
1929.0,1753.1
1606.0,1738.3
1702.0,1671.7
2031.0,1711.0
1824.0,1727.5
1504.0,1670.0
1336.0,1648.3
1780.0,1711.5
2128.0,1677.1
1595.0,1680.3
1720.0,1694.7
1638.0,1656.0
1122.0,1646.0
2094.0,1648.0
1900.0,1789.4
1751.0,1460.9
2101.0,1686.4
1906.0,1658.7
1743.0,1680.1
1843.0,1622.5
1448.0,1699.0
1398.0,1620.9
1203.0,1607.9
1641.0,1712.3
2221.0,1632.0
1782.0,1687.7
1738.0,1664.9
1687.0,1655.0
1743.0,1643.1
1701.0,1678.8
1381.0,1542.3
1379.0,1589.8
1376.0,1606.1
1322.0,1621.5
1529.0,1673.6
1441.0,1642.0
1779.0,1723.4
1155.0,1555.5
1772.0,1697.3
1283.0,1617.8
1912.0,1690.5
1505.0,1709.1
1356.0,1600.5
1703.0,1698.2
1645.0,1708.4
1599.0,1726.8
2114.0,1656.3
1670.0,1707.8
1322.0,1574.8
1981.0,1680.2
1967.0,1691.0
1497.0,1658.1
1442.0,1653.6
1523.0,1716.5
1354.0,1684.5
1841.0,1714.5
1517.0,1660.1
1701.0,1676.9
1756.0,1651.5
1666.0,1699.0
1852.0,1593.0
1829.0,1692.9
1549.0,1672.8
1570.0,1718.5
1344.0,1709.3
1564.0,1682.6
1630.0,1664.5
1663.0,1642.9
1606.0,1716.0
1811.0,1690.7
1898.0,1662.2
1584.0,1594.2
1676.0,1568.1
1759.0,1626.6
1778.0,1606.6
1370.0,1597.0
1326.0,1600.5
1548.0,1704.6
1826.0,1634.3
1940.0,1872.6
1754.0,1633.6
1675.0,1642.3
1185.0,1702.6
1684.0,1701.5
1771.0,1661.1
1897.0,1642.1
1842.0,1726.2
1423.0,1580.6
1663.0,1583.3
1712.0,1682.9
1768.0,1672.6
1958.0,1677.0
1825.0,1683.7
1110.0,1629.9
1636.0,1679.1
1646.0,1652.2
1907.0,1630.3
1593.0,1573.1
1427.0,1667.4
1719.0,1622.2
1669.0,1590.9
1711.0,1752.6
1582.0,1601.8
1445.0,1691.0
1632.0,1680.1
1632.0,1647.3
1762.0,1723.6
1417.0,1725.1
1670.0,1675.3
2050.0,1699.0
1648.0,1617.5
2020.0,1885.9
1812.0,1645.2
1878.0,1690.9
1218.0,1638.5
2037.0,1707.8
1287.0,1673.2
1640.0,1717.9
1472.0,1668.1
1062.0,1613.8
1375.0,1626.6
1175.0,1655.4
1559.0,1649.0
1610.0,1868.5
1496.0,1633.5
1332.0,1718.0
1741.0,1664.0
1593.0,1698.9
1551.0,1671.7
1697.0,1652.8
1793.0,1709.9
1207.0,1632.6
1683.0,1646.2
1778.0,1601.5
1637.0,1662.4
1675.0,1672.4
1628.0,1662.4
1236.0,1641.2
1409.0,1656.9
1765.0,1607.0
1707.0,1626.5
1642.0,1649.5
1699.0,1712.4
1538.0,1568.9
1352.0,1720.1
1799.0,1681.8
1332.0,1674.2
1252.0,1591.2
1343.0,1685.6
1924.0,1759.1
1311.0,1664.2
1486.0,1709.3
1981.0,1659.1
1724.0,1702.8
1933.0,1670.8
1957.0,1735.3
1911.0,1741.6
1746.0,1651.7
1533.0,1623.2
1624.0,1690.7
1545.0,1647.9
1773.0,1688.7
1738.0,1667.2
1603.0,1658.4
1578.0,1677.3
1535.0,1667.9
1585.0,1645.4
1431.0,1676.2
1916.0,1706.2
1639.0,1798.0
1555.0,1679.9
1758.0,1609.6
2099.0,1728.5
1912.0,1641.1
1803.0,1668.9
1787.0,1584.5
1261.0,1683.7
1324.0,1661.5
1753.0,1710.8
1825.0,1586.5
1601.0,1709.2
1427.0,1656.0
1527.0,1640.2
2042.0,1633.0
1607.0,1669.5
1761.0,1730.9
1655.0,1623.7
1480.0,1699.1
2130.0,1724.6
1460.0,1726.4
1788.0,1865.5
1319.0,1621.8
1914.0,1747.7
1773.0,1748.8
2349.0,1740.5
1947.0,1664.8
1673.0,1724.0
1490.0,1688.2
1785.0,1697.8
1983.0,1581.3
1543.0,1639.9
1489.0,1646.8
1806.0,1673.9
1190.0,1659.9
2244.0,1718.2
1759.0,1682.6
1398.0,1638.4
1346.0,1723.6
1952.0,1609.3
1514.0,1610.2
1936.0,1668.9
1533.0,1611.9
1631.0,1615.3
1569.0,1597.0
2269.0,1655.3
1160.0,1634.4
1893.0,1720.7
1767.0,1639.3
2026.0,1678.2
1302.0,1663.4
1983.0,1672.0
1827.0,1666.2
1632.0,1588.7
1774.0,1684.1
1673.0,1659.9
1943.0,1661.9
1684.0,1620.5
1992.0,1719.8
1558.0,1645.5
1998.0,1678.4
1653.0,1646.7
1980.0,1645.8
1459.0,1667.8
1830.0,1541.2
1498.0,1599.8
1590.0,1679.6
1392.0,1696.2
1472.0,1683.1
1397.0,1685.1
1453.0,1573.1
1668.0,1688.4
1723.0,1621.4
1507.0,1651.2
1301.0,1606.0
1521.0,1742.5
1519.0,1831.7
2051.0,1715.0
1824.0,1653.8
1928.0,1656.6
1459.0,1618.8
1853.0,1684.8
1685.0,1681.3
1157.0,1733.1
1262.0,1646.7
1592.0,1598.8
2246.0,1776.9
1834.0,1583.3
1929.0,1681.4
1828.0,1663.1
1143.0,1674.4
1313.0,1303.9
2337.0,1643.4
1669.0,1607.5
1250.0,1647.4
1527.0,1669.5
1763.0,1692.4
1256.0,1625.7
1720.0,1698.3
1578.0,1589.8
1752.0,1717.4
1708.0,1585.1
1971.0,1580.6
1866.0,1653.4
1269.0,1709.3
1988.0,1655.0
2085.0,1701.3
1923.0,1671.0
1475.0,1606.7
1763.0,1683.7
1362.0,1556.8
1848.0,1753.1
1823.0,1650.1
1171.0,1571.0
1865.0,1536.9
1669.0,1639.0
2003.0,1692.6
1482.0,1688.3
1599.0,1681.5
2097.0,1621.4
1557.0,1684.1
1534.0,1681.9
1660.0,1577.1
1464.0,1714.0
1336.0,1691.9
1151.0,1624.5
2158.0,1688.0
1574.0,1605.8
1364.0,1590.8
1991.0,1811.5
1612.0,1664.8
1872.0,1670.4
2009.0,1686.3
1888.0,1679.9
2344.0,1614.6
1302.0,1604.8
1320.0,1581.2
1552.0,1683.6
1717.0,1689.9
1611.0,1676.3
1501.0,1684.1
1578.0,1624.3
1312.0,1709.8
1285.0,1778.3
1820.0,1740.2
1985.0,1723.2
1968.0,1662.5
1712.0,1695.4
1427.0,1649.2
1745.0,1809.8
1461.0,1518.0
1978.0,1696.4
1562.0,1682.2
1833.0,1674.1
1937.0,1646.6
1518.0,1613.3
1670.0,1670.3
1932.0,1649.4
1810.0,1652.1
1270.0,1659.0
1820.0,1840.7
1772.0,1613.5
1293.0,1630.7
1675.0,1709.5
1842.0,1657.1
1612.0,1620.8
1541.0,1696.8
1840.0,1607.2
1584.0,1574.9
1799.0,1654.5
2212.0,1741.5
1358.0,1696.5
1518.0,1696.8
1957.0,1567.8
1304.0,1576.2
1659.0,1745.0
1747.0,1684.4
1849.0,1729.5
2372.0,1689.9
1063.0,1665.0
1701.0,1632.3
1791.0,1658.1
1979.0,1735.3
1885.0,1676.7
1294.0,1676.1
1341.0,1652.8
1968.0,1666.7
1388.0,1693.3
1458.0,1675.0
1694.0,1697.6
1713.0,1685.9
2088.0,1588.7
1702.0,1576.1
1810.0,1740.6
1372.0,1637.5
1294.0,1682.9
1710.0,1594.0
1459.0,1633.9
1193.0,1606.6
1751.0,1647.9
1593.0,1688.1
1724.0,1657.5
1795.0,1727.9
1565.0,1685.4
1297.0,1664.0
1863.0,1718.1
1667.0,1748.8
2037.0,1696.9
1206.0,1710.8
1302.0,1670.3
1323.0,1691.6
1439.0,1580.8
1723.0,1758.9
1446.0,1683.2
1180.0,1633.0
1520.0,1625.1
1890.0,1693.3
1840.0,1682.9
1651.0,1640.5
1537.0,1692.4
1622.0,1682.5
1651.0,1638.1
1295.0,1662.4
1886.0,1637.5
1555.0,1671.8
1235.0,1490.4
1167.0,1617.4
1806.0,1668.6
1812.0,1672.7
1537.0,1629.8
1834.0,1695.1
1462.0,1591.6
1720.0,1643.4
2062.0,1716.4
1613.0,1705.2
1752.0,1579.8
2087.0,1627.4
2030.0,1614.4
1673.0,1683.2
1732.0,1716.3
1333.0,1735.2
1578.0,1627.6
1688.0,1697.9
1631.0,1684.2
1525.0,1705.4
1913.0,1692.0
1753.0,1716.5
2097.0,1672.5
1616.0,1608.9
1575.0,1696.8
1591.0,1620.4
1418.0,1745.7
1366.0,1697.3
1786.0,1693.3
2027.0,1664.1
1637.0,1716.9
1920.0,1715.6
1567.0,1635.6
1631.0,1693.0
1794.0,1697.1
1543.0,1730.6
1693.0,1718.9
1166.0,1529.4
1650.0,1734.1
1422.0,1651.9
1833.0,1650.0
1956.0,1576.5
1485.0,1606.7
1465.0,1722.7
1855.0,1674.7
1736.0,1826.7
1559.0,1667.1
1290.0,1670.6
1666.0,1678.9
1912.0,1692.5
1397.0,1678.9
2192.0,1704.2
1574.0,1652.9
1402.0,1690.8
1603.0,1670.4
1699.0,1686.7
2067.0,1687.3
1997.0,1744.0
1629.0,1707.7
1652.0,1674.1
1667.0,1705.6
1540.0,1635.7
1637.0,1642.8
1753.0,1680.7
1759.0,1706.6
1564.0,1609.1
1919.0,1608.1
1807.0,1580.9
1777.0,1650.1
1762.0,1722.5
1688.0,1639.4
1662.0,1729.7
1535.0,1647.6
1635.0,1696.8
1773.0,1717.7
1792.0,1601.6
975.0,1640.7
1578.0,1666.8
1514.0,1651.2
1861.0,1716.7
1929.0,1681.4
1606.0,1681.4
1306.0,1750.9
1771.0,1690.9
1844.0,1835.7
1618.0,1698.5
1695.0,1735.4
1242.0,1673.7
1363.0,1477.8
1887.0,1719.0
1787.0,1679.3
1733.0,1695.0
1736.0,1620.3
1672.0,1661.2
1802.0,1511.9
1732.0,1582.8
1280.0,1637.6
1553.0,1680.6
2099.0,1671.8
1687.0,1576.6
1599.0,1668.8
2075.0,1667.1
1506.0,1599.0
1614.0,1639.4
1873.0,1637.7
1229.0,1616.6
1824.0,1745.1
1598.0,1704.7
1499.0,1726.3
1977.0,1711.5
1623.0,1568.0
1816.0,1679.6
1876.0,1665.7
1646.0,1684.3
1877.0,1628.3
1910.0,1701.8
1828.0,1634.2
1731.0,1621.6
1244.0,1635.1
1503.0,1661.7
1307.0,1654.6
1258.0,1646.2
1226.0,1669.6
1971.0,1703.9
2104.0,1707.2
1586.0,1695.1
1633.0,1689.9
1823.0,1622.1
1633.0,1689.9
1615.0,1699.0
1905.0,1673.9
1867.0,1810.9
1266.0,1670.9
1325.0,1673.8
1995.0,1668.4
1596.0,1604.1
2096.0,1859.9
1991.0,1698.0
1328.0,1702.3
1185.0,1664.9
1546.0,1602.8
1624.0,1641.3
2378.0,1759.3
1691.0,1629.6
1992.0,1640.8
1970.0,1685.2
1601.0,1560.2
1577.0,1721.5
1946.0,1575.4
1783.0,1706.2
1652.0,1613.3
1488.0,1682.7
1866.0,1649.8
1194.0,1682.8
1988.0,1656.1
1917.0,1688.6
1654.0,1678.1
1608.0,1692.9
2379.0,1734.1
1716.0,1620.7
1907.0,1635.8
1611.0,1663.9
1196.0,1651.5
1741.0,1657.2
1319.0,1560.3
1542.0,1631.3
1511.0,1588.1
1274.0,1632.3
1713.0,1603.1
1658.0,1655.3
1105.0,1557.1
1795.0,1695.8
1616.0,1662.4
1643.0,1657.2
1717.0,1631.9
1611.0,1588.7
1604.0,1660.5
1984.0,1902.3
1729.0,1644.6
1895.0,1732.3
1552.0,1677.9
1733.0,1734.0
1485.0,1652.9
2012.0,1673.2
1918.0,1667.2
1331.0,1700.0
2098.0,1598.8
1391.0,1709.6
1949.0,1594.5
2128.0,1878.2
1331.0,1524.3
1326.0,1561.4
2070.0,1633.4
1395.0,1613.2
1841.0,1687.5
1230.0,1702.4
1602.0,1682.0
1666.0,1687.2
1869.0,1747.8
1678.0,1626.9
2459.0,1673.3
1066.0,1719.8
1531.0,1660.6
1539.0,1691.7
1529.0,1673.6
1373.0,1644.1
1858.0,1667.6
2005.0,1606.2
1660.0,1645.9
1716.0,1674.5
1887.0,1693.0
1697.0,1562.7
1776.0,1600.6
1345.0,1681.6
1719.0,1657.1
1581.0,1671.9
1508.0,1621.2
1839.0,1665.8
1484.0,1664.1
1545.0,1622.1
1919.0,1636.4
1261.0,1600.9
2106.0,1724.6
1498.0,1702.3
1796.0,1626.6
1492.0,1677.6
1608.0,1688.9
1946.0,1679.4
1320.0,1697.7
1727.0,1605.5
1913.0,1549.2
1253.0,1638.9
1981.0,1621.9
1854.0,1692.3
1842.0,1579.0
1607.0,1636.0
1635.0,1648.4
1901.0,1668.7
1795.0,1634.9
1909.0,1661.8
1339.0,1663.4
1876.0,1605.8
1853.0,1629.8
1570.0,1698.0
1674.0,1749.7
1658.0,1613.9
1996.0,1599.1
1326.0,1729.2
1867.0,1640.7
1816.0,1699.2
1586.0,1704.4
1856.0,1678.1
2244.0,1747.8
1129.0,1654.2
1698.0,1679.8
1551.0,1624.1
1927.0,1665.3
1660.0,1636.1
1395.0,1673.2
1684.0,1911.0
1768.0,1621.9
1344.0,1612.1
1484.0,1701.3
1692.0,1651.0
1833.0,1754.7
1740.0,1718.6
1375.0,1700.8
1360.0,1609.1
1723.0,1704.6
1791.0,1685.8
1977.0,1652.4
1219.0,1663.8
1686.0,1804.9
1962.0,1695.5
1874.0,1873.4
1310.0,1594.1
1577.0,1638.3
1779.0,1724.9
1715.0,1659.2
1849.0,1688.4
1373.0,1641.5
1753.0,1647.3
1967.0,1596.9
1360.0,1594.4
1787.0,1690.1
1293.0,1607.7
1877.0,1697.7
1532.0,1638.4
1583.0,1643.6
1879.0,1653.4
1635.0,1638.8
1541.0,1696.1
1381.0,1612.1
2019.0,1657.4
1641.0,1678.0
1644.0,1720.2
1573.0,1611.9
1575.0,1578.1
1624.0,1616.9
1495.0,1667.7
1293.0,1644.6
1873.0,1665.8
1202.0,1679.8
1579.0,1665.5
2014.0,1610.0
1177.0,1627.6
1727.0,1604.6
2072.0,1686.9
1871.0,1650.6
1239.0,1638.7
1927.0,1682.3
1867.0,1720.6
1341.0,1622.8
1504.0,1675.0
1780.0,1628.1
2216.0,1626.1
1860.0,1575.3
1339.0,1631.6
2188.0,1683.0
1730.0,1721.8
1672.0,1634.4
1931.0,1625.9
1533.0,1617.0
1348.0,1572.1
1471.0,1665.9
1408.0,1657.7
1617.0,1705.2
1733.0,1660.4
2055.0,1649.6
1349.0,1644.4
1891.0,1627.4
1430.0,1602.5
1672.0,1644.3
1101.0,1713.6
1482.0,1649.8
1776.0,1687.6
2115.0,1624.8
1693.0,1708.3
1899.0,1671.3
1618.0,1717.2
2007.0,1722.1
1807.0,1733.9
1698.0,1560.6
1857.0,1629.3
1760.0,1613.6
1076.0,1628.4
2155.0,1675.5
1797.0,1552.1
1629.0,1750.6
1751.0,1729.9
1605.0,1592.6
1710.0,1683.6
2079.0,1678.3
1608.0,1709.8
1631.0,1695.2
1917.0,1719.8
1832.0,1709.6
1784.0,1688.7
1276.0,1570.6
2091.0,1675.5
1612.0,1597.2
1681.0,1660.7
1862.0,1648.1
1642.0,1652.9
1666.0,1683.7
1622.0,1646.6
1936.0,1666.2
1509.0,1749.3
1594.0,1693.5
1943.0,1691.5
1618.0,1622.2
1319.0,1672.7
1686.0,1666.1
1679.0,1786.9
1588.0,1707.7
1640.0,1657.6
1560.0,1699.6
2196.0,1699.0
1764.0,1631.1
1626.0,1631.4
1665.0,1720.9
1605.0,1639.7
1208.0,1711.1
1449.0,1450.2
1827.0,1694.0
1490.0,1613.2
1436.0,1664.0
1901.0,1630.4
1399.0,1717.5
1863.0,1681.1
1870.0,1701.7
1580.0,1685.4
1861.0,1637.8
1432.0,1523.7
1756.0,1767.8
1156.0,1606.0
1537.0,1641.3
1628.0,1645.3
1602.0,1636.7
1869.0,1591.9
1975.0,1705.4
1688.0,1691.5
1733.0,1690.1
1692.0,1665.3
1647.0,1656.1
1631.0,1636.5
1795.0,1699.9
1951.0,1616.1
1516.0,1649.7
1949.0,1717.2
1455.0,1626.9
1184.0,1608.1
1611.0,1689.4
1820.0,1600.9
1559.0,1704.0
1627.0,1631.7
1786.0,1868.9
1756.0,1649.1
1283.0,1661.7
1651.0,1732.7
1591.0,1621.6
1907.0,1675.3
1385.0,1582.6
1862.0,1631.6
1399.0,1673.9
1636.0,1707.9
1850.0,1699.3
1662.0,1624.6
1746.0,1717.3
1697.0,1637.5
1567.0,1658.5
1387.0,1615.4
1722.0,1634.0
1001.0,1634.6
1607.0,1678.6
1952.0,1891.6
1194.0,1673.4
1807.0,1679.7
1988.0,1737.2
1834.0,1727.5
1808.0,1705.8
2120.0,1913.6
1235.0,1783.2
1807.0,1602.5
1590.0,1720.9
1762.0,1727.8
1486.0,1667.7
1418.0,1732.5
1843.0,1700.9
2158.0,1706.6
1650.0,1694.0
1772.0,1653.8
1663.0,1560.8
1379.0,1723.5
1360.0,1619.0
1876.0,1671.9
1610.0,1667.5
2184.0,1667.8
2180.0,1712.6
1996.0,1666.2
2070.0,1727.6
2245.0,1647.7
1517.0,1632.6
1391.0,1625.0
1866.0,1626.4
1201.0,1628.5
1150.0,1647.9
1521.0,1570.0
1994.0,1669.1
1821.0,1648.0
1860.0,1663.2
1527.0,1644.5
1765.0,1710.9
1472.0,1642.6
1299.0,1603.2
1562.0,1679.3
1867.0,1712.0
2175.0,1691.9
1700.0,1652.6
2027.0,1604.3
1502.0,1671.7
1311.0,1632.9
1843.0,1693.2
1590.0,1695.0
1821.0,1547.1
1528.0,1719.5
1405.0,1645.0
2221.0,1663.3
1993.0,1690.1
1620.0,1673.2
1429.0,1656.1
1567.0,1564.0
1558.0,1656.1
1313.0,1651.8
1263.0,1649.0
1737.0,1755.5
1201.0,1651.1
1408.0,1684.1
1586.0,1651.1
1795.0,1684.1
2110.0,1717.6
2041.0,1746.7
1740.0,1640.3
1443.0,1723.3
1773.0,1714.6
1527.0,1609.2
1405.0,1648.4
1340.0,1743.0
1955.0,1657.4
1782.0,1647.8
1783.0,1701.0
1767.0,1809.1
1429.0,1652.0
1529.0,1681.3
1589.0,1663.3
2156.0,1660.9
1768.0,1699.6
1939.0,1670.7
2084.0,1674.9
1589.0,1644.3
1552.0,1624.0
1677.0,1631.7
1637.0,1602.0
1936.0,1734.8
1984.0,1635.7
1853.0,1753.2
1558.0,1621.6
1560.0,1625.3
2097.0,1700.7
2069.0,1891.3
1834.0,1686.7
1758.0,1666.1
1750.0,1724.1
1634.0,1699.9
2146.0,1607.6
1539.0,1674.0
1782.0,1731.2
1461.0,1644.7
2147.0,1752.8
1561.0,1604.0
1718.0,1634.2
1872.0,1736.9
1716.0,1635.3
1379.0,1701.2
1501.0,1741.6
1681.0,1688.1
1962.0,1641.0
1133.0,1705.9
2105.0,1664.2
1771.0,1636.6
1961.0,1766.2
1465.0,1653.5
1281.0,1730.3
1454.0,1689.1
1584.0,1633.4
1627.0,1676.6
2108.0,1706.1
1406.0,1698.3
1840.0,1633.3
1808.0,1666.3
1546.0,1697.8
1683.0,1726.7
1813.0,1642.3
2014.0,1642.4
1740.0,1629.7
1707.0,1694.7
1298.0,1663.4
1582.0,1666.8
1989.0,1557.1
1438.0,1637.0
1563.0,1605.2
2488.0,1634.1
1629.0,1646.9
1373.0,1669.3
1529.0,1740.7
1011.0,1653.2
1409.0,1631.3
1968.0,1695.2
1563.0,1725.5
1566.0,1696.1
1941.0,1738.6
1150.0,1632.5
1574.0,1682.8
2166.0,1526.3
2150.0,1640.8
2048.0,1609.6
1966.0,1765.6
1846.0,1654.9
2018.0,1639.9
1585.0,1595.6
1597.0,1590.2
1336.0,1640.8
1503.0,1670.0
2278.0,1626.2
1524.0,1846.7
2065.0,1715.3
1598.0,1698.5
1497.0,1551.7
1828.0,1654.9
1339.0,1617.0
2039.0,1650.3
1647.0,1639.4
1250.0,1332.1
1232.0,1621.1
1907.0,1620.3
1851.0,1626.8
1695.0,1714.3
1711.0,1671.4
1572.0,1714.4
1845.0,1723.4
1399.0,1725.3
1989.0,1850.6
1655.0,1688.8
1594.0,1759.4
1725.0,1498.3
1379.0,1653.8
1914.0,1600.7
1822.0,1631.2
1609.0,1691.3
1844.0,1647.5
1566.0,1660.0
1920.0,1611.4
1386.0,1636.0
2204.0,1666.1
1348.0,1743.9
1682.0,1732.6
1325.0,1691.2
1527.0,1684.1
1818.0,1679.0
1923.0,1712.8
1635.0,1737.5
2136.0,1672.5
1463.0,1629.1
1830.0,1691.6
1773.0,1648.9
1185.0,1580.3
1784.0,1868.1
1275.0,1591.7
1606.0,1662.3
1954.0,1676.8
1949.0,1661.1
1930.0,1727.7
1623.0,1603.1
1891.0,1664.6
1523.0,1665.6
1516.0,1702.7
1612.0,1644.9
1394.0,1719.6
1605.0,1713.9
1864.0,1687.0
1499.0,1657.4
1650.0,1651.2
1592.0,1603.1
1786.0,1657.6
2057.0,1753.7
1829.0,1667.8
1498.0,1629.5
1691.0,1647.4
1999.0,1873.6
1690.0,1317.3
1283.0,1693.7
1578.0,1621.7
1790.0,1662.9
1987.0,1638.3
1876.0,1658.7
1362.0,1684.5
1924.0,1574.1
1754.0,1669.1
1874.0,1616.4
1430.0,1649.9
1567.0,1724.1
1540.0,1657.7
1958.0,1658.7
1312.0,1647.0
1852.0,1636.4
1642.0,1709.7
1890.0,1652.7
1437.0,1631.8
1964.0,1691.0
1871.0,1643.4
1758.0,1646.1
1437.0,1650.5
2161.0,1657.5
1148.0,1608.5
2051.0,1686.7
2029.0,1643.5
1544.0,1665.2
1253.0,1614.1
1789.0,1675.0
1146.0,1540.8
1881.0,1659.4
1285.0,1675.8
1935.0,1592.3
1476.0,1612.4
1931.0,1708.5
1998.0,1670.5
1664.0,1633.5
1831.0,1624.1
1582.0,1681.5
1399.0,1711.9
1389.0,1624.3
1572.0,1646.0
1304.0,1606.9
1832.0,1714.8
1829.0,1658.3
1817.0,1660.6
1231.0,1697.0
1515.0,1699.9
1440.0,1560.4
1816.0,1667.1
1520.0,1822.4
1505.0,1599.9
1463.0,1699.2
1999.0,1651.2
1747.0,1602.1
1965.0,1681.0
1687.0,1599.1
1347.0,1654.3
1931.0,1677.2
1166.0,1638.8
1806.0,1652.3
1953.0,1692.0
1409.0,1623.6
1701.0,1612.7
1661.0,1714.0
1833.0,1726.6
1823.0,1712.1
1497.0,1651.9
1643.0,1631.6
1543.0,1712.0
1833.0,1599.1
1067.0,1650.3
1662.0,1646.9
1550.0,1645.5
1755.0,1646.2
1656.0,1706.0
1627.0,1703.9
1030.0,1693.2
1596.0,1736.7
1585.0,1682.0
1984.0,1638.0
1400.0,1601.1
1946.0,1710.7
1707.0,1753.7
1686.0,1708.9
1471.0,1694.0
1464.0,1672.0
1926.0,1755.7
1687.0,1635.8
1223.0,1582.3
1974.0,1902.8
1768.0,1657.8
2034.0,1639.4
1773.0,1683.4
1894.0,1697.9
1447.0,1624.9
1708.0,1602.7
1879.0,1678.4
1656.0,1643.3
1581.0,1635.4
1744.0,1687.8
1761.0,1598.0
1574.0,1714.3
1584.0,1718.9
1718.0,1689.6
2022.0,1575.2
1120.0,1612.5
1512.0,1648.8
1692.0,1692.3
1924.0,1566.5
1727.0,1656.5
1296.0,1631.5
1921.0,1663.7
1823.0,1707.1
1570.0,1598.6
1780.0,1666.8
1132.0,1627.6
1649.0,1640.9
1663.0,1603.4
1237.0,1591.6
1623.0,1636.7
1697.0,1668.5
1629.0,1724.9
1798.0,1834.4
1759.0,1573.8
1620.0,1689.5
1468.0,1639.3
1941.0,1830.7
1322.0,1879.1
1457.0,1711.7
1893.0,1694.5
2186.0,1696.8
1792.0,1697.2
1851.0,1752.9
2171.0,1894.5
1798.0,1710.4
2044.0,1651.6
1985.0,1698.6
2067.0,1673.8
1647.0,1636.5
2185.0,1705.0
2012.0,1597.4
1648.0,1641.0
1907.0,1651.6
1791.0,1591.0
1721.0,1683.1
1313.0,1612.3
1932.0,1681.2
2107.0,1639.8
1625.0,1557.9
1592.0,1624.0
1939.0,1713.1
1803.0,1581.7
1803.0,1661.2
1550.0,1694.0
1777.0,1699.9
1592.0,1696.2
1502.0,1590.3
1542.0,1676.0
1377.0,1588.5
2011.0,1610.5
1237.0,1628.9
1636.0,1683.4
1593.0,1659.1
1415.0,1628.3
1660.0,1641.2
2118.0,1719.9
1623.0,1637.6
2138.0,1638.4
1355.0,1698.7
1673.0,1734.9
2118.0,1680.8
1554.0,1662.3
1871.0,1679.8
1030.0,1636.7
1680.0,1720.9
2070.0,1616.2
2090.0,1674.3
1820.0,1651.8
1957.0,1635.9
1786.0,1820.9
2097.0,1629.9
1388.0,1582.5
1932.0,1717.1
1655.0,1651.7
1889.0,1629.2
1375.0,1659.0
1376.0,1686.1
1698.0,1707.5
1932.0,1674.7
1447.0,1674.2
1903.0,1726.6
1542.0,1643.0
1875.0,1681.0
1419.0,1595.9
1579.0,1692.6
1698.0,1720.2
1956.0,1636.8
2023.0,1643.7
1085.0,1546.5
1694.0,1651.9
1440.0,1581.8
1676.0,1715.5
1771.0,1705.0
1455.0,1673.1
1521.0,1679.1
1589.0,1622.6
1499.0,1676.1
1691.0,1693.4
1567.0,1661.4
1779.0,1644.0
1641.0,1631.9
1536.0,1734.2
2076.0,1771.8
1694.0,1598.3
1910.0,1641.4
1733.0,1676.1
1512.0,1608.4
1806.0,1694.0
1497.0,1758.3
1121.0,1709.0
1718.0,1662.5
1591.0,1656.4
1853.0,1705.2
1388.0,1608.9
1978.0,1689.7
1444.0,1641.4
1515.0,1731.7
1513.0,1666.6
1620.0,1653.8
1390.0,1709.1
1179.0,1581.0
1702.0,1649.8
1383.0,1641.1
1616.0,1631.8
1734.0,1617.2
1537.0,1704.9
1805.0,1633.9
1637.0,1718.0
2006.0,1683.4
1197.0,1708.1
1320.0,1639.7
1700.0,1614.8
1462.0,1626.4
1290.0,1670.9
1703.0,1631.0
1622.0,1801.5
1718.0,1706.9
1402.0,1561.5
1872.0,1719.6
1676.0,1640.5
1604.0,1718.5
1655.0,1682.9
1824.0,1663.5
1567.0,1701.2
1322.0,1623.6
1976.0,1876.5
1585.0,1705.9
1582.0,1630.8
1780.0,1682.2
1726.0,1612.9
1444.0,1646.0
1720.0,1689.8
1856.0,1683.6
1685.0,1661.6
1779.0,1731.3
1186.0,1662.4
1383.0,1639.7
1343.0,1619.7
1808.0,1667.6
1734.0,1881.6
1542.0,1656.2
1603.0,1688.3
1625.0,1613.1
1626.0,1603.5
1224.0,1642.3
1856.0,1680.1
1655.0,1682.0
1601.0,1712.2
2114.0,1735.8
1826.0,1636.9
1858.0,1704.8
1743.0,1654.6
1804.0,1663.5
1720.0,1728.6
1663.0,1633.6
1656.0,1723.2
1362.0,1575.5
2032.0,1694.5
1584.0,1655.6
1872.0,1620.1
1546.0,1684.4
1935.0,1659.1
2050.0,1612.6
1667.0,1694.0
1624.0,1608.6
1620.0,1693.5
1431.0,1635.7
2065.0,1650.8
1478.0,1648.0
1550.0,1645.7
1586.0,1605.0
1685.0,1666.9
1761.0,1634.2
1450.0,1676.2
2059.0,1683.1
1444.0,1670.0
1396.0,1619.1
1726.0,1619.4
1673.0,1689.2
1969.0,1588.8
1579.0,1623.1
1273.0,1635.5
1701.0,1720.8
1633.0,1649.8
1882.0,1637.8
1219.0,1598.0
1601.0,1634.2
1859.0,1684.2
1637.0,1714.7
1750.0,1631.5
1551.0,1660.7
1078.0,1706.0
1631.0,1669.2
1827.0,1426.1
1417.0,1684.7
1275.0,1644.3
1413.0,1676.2
1956.0,1751.7
1553.0,1686.5
1318.0,1640.2
2063.0,1663.7
1387.0,1641.3
1513.0,1733.3
1738.0,1628.1
1562.0,1649.6
1638.0,1862.6
1327.0,1646.9
1889.0,1657.0
2073.0,1744.5
1479.0,1661.5
2003.0,1736.2
1561.0,1562.9
1747.0,1668.5
1700.0,1807.7
1612.0,1662.5
1901.0,1761.5
2156.0,1571.1
1598.0,1556.5
1028.0,1674.6
2056.0,1648.9
1724.0,1712.2
1121.0,1714.8
1583.0,1661.4
1736.0,1639.7
1120.0,1585.8
1969.0,1632.0
1648.0,1674.8
1669.0,1673.0
1646.0,1662.9
1611.0,1736.2
1533.0,1607.1
1706.0,1703.9
1733.0,1718.5
1927.0,1675.0
1443.0,1645.8
1598.0,1665.2
1542.0,1596.4
1900.0,1699.9
1697.0,1729.1
1960.0,1674.0
2288.0,1651.5
1404.0,1646.1
1959.0,1678.8
1362.0,1711.1
1378.0,1628.4
1927.0,1654.3
1635.0,1561.1
1740.0,1671.5
2005.0,1613.4
1434.0,1629.2
1683.0,1662.9
1283.0,1664.6
1343.0,1638.3
1757.0,1702.9
1420.0,1599.3
1566.0,1673.1
1880.0,1669.5
1644.0,1585.9
1915.0,1735.0
2033.0,1685.8
1414.0,1726.2
1169.0,1597.8
1645.0,1698.0
1276.0,1659.3
1648.0,1758.8
1567.0,1646.4
1902.0,1740.7
1963.0,1681.1
1683.0,1722.3
1484.0,1594.5
1864.0,1711.1
1696.0,1664.2
1634.0,1861.4
2141.0,1596.1
1485.0,1601.0
1637.0,1625.7
1251.0,1667.2
1608.0,1682.4
1527.0,1610.0
1744.0,1646.0
1763.0,1684.0
1290.0,1693.2
1436.0,1717.4
2027.0,1745.7
1548.0,1641.9
2186.0,1724.5
1763.0,1684.6
1363.0,1596.4
1926.0,1606.5
1401.0,1566.5
1879.0,1711.6
1921.0,1664.3
1544.0,1703.2
1836.0,1676.1
2095.0,1875.3
1520.0,1660.1
1351.0,1624.4
1924.0,1671.0
1565.0,1630.9
1985.0,1658.9
1528.0,1642.3
1382.0,1698.2
1378.0,1631.4
2033.0,1567.4
2196.0,1625.6
1991.0,1591.0
1628.0,1662.1
1476.0,1670.3
1369.0,1744.5
1536.0,1485.1
1910.0,1661.1
1636.0,1677.2
1736.0,1619.5
1623.0,1681.7
1981.0,1693.1
1980.0,1662.3
1904.0,1735.3
1610.0,1603.4
1366.0,1638.6
1334.0,1535.5
1510.0,1701.1
1532.0,1584.0
1326.0,1648.3
2020.0,1701.6
1812.0,1625.7
1358.0,1530.3
1847.0,1673.7
1548.0,1735.4
1953.0,1707.2
1917.0,1698.7
1468.0,1706.3
2082.0,1694.7
1813.0,1767.5
1290.0,1706.2
1615.0,1684.1
1587.0,1569.6
1736.0,1649.3
1630.0,1735.9
1572.0,1641.7
1516.0,1662.9
1835.0,1570.3
1572.0,1652.2
1610.0,1603.1
1491.0,1615.6
1611.0,1867.4
1675.0,1706.2
1843.0,1737.4
1890.0,1594.2
1717.0,1695.0
1485.0,1677.0
1706.0,1625.3
1971.0,1637.8
1520.0,1573.9
1936.0,1717.9
1700.0,1651.6
1720.0,1735.4
1635.0,1724.8
1711.0,1651.3
1480.0,1686.2
1742.0,1604.2
1833.0,1706.2
2019.0,1621.7
1630.0,1704.6
1467.0,1643.5
2087.0,1638.0
1770.0,1767.7
1592.0,1578.7
1326.0,1651.9
1485.0,1687.7
2014.0,1618.0
1526.0,1577.0
1640.0,1579.6
2011.0,1696.8
1734.0,1672.6
1443.0,1611.9
2073.0,1737.6
2003.0,1675.0
1781.0,1641.6
1632.0,1628.6
1647.0,1670.6
1122.0,1657.2
1871.0,1652.7
1583.0,1862.7
1402.0,1712.4
1569.0,1624.0
1690.0,1687.4
1847.0,1695.5
1555.0,1722.6
1700.0,1734.8
1304.0,1625.3
1564.0,1687.6
1995.0,1638.3
1861.0,1594.7
1895.0,1649.5
2010.0,1598.0
1636.0,1687.3
1557.0,1616.7
1477.0,1644.1
1282.0,1689.1
1465.0,1618.6
1435.0,1651.3
1262.0,1510.5
1246.0,1519.2
1923.0,1676.7
1869.0,1720.3
1695.0,1639.3
1552.0,1718.9
1414.0,1646.2
1448.0,1643.2
1470.0,1663.8
1322.0,1663.1
1554.0,1652.0
1547.0,1631.6
1603.0,1638.2
1877.0,1718.5
1887.0,1909.6
1388.0,1610.4
1890.0,1750.1
1855.0,1692.6
2004.0,1579.4
1742.0,1659.5
1769.0,1629.9
1731.0,1606.8
1368.0,1687.0
2090.0,1650.0
1660.0,1691.5
1985.0,1779.2
1766.0,1618.9
2033.0,1697.5
1814.0,1612.7
1340.0,1705.4
1442.0,1677.1
1863.0,1690.7
1900.0,1693.6
1960.0,1619.5
1461.0,1706.8
1619.0,1627.8
1962.0,1706.9
2111.0,1728.6
1301.0,1648.8
2031.0,1655.0
1649.0,1695.0
1576.0,1672.7
1691.0,1710.8
1972.0,1704.5
1736.0,1637.8
2130.0,1602.0
1653.0,1692.5
1717.0,1615.6
1988.0,1684.8
1433.0,1659.0
1904.0,1640.2
1845.0,1698.6
1668.0,1680.8
2010.0,1608.1
1816.0,1664.4
1652.0,1609.0
1126.0,1657.0
2137.0,1693.5
1832.0,1677.2
1683.0,1670.0
1608.0,1695.4
1854.0,1654.6
1785.0,1670.4
1827.0,1693.5
1612.0,1841.6
1331.0,1551.3
1384.0,1698.0
1731.0,1651.3
1801.0,1700.2
1294.0,1640.0
1629.0,1657.8
1426.0,1651.6
2045.0,1678.6
1911.0,1473.2
1610.0,1710.0
1193.0,1672.7
1255.0,1687.8
1687.0,1680.1
1796.0,1664.5
1778.0,1706.0
1115.0,1699.7
1627.0,1687.8
1512.0,1645.0
1737.0,1693.1
1940.0,1666.1
1468.0,1605.4
1628.0,1629.4
1632.0,1707.9
1646.0,1661.8
2224.0,1662.6
1804.0,1619.4
1801.0,1689.1
1753.0,1690.7
1663.0,1660.4
1720.0,1668.2
1605.0,1676.8
1896.0,1671.4
1774.0,1625.4
1536.0,1565.7
1665.0,1646.3
1670.0,1781.7
1408.0,1665.7
1745.0,1700.2
1804.0,1615.6
1929.0,1690.3
1314.0,1617.4
1386.0,1647.9
1886.0,1676.4
1699.0,1657.4
1892.0,1647.3
1810.0,1711.8
1721.0,1585.6
2027.0,1586.4
1934.0,1565.7
1439.0,1682.4
1726.0,1677.8
1324.0,1630.7
1733.0,1641.7
1712.0,1657.1
1390.0,1705.9
1630.0,1641.7
1349.0,1671.5
1774.0,1589.5
1347.0,1694.0
1451.0,1621.8
1829.0,1626.0
1846.0,1683.9
1607.0,1656.0
1670.0,1593.1
1633.0,1706.8
1305.0,1672.2
1723.0,1626.3
1659.0,1650.6
1687.0,1635.1
1904.0,1719.1
1867.0,1706.8
1553.0,1594.4
1640.0,1654.5
1807.0,1586.7
1722.0,1656.6
1738.0,1707.9
1869.0,1680.4
1641.0,1710.7
1628.0,1688.8
1639.0,1661.5
1670.0,1676.8
1670.0,1668.9
1326.0,1693.9
1931.0,1663.9
1902.0,1644.5
1302.0,1721.5
1493.0,1660.1
1528.0,1645.0
1979.0,1560.4
1561.0,1662.5
1067.0,1672.1
1529.0,1633.3
1789.0,1696.2
1402.0,1669.9
1925.0,1739.7
1768.0,1642.9
1338.0,1667.1
1606.0,1665.6
1176.0,1650.1
2093.0,1605.0
1436.0,1621.1
2155.0,1762.3
1353.0,1715.5
1389.0,1392.1
1576.0,1650.8
2101.0,1766.1
1621.0,1628.2
1746.0,1840.0
1724.0,1648.1
1744.0,1733.1
1653.0,1609.1
1639.0,1694.0
1453.0,1529.6
1984.0,1717.8
1582.0,1700.6
1612.0,1676.4
1446.0,1666.6
2024.0,1621.0
1772.0,1680.8
1628.0,1658.9
1601.0,1687.9
1536.0,1667.1
1989.0,1729.2
2106.0,1584.2
1986.0,1680.5
1174.0,1591.3
1462.0,1656.8
1643.0,1670.3
1717.0,1697.4
1821.0,1744.8
1569.0,1667.6
1517.0,1548.5
2068.0,1669.3
1638.0,1701.0
1066.0,1638.6
1684.0,1706.8
1782.0,1630.4
2274.0,1684.1
1623.0,1469.6
1613.0,1693.8
1862.0,1710.6
1520.0,1712.0
1902.0,1690.2
1732.0,1749.5
1747.0,1651.1
1971.0,1624.8
1596.0,1608.3
1616.0,1652.7
1547.0,1676.6
2077.0,1724.1
1159.0,1652.2
1812.0,1703.6
1743.0,1646.1
1332.0,1671.6
2014.0,1645.5
2137.0,1666.6
1918.0,1700.8
2163.0,1763.1
1932.0,1675.6
1715.0,1621.6
1931.0,1710.7
1713.0,1619.1
1454.0,1586.0
1624.0,1708.8
1615.0,1643.2
1718.0,1688.9
1673.0,1324.1
1789.0,1771.9
1764.0,1716.2
1886.0,1845.3
1459.0,1651.3
1674.0,1745.8
1351.0,1614.7
1840.0,1650.0
1946.0,1672.0
1458.0,1694.7
2067.0,1617.5
1698.0,1650.5
1563.0,1546.5
1604.0,1630.1
1829.0,1630.7
1568.0,1681.4
1826.0,1634.8
1981.0,1562.0
1501.0,1565.9
1592.0,1547.7
1841.0,1637.2
1546.0,1633.9
1957.0,1935.8
1837.0,1684.5
1928.0,1684.5
2064.0,1633.8
1339.0,1697.3
1655.0,1662.1
1758.0,1667.4
1806.0,1665.3
1781.0,1612.7
2117.0,1686.7
1935.0,1691.2
1701.0,1640.8
1299.0,1685.4
2059.0,1646.0
1966.0,1703.1
2101.0,1669.3
1865.0,1688.0
1657.0,1589.0
1696.0,1689.1
1616.0,1649.6
1598.0,1731.0
1616.0,1716.5
1594.0,1661.2
1283.0,1693.6
1187.0,1680.6
1589.0,1713.0
1749.0,1612.6
1688.0,1601.7
1915.0,1896.9
1652.0,1654.5
1293.0,1686.6
1510.0,1703.6
1680.0,1637.7
1622.0,1678.5
1509.0,1637.1
1464.0,1644.2
1449.0,1593.3
1512.0,1686.3
1902.0,1573.8
1667.0,1668.1
1925.0,1749.8
1810.0,1690.0
1670.0,1659.1
2207.0,1725.1
1940.0,1700.0
1443.0,1666.9
2060.0,1829.5
1465.0,1616.8
1654.0,1626.3
1603.0,1659.3
1397.0,1671.3
1996.0,1715.4
1604.0,1676.9
1893.0,1650.6
1455.0,1683.2
1753.0,1624.7
1933.0,1860.7
1587.0,1712.3
1772.0,1758.2
1650.0,1701.1
1403.0,1707.8
1690.0,1730.2
1663.0,1688.2
1556.0,1637.5
1480.0,1679.3
1862.0,1689.5
1435.0,1646.9
1485.0,1671.5
1495.0,1712.5
1387.0,1594.6
1760.0,1674.4
1649.0,1759.4
1135.0,1645.0
1938.0,1652.0
1881.0,1677.6
1401.0,1509.7
1683.0,1726.4
1631.0,1622.1
1644.0,1617.2
1474.0,1718.6
1327.0,1678.5
1126.0,1512.2
1793.0,1679.3
1527.0,1699.8
1136.0,1618.8
1865.0,1706.2
2068.0,1687.7
1652.0,1874.1
1698.0,1690.2
2212.0,1693.8
1248.0,1555.0
1601.0,1656.9
1359.0,1697.5
2280.0,1653.4
1691.0,1691.9
1576.0,1697.6
1709.0,1822.5
2163.0,1891.2
1994.0,1640.2
1478.0,1605.1
1955.0,1734.6
1746.0,1656.6
1549.0,1676.1
1640.0,1674.3
1765.0,1712.9
1706.0,1667.8
1535.0,1675.3
1683.0,1678.0
2053.0,1621.0
1709.0,1677.9
1624.0,1658.3
1198.0,1688.2
1765.0,1739.5
1932.0,1684.8
2039.0,1773.0
1252.0,1691.8
1408.0,1654.2
1835.0,1597.0
1967.0,1894.0
1689.0,1651.0
1444.0,1660.1
1578.0,1683.4
1301.0,1605.7
1484.0,1669.4
1503.0,1704.1
1916.0,1712.6
1988.0,1634.5
1355.0,1596.9
1097.0,1663.7
2084.0,1645.2
1779.0,1744.1
1378.0,1612.0
1627.0,1611.4
1784.0,1733.4
1790.0,1710.1
1557.0,1720.6
1694.0,1712.6
1983.0,1661.6
2213.0,1660.9
1468.0,1795.1
1857.0,1657.8
1895.0,1758.8
1845.0,1661.5
1445.0,1664.7
1709.0,1671.8
1475.0,1627.3
1574.0,1645.4
1374.0,1710.0
1724.0,1674.9
1605.0,1715.4
1473.0,1658.8
1109.0,1643.4
1601.0,1593.6
1577.0,1717.1
1657.0,1655.3
2013.0,1668.8
1573.0,1704.1
1644.0,1713.7
1855.0,1716.2
2000.0,1683.3
1769.0,1640.0
1676.0,1609.5
1619.0,1670.5
1507.0,1660.1
2071.0,1702.8
1618.0,1633.2
1739.0,1678.3
2096.0,1604.4
1539.0,1705.6
1893.0,1682.2
1727.0,1673.2
1797.0,1865.4
1967.0,1677.1
1541.0,1665.2
1532.0,1519.5
1446.0,1679.3
1394.0,1666.7
1419.0,1611.7
1564.0,1628.3
1451.0,1719.2
1608.0,1659.7
1910.0,1627.1
1185.0,1557.7
1779.0,1847.3
1659.0,1686.9
1505.0,1650.1
2128.0,1744.6
1632.0,1624.6
1664.0,1574.7
1619.0,1685.8
1298.0,1537.9
1608.0,1707.8
1402.0,1702.7
1731.0,1544.6
1551.0,1614.6
1945.0,1686.1
1837.0,1694.1
1815.0,1624.6
1498.0,1702.0
1659.0,1661.1
1678.0,1690.6
1578.0,1661.6
1384.0,1659.0
2121.0,1685.4
1794.0,1602.3
1180.0,1629.8
2125.0,1683.4
1976.0,1565.4
2091.0,1676.3
2010.0,1671.3
1478.0,1649.3
1414.0,1624.6
1578.0,1738.6
1767.0,1643.7
1815.0,1725.1
1618.0,1748.0
2154.0,1681.5
1984.0,1663.0
1506.0,1680.6
1540.0,1663.3
1261.0,1602.0
1398.0,1850.9
1907.0,1631.9
1754.0,1643.2
1563.0,1608.0
1664.0,1759.8
1229.0,1598.3
1653.0,1655.0
1834.0,1683.8
1786.0,1656.7
1869.0,1880.9
2055.0,1652.9
2216.0,1721.4
1259.0,1639.4
1380.0,1663.1
2020.0,1822.9
1410.0,1682.6
1547.0,1632.3
1615.0,1654.8
1653.0,1683.5
1674.0,1640.3
1556.0,1638.6
1211.0,1625.4
1717.0,1612.0
1616.0,1679.4
1562.0,1660.1
1368.0,1630.4
1469.0,1678.4
1732.0,1666.2
1466.0,1675.0
1388.0,1625.4
1546.0,1665.2
1653.0,1645.9
1951.0,1680.1
1608.0,1617.1
1395.0,1630.6
1589.0,1637.9
1898.0,1889.2
1617.0,1654.1
1656.0,1681.0
2008.0,1865.5
1352.0,1550.9
1674.0,1603.3
1546.0,1629.8
1344.0,1716.9
2096.0,1564.0
1710.0,1655.4
1595.0,1641.8
1777.0,1606.2
1625.0,1630.9
1630.0,1731.7
1757.0,1680.4
1451.0,1685.6
1908.0,1675.4
1290.0,1721.1
1710.0,1633.0
1670.0,1649.4
1474.0,1644.5
1555.0,1666.9
1906.0,1692.8
2013.0,1728.8
1503.0,1684.0
1404.0,1644.7
1800.0,1651.5
1675.0,1713.6
1885.0,1688.0
1432.0,1654.8
1671.0,1699.5
1953.0,1631.1
1615.0,1664.9
1901.0,1636.8
1616.0,1721.6
1539.0,1538.9
1961.0,1648.1
1713.0,1709.9
1875.0,1760.6
1707.0,1709.0
1502.0,1690.7
1683.0,1653.1
1879.0,1683.0
2125.0,1615.3
1618.0,1648.5
2064.0,1728.9
1879.0,1619.0
1858.0,1714.2
1568.0,1696.3
1790.0,1774.2
1388.0,1695.2
2071.0,1733.2
1222.0,1721.9
2137.0,1671.2
1574.0,1662.9
1436.0,1689.5
1849.0,1594.5
1401.0,1595.7
1875.0,1680.9
1456.0,1644.8
1770.0,1850.1
1656.0,1643.6
1609.0,1595.6
1587.0,1709.0
1342.0,1626.0
1440.0,1738.9
1713.0,1635.3
2103.0,1684.3
1672.0,1703.7
1656.0,1712.0
1265.0,1688.3
1724.0,1632.2
1519.0,1643.2
1401.0,1618.7
1658.0,1661.7
1581.0,1589.9
1167.0,1625.4
1450.0,1708.8
1807.0,1703.5
1378.0,1628.5
1240.0,1681.3
1874.0,1656.2
1283.0,1706.6
1656.0,1695.0
1600.0,1634.8
1359.0,1655.9
1624.0,1682.6
1375.0,1536.3
1719.0,1627.9
1690.0,1721.0
1950.0,1740.3
1721.0,1691.6
1754.0,1631.2
1876.0,1661.0
1523.0,1604.5
1928.0,1767.6
1758.0,1705.5
1836.0,1720.8
1639.0,1664.1
1726.0,1676.1
1383.0,1703.4
1908.0,1634.2
1547.0,1710.2
1342.0,1576.3
1966.0,1728.1
1560.0,1719.5
1406.0,1744.5
1260.0,1639.2
1380.0,1735.8
1624.0,1644.4
1290.0,1604.5
1657.0,1657.8
2019.0,1657.7
2053.0,1675.2
1641.0,1708.7
2070.0,1844.3
1564.0,1695.7
1524.0,1719.9
1548.0,1655.0
1968.0,1595.8
2019.0,1663.1
1886.0,1677.5
1859.0,1691.7
1911.0,1615.9
1579.0,1672.0
1323.0,1569.0
1728.0,1625.8
1748.0,1671.5
1865.0,1689.7
1391.0,1685.2
1800.0,1593.7
974.0,1612.1
1622.0,1739.7
1330.0,1707.9
1666.0,1715.1
1511.0,1701.4
1408.0,1536.5
1819.0,1630.7
1353.0,1625.2
1841.0,1623.6
2297.0,1841.9
1787.0,1619.2
1332.0,1687.0
1670.0,1714.2
1953.0,1709.1
1765.0,1651.2
1626.0,1683.4
1829.0,1631.8
1228.0,1550.8
1675.0,1649.1
1344.0,1669.8
1640.0,1774.5
1443.0,1598.1
1595.0,1718.8
1464.0,1685.6
1422.0,1731.5
1686.0,1705.2
1841.0,1697.9
1267.0,1660.5
1549.0,1512.7
1502.0,1678.0
1605.0,1749.7
1715.0,1687.7
1789.0,1677.7
1511.0,1709.3
1893.0,1678.4
1754.0,1748.4
1866.0,1654.7
1867.0,1684.5
1859.0,1704.3
1816.0,1712.2
2073.0,1685.1
1358.0,1587.8
1481.0,1698.2
1883.0,1654.8
1857.0,1640.1
1617.0,1670.2
1722.0,1637.1
1511.0,1618.8
1569.0,1690.7
1555.0,1673.0
1971.0,1694.1
1794.0,1818.3
1306.0,1651.9
1725.0,1656.3
1887.0,1648.6
1881.0,1639.5
1347.0,1688.6
1695.0,1630.0
1734.0,1657.7
1364.0,1677.2
1302.0,1637.0
1593.0,1704.6
1705.0,1670.7
1327.0,1657.0
1646.0,1662.6
1562.0,1642.3
1316.0,1649.3
1668.0,1551.4
1790.0,1695.2
1504.0,1546.4
1720.0,1680.6
1641.0,1653.2
1700.0,1650.2
1335.0,1531.3
1290.0,1457.2
1728.0,1610.3
1923.0,1749.7
1587.0,1645.8
1411.0,1651.7
1848.0,1712.7
1446.0,1630.2
1485.0,1611.1
1900.0,1694.5
1782.0,1662.3
1570.0,1828.3
1350.0,1653.5
1532.0,1667.1
1622.0,1848.2
1354.0,1644.1
1571.0,1758.3
1869.0,1577.5
1794.0,1642.9
1327.0,1656.8
1104.0,1589.9
1586.0,1676.1
1710.0,1685.7
1973.0,1605.5
1651.0,1638.0
1216.0,1684.1
1793.0,1720.0
2091.0,1626.7
1503.0,1642.6
1578.0,1652.5
1627.0,1702.7
1292.0,1623.0
1891.0,1699.6
1672.0,1688.3
1762.0,1726.8
1893.0,1691.1
1157.0,1695.6
1550.0,1676.3
1572.0,1756.1
1837.0,1644.3
1407.0,1647.6
1708.0,1658.4
1685.0,1688.4
1558.0,1677.8
1469.0,1653.2
1623.0,1646.3
2189.0,1599.4
1133.0,1562.7
1814.0,1737.4
1828.0,1661.8
1731.0,1654.1
2100.0,1659.5
1581.0,1579.4
1786.0,1689.7
1429.0,1675.1
1307.0,1663.0
1634.0,1655.8
1535.0,1685.4
1865.0,1667.0
1453.0,1709.6
1654.0,1719.5
1913.0,1671.1
1387.0,1665.8
1703.0,1587.4
1531.0,1648.2
1346.0,1682.0
1609.0,1694.1
1520.0,1671.9
1870.0,1624.0
1426.0,1697.6
1530.0,1697.2
1516.0,1667.8
1763.0,1697.5
1676.0,1647.6
1839.0,1868.2
1616.0,1662.4
1175.0,1627.6
1570.0,1646.7
1792.0,1728.0
2040.0,1645.2
1299.0,1696.8
1330.0,1632.7
1767.0,1702.6
1975.0,1646.2
1446.0,1633.9
1383.0,1713.7
1815.0,1634.8
1589.0,1697.7
1256.0,1700.3
1568.0,1638.1
1737.0,1683.4
1622.0,1626.4
1656.0,1739.1
1545.0,1602.4
1777.0,1658.2
1544.0,1664.0
1542.0,1725.9
1864.0,1624.7
1597.0,1694.3
2008.0,1789.4
1919.0,1635.1
1738.0,1685.3
2077.0,1855.4
1261.0,1581.1
1765.0,1706.6
2009.0,1709.8
1015.0,1684.0
1301.0,1601.2
1449.0,1645.0
1330.0,1521.2
1690.0,1728.7
1747.0,1711.8
1972.0,1649.2
1633.0,1639.1
1429.0,1576.8
1708.0,1605.7
1878.0,1640.6
1148.0,1617.7
1060.0,1242.9
1751.0,1660.9
2048.0,1678.0
1972.0,1653.7
1314.0,1742.9
1586.0,1440.3
1346.0,1668.4
1519.0,1678.8
1652.0,1634.8
1477.0,1891.2
1303.0,1700.7
1745.0,1638.9
1618.0,1590.4
2199.0,1729.7
2022.0,1678.7
1678.0,1651.8
1807.0,1652.7
1877.0,1678.2
1588.0,1599.4
1846.0,1677.3
960.0,1694.9
1368.0,1623.8
2004.0,1698.3
1945.0,1667.8
1661.0,1620.7
1935.0,1665.8
1461.0,1695.6
1787.0,1630.5
1642.0,1642.3
1672.0,1672.2
1754.0,1706.5
1685.0,1664.7
1484.0,1684.5
1581.0,1626.1
1490.0,1609.3
1728.0,1633.0
1628.0,1658.4
2054.0,1733.7
1116.0,1635.7
1855.0,1626.6
2101.0,1701.9
1708.0,1747.3
1751.0,1724.9
1681.0,1652.6
1640.0,1575.9
1662.0,1775.8
1260.0,1741.2
1684.0,1634.6
1924.0,1619.8
1721.0,1628.9
1541.0,1692.0
1857.0,1598.6
1914.0,1729.1
1664.0,1661.5
1348.0,1649.1
1865.0,1664.2
2012.0,1659.1
1297.0,1622.0
1993.0,1666.1
1863.0,1704.1
2062.0,1692.4
1808.0,1649.1
1902.0,1648.1
2088.0,1643.4
1338.0,1721.1
1621.0,1642.4
1941.0,1655.9
2089.0,1718.1
1508.0,1649.4
1339.0,1669.7
1836.0,1885.4
1861.0,1688.0
1634.0,1881.7
1348.0,1675.7
1915.0,1610.6
1776.0,1655.5
1567.0,1598.6
1882.0,1635.3
1846.0,1654.5
1803.0,1692.8
2056.0,1585.6
1450.0,1645.4
1693.0,1694.3
1921.0,1558.8
1999.0,1730.9
1411.0,1666.7
1597.0,1649.3
1630.0,1667.3
1903.0,1660.5
1274.0,1460.4
1582.0,1648.0
1561.0,1641.8
1360.0,1693.5
1687.0,1691.4
1877.0,1701.6
1718.0,1671.4
1642.0,1714.4
1549.0,1549.0
2301.0,1728.9
1681.0,1525.8
2049.0,1628.8
1705.0,1687.7
1400.0,1668.9
1951.0,1829.2
2211.0,1571.6
1270.0,1670.8
1770.0,1642.7
1501.0,1641.3
1777.0,1634.5
1761.0,1652.5
1500.0,1650.3
1579.0,1601.2
1826.0,1504.6
1859.0,1685.5
1726.0,1696.4
1618.0,1611.8
1792.0,1637.6
1071.0,1740.0
1933.0,1690.4
1485.0,1609.2
2103.0,1719.0
1526.0,1615.5
1930.0,1708.9
1563.0,1688.6
1571.0,1637.9
1837.0,1698.3
1305.0,1666.3
1558.0,1724.1
1171.0,1720.2
1535.0,1650.7
1493.0,1688.6
1227.0,1740.3
1637.0,1690.0
1834.0,1682.1
1640.0,1671.1
1723.0,1679.3
1815.0,1689.7
1959.0,1647.4
1650.0,1647.4
1950.0,1618.4
1181.0,1705.5
1522.0,1632.9
1608.0,1645.3
1474.0,1653.8
1677.0,1752.4
1651.0,1671.9
1592.0,1667.6
1659.0,1715.9
1420.0,1706.8
1850.0,1680.9
1455.0,1779.0
1235.0,1609.3
1687.0,1645.1
1418.0,1633.7
1743.0,1632.0
2200.0,1587.5
1958.0,1686.3
1561.0,1582.8
1313.0,1636.8
2112.0,1594.0
1661.0,1606.7
2033.0,1650.8
1909.0,1689.4
1589.0,1658.7
1699.0,1642.1
1407.0,1627.2
1863.0,1681.0
1437.0,1695.0
1770.0,1656.7
1784.0,1644.5
1997.0,1707.8
1264.0,1597.4
1629.0,1637.7
1569.0,1646.3
1219.0,1653.0
1584.0,1647.2
1585.0,1674.1
1975.0,1646.5
2174.0,1749.8
1492.0,1718.4
2020.0,1679.0
1545.0,1627.8
1989.0,1639.2
1725.0,1664.4
1568.0,1627.6
1389.0,1717.9
1677.0,1710.3
1641.0,1647.4
1828.0,1658.8
1632.0,1620.2
1599.0,1722.0
1546.0,1570.1
1736.0,1638.7
1682.0,1567.5
1835.0,1807.2
1860.0,1719.9
1776.0,1624.9
1193.0,1668.2
1301.0,1590.8
1847.0,1753.8
1471.0,1703.6
1986.0,1615.8
1316.0,1648.0
1280.0,1697.3
1551.0,1669.1
1709.0,1686.6
1732.0,1692.1
1695.0,1684.5
1533.0,1705.2
1557.0,1679.1
1383.0,1638.7
1814.0,1551.3
1530.0,1678.1
1819.0,1686.6
1391.0,1660.1
1308.0,1660.1
1946.0,1636.0
1577.0,1648.8
1607.0,1702.6
1435.0,1628.6
1468.0,1633.7
2129.0,1684.3
1829.0,1654.0
1618.0,1656.3
1866.0,1660.6
1822.0,1703.0
1902.0,1711.2
1783.0,1542.7
1871.0,1654.7
1768.0,1715.5
2058.0,1744.6
1590.0,1610.9
2047.0,1665.2
2016.0,1703.6
1481.0,1581.2
2023.0,1642.1
1986.0,1686.9
2160.0,1722.7
2039.0,1715.5
1566.0,1683.1
1647.0,1584.7
1849.0,1752.2
2049.0,1715.0
1793.0,1662.6
1548.0,1633.0
2029.0,1621.1
1695.0,1674.3
1776.0,1565.7
1889.0,1682.2
2229.0,1754.7
1907.0,1727.5
1864.0,1637.3
1615.0,1615.9
1907.0,1698.0
1674.0,1580.6
1331.0,1671.7
1664.0,1668.0
1932.0,1653.9
1650.0,1618.8
1909.0,1709.2
2003.0,1658.1
1822.0,1638.0
1894.0,1636.6
1583.0,1678.9
1703.0,1618.5
1732.0,1666.3
1987.0,1730.2
1880.0,1720.5
1538.0,1724.0
1729.0,1630.2
1724.0,1725.9
1573.0,1701.8
1794.0,1708.6
1393.0,1695.6
1605.0,1653.4
1079.0,1595.2
1404.0,1652.0
1178.0,1564.4
2332.0,1666.7
1421.0,1713.0
1992.0,1707.3
1389.0,1661.6
1810.0,1647.3
1680.0,1717.1
1807.0,1668.7
1952.0,1779.9
1673.0,1641.3
2231.0,1644.7
1121.0,1725.6
1812.0,1734.7
1623.0,1682.0
1549.0,1719.6
1401.0,1625.0
1884.0,1691.3
2036.0,1644.4
1658.0,1644.2
1630.0,1695.5
1531.0,1740.0
1293.0,1697.1
1817.0,1667.8
1403.0,1606.6
1701.0,1736.1
1481.0,1655.1
1533.0,1705.3
1630.0,1661.0
2117.0,1715.4
1102.0,1700.1
1225.0,1624.7
1594.0,1626.4
1639.0,1666.5
1381.0,1687.5
1762.0,1677.5
1930.0,1618.7
1772.0,1653.7
1627.0,1722.8
1830.0,1682.8
1944.0,1579.4
2059.0,1723.0
1860.0,1597.1
1724.0,1651.4
1689.0,1605.8
1406.0,1677.6
1945.0,1694.3
1691.0,1622.3
1719.0,1674.6
1736.0,1652.4
1573.0,1661.4
1480.0,1666.5
1680.0,1675.9
1429.0,1719.2
1454.0,1638.7
1626.0,1619.5
2011.0,1762.8
1731.0,1624.1
1679.0,1664.9
1919.0,1701.8
1819.0,1675.1
1281.0,1713.6
1060.0,1701.5
1759.0,1710.0
1995.0,1871.9
2011.0,1888.3
1420.0,1580.3
2044.0,1730.6
1391.0,1731.2
1601.0,1674.2
2005.0,1701.0
1826.0,1649.7
1774.0,1652.9
1913.0,1681.2
1449.0,1673.6
1996.0,1697.4
1719.0,1635.3
1397.0,1603.0
1502.0,1724.1
1619.0,1656.8
1965.0,1604.7
1774.0,1637.8
1423.0,1642.2
1615.0,1660.1
1519.0,1640.8
1473.0,1566.0
1347.0,1600.5
2262.0,1760.2
1469.0,1689.3
1644.0,1691.3
1436.0,1654.1
1848.0,1770.7
1946.0,1737.6
1332.0,1664.7
1986.0,1679.9
1997.0,1617.9
1688.0,1726.0
1785.0,1652.1
1778.0,1698.1
1089.0,1635.9
1413.0,1661.2
1542.0,1678.3
1859.0,1606.4
1972.0,1872.2
1646.0,1633.7
2287.0,1599.5
1634.0,1625.1
1739.0,1752.4
1646.0,1667.7
1459.0,1627.6
2031.0,1887.6
1109.0,1542.2
1956.0,1648.3
1865.0,1692.2
1583.0,1631.1
1819.0,1686.2
1682.0,1665.6
1401.0,1699.2
1550.0,1670.0
2019.0,1648.1
1950.0,1673.4
1838.0,1736.5
2009.0,1717.5
1987.0,1659.2
1669.0,1493.9
1833.0,1671.4
1336.0,1646.6
1692.0,1634.8
1976.0,1703.5
1887.0,1646.9
1557.0,1730.8
1437.0,1652.6
1302.0,1657.0
1808.0,1584.3
1332.0,1641.2
1119.0,1698.7
1502.0,1683.8
1764.0,1653.5
1696.0,1614.6
1669.0,1699.1
1745.0,1532.9
1808.0,1695.2
1674.0,1648.6
1919.0,1655.7
1436.0,1694.2
1490.0,1689.4
1624.0,1631.3
1613.0,1650.0
1675.0,1723.3
2161.0,1662.7
1664.0,1683.6
1776.0,1625.6
1468.0,1698.0
1849.0,1681.9
1598.0,1721.0
1988.0,1839.4
1563.0,1634.7
1972.0,1674.5
1934.0,1625.7
1362.0,1598.9
1517.0,1696.7
1915.0,1662.1
1613.0,1699.7
2009.0,1678.8
1875.0,1689.4
1939.0,1557.1
1956.0,1602.4
1858.0,1639.2
1794.0,1720.6
1580.0,1598.7
1662.0,1679.0
1600.0,1732.7
1581.0,1733.4
1442.0,1700.1
1548.0,1610.2
1936.0,1631.2
1635.0,1610.4
1523.0,1710.3
1412.0,1584.1
1275.0,1631.3
2056.0,1692.6
1526.0,1701.0
1713.0,1765.4
1672.0,1703.0
1843.0,1649.7
1578.0,1643.8
1533.0,1588.2
1541.0,1673.3
1476.0,1692.3
1339.0,1653.5
2087.0,1647.0
1627.0,1592.7
1261.0,1656.3
1721.0,1641.4
1422.0,1603.1
1909.0,1654.3
1961.0,1681.7
1654.0,1613.9
1870.0,1726.8
1973.0,1628.8
1757.0,1646.9
2045.0,1906.5
1409.0,1654.8
1696.0,1640.7
1715.0,1672.2
1207.0,1623.1
1251.0,1678.9
1419.0,1662.5
1714.0,1601.4
1616.0,1626.0
1928.0,1737.8
1774.0,1688.4
1737.0,1645.5
1966.0,1680.6
1298.0,1672.0
1613.0,1591.7
1836.0,1611.5
1849.0,1702.8
1467.0,1683.1
1562.0,1584.1
1888.0,1597.8
1679.0,1671.9
1506.0,1596.7
1612.0,1719.7
1431.0,1677.1
1729.0,1681.3
2067.0,1722.7
1648.0,1697.0
2098.0,1701.2
1879.0,1599.5
1682.0,1583.6
1352.0,1703.3
1388.0,1617.0
1488.0,1665.9
1703.0,1639.7
1142.0,1581.8
1440.0,1622.5
1875.0,1617.6
1563.0,1571.8
2181.0,1604.4
1365.0,1662.3
1858.0,1648.2
1180.0,1649.0
1165.0,1712.4
1718.0,1694.8
1668.0,1682.1
1419.0,1677.4
1443.0,1613.5
1686.0,1640.0
1630.0,1663.4
1190.0,1663.9
1203.0,1748.4
1888.0,1646.8
1715.0,1665.3
2142.0,1676.2
1538.0,1702.7
1941.0,1654.6
1644.0,1718.1
1713.0,1711.9
1567.0,1665.5
1389.0,1727.4
1178.0,1660.2
1422.0,1614.2
1822.0,1622.7
2008.0,1689.2
1483.0,1693.6
1904.0,1617.0
2134.0,1654.0
1648.0,1676.5
1089.0,1635.4
1636.0,1665.7
2077.0,1711.1
1000.0,1689.9
1744.0,1696.9
1738.0,1670.9
1695.0,1570.2
1842.0,1632.5
1811.0,1691.0
1556.0,1660.7
2027.0,1894.7
1544.0,1719.1
1286.0,1611.4
1513.0,1673.0
1684.0,1658.9
1582.0,1722.1
1405.0,1613.9
1575.0,1627.1
1223.0,1703.7
1396.0,1745.7
1284.0,1577.2
1379.0,1607.3
1559.0,1653.5
1464.0,1717.5
1674.0,1655.2
1407.0,1615.4
1338.0,1684.7
1651.0,1656.8
1171.0,1660.9
1824.0,1638.5
1499.0,1703.2
1434.0,1633.2
1661.0,1688.6
1444.0,1745.7
1638.0,1683.9
1804.0,1624.3
1095.0,1741.1
2115.0,1725.5
1935.0,1714.6
1966.0,1634.5
1349.0,1570.6
2001.0,1746.8
1400.0,1575.2
1423.0,1641.9
1827.0,1675.9
1536.0,1663.9
2007.0,1668.4
1936.0,1666.0
1774.0,1743.5
1326.0,1622.6
1787.0,1723.9
1643.0,1708.5
1586.0,1696.3
1268.0,1690.6
2048.0,1718.2
1914.0,1616.0
1718.0,1682.5
2238.0,1686.0
1585.0,1650.6
1977.0,1622.3
1769.0,1717.9
1812.0,1660.8
1810.0,1729.5
1845.0,1688.0
1729.0,1678.8
1457.0,1641.5
1638.0,1703.1
1671.0,1712.3
1432.0,1681.1
1740.0,1688.5
1935.0,1882.1
1816.0,1713.1
1905.0,1641.4
1789.0,1629.4
1306.0,1570.2
1731.0,1722.0
1943.0,1691.9
1905.0,1686.7
1581.0,1589.7
1843.0,1589.2
1655.0,1638.6
1776.0,1624.9
2093.0,1621.4
1483.0,1625.4
1199.0,1685.8
2068.0,1861.0
1496.0,1698.8
1890.0,1639.1
1810.0,1797.6
1907.0,1708.7
1225.0,1573.1
1750.0,1730.5
1814.0,1648.1
1697.0,1744.8
1561.0,1635.6
1698.0,1693.7
1671.0,1658.1
1726.0,1661.1
1296.0,1648.3
1124.0,1661.9
1981.0,1717.9
1605.0,1717.5
1126.0,1648.6
2133.0,1715.6
1758.0,1644.8
1833.0,1695.7
1971.0,1654.9
1583.0,1635.7
1809.0,1684.1
1657.0,1613.7
1820.0,1676.2
1883.0,1637.5
2067.0,1722.7
1644.0,1691.0
1742.0,1612.6
1294.0,1666.0
1704.0,1620.7
1509.0,1675.0
1969.0,1659.8
1790.0,1701.2
2009.0,1700.7
1606.0,1674.3
1985.0,1717.8
2036.0,1702.4
1852.0,1720.2
1416.0,1688.9
2053.0,1650.4
1656.0,1717.8
2093.0,1654.8
1534.0,1611.1
1392.0,1661.2
1951.0,1688.9
1900.0,1669.6
2236.0,1648.2
1273.0,1692.9
1893.0,1702.6
1508.0,1649.0
1692.0,1687.7
1663.0,1696.2
1826.0,1651.5
1490.0,1747.4
1332.0,1732.1
1191.0,1640.4
2056.0,1717.9
1477.0,1505.3
1345.0,1657.9
1916.0,1677.0
1798.0,1679.8
1503.0,1646.5
1791.0,1651.2
1480.0,1747.6
1935.0,1652.3
2009.0,1684.2
1814.0,1660.6
1511.0,1610.4
1752.0,1679.6
1551.0,1661.0
1511.0,1648.3
1355.0,1627.5
1861.0,1655.7
1688.0,1645.9
1879.0,1688.3
1711.0,1685.2
1709.0,1626.4
1952.0,1695.4
1455.0,1689.4
1708.0,1682.0
1268.0,1654.5
1891.0,1723.0
1213.0,1706.2
1674.0,1596.1
1405.0,1570.0
1804.0,1633.7
1740.0,1718.1
1895.0,1841.9
1711.0,1671.8
1803.0,1673.3
1614.0,1731.0
1954.0,1852.0
1945.0,1663.0
1811.0,1681.6
1605.0,1633.5
1815.0,1645.8
2059.0,1693.5
1414.0,1647.0
1864.0,1589.1
1936.0,1712.2
1948.0,1632.8
1729.0,1649.9
1690.0,1729.0
1451.0,1676.0
1687.0,1654.2
1587.0,1680.5
1551.0,1586.3
1626.0,1646.3
1886.0,1639.1
1769.0,1636.5
1772.0,1617.1
1713.0,1731.8
1725.0,1643.9
1334.0,1734.1
1730.0,1630.4
1701.0,1667.8
1637.0,1657.4
2064.0,1658.0
1569.0,1623.5
1035.0,1553.1
1538.0,1679.3
1637.0,1562.3
1757.0,1628.2
1666.0,1679.7
2093.0,1899.7
1833.0,1712.1
1546.0,1685.4
1486.0,1643.9
1622.0,1647.6
1466.0,1598.8
1909.0,1812.5
1572.0,1656.8
1094.0,1644.8
1555.0,1693.7
2019.0,1697.6
1749.0,1619.0
1208.0,1714.9
1544.0,1677.8
1648.0,1643.1
1971.0,1656.0
1401.0,1632.9
1420.0,1729.3
1456.0,1743.3
1968.0,1588.8
1851.0,1643.3
1340.0,1646.0
1573.0,1643.4
1859.0,1689.7
1255.0,1650.2
1854.0,1654.3
1741.0,1716.0
1614.0,1678.1
1470.0,1707.7
2099.0,1651.8
1758.0,1680.8
1486.0,1602.9
1931.0,1670.1
1783.0,1693.8
1531.0,1699.0
2039.0,1722.7
1692.0,1595.0
1584.0,1715.2
1519.0,1689.0
1625.0,1665.9
1502.0,1710.5
1426.0,1621.3
1605.0,1670.2
1486.0,1697.5
1632.0,1679.1
1500.0,1700.0
2041.0,1652.7
1859.0,1722.0
1284.0,1686.6
1206.0,1638.2
2004.0,1652.4
1715.0,1727.1
1319.0,1666.1
2010.0,1658.4
1965.0,1646.6
1726.0,1637.5
1737.0,1653.6
1598.0,1580.9
1126.0,1700.7
1984.0,1651.2
1529.0,1664.0
2102.0,1685.7
1702.0,1718.7
1765.0,1652.9
2113.0,1613.6
1346.0,1640.4
2291.0,1630.1
1629.0,1654.5
1704.0,1682.0
1308.0,1647.8
948.0,1656.9
1713.0,1745.8
1977.0,1686.6
1765.0,1637.0
1846.0,1752.1
1579.0,1634.7
1589.0,1674.2
1615.0,1618.6
1313.0,1624.6
1606.0,1736.7
1502.0,1609.6
1770.0,1647.2
1812.0,1661.1
1168.0,1568.8
1727.0,1649.6
1606.0,1612.8
1652.0,1686.3
1515.0,1649.1
1508.0,1689.5
1698.0,1711.6
1481.0,1650.2
1593.0,1697.1
1562.0,1679.3
1550.0,1665.4
1466.0,1596.5
1820.0,1690.3
2058.0,1710.7
2048.0,1669.7
1569.0,1619.6
1770.0,1643.0
1440.0,1699.5
1777.0,1710.6
2102.0,1593.5
1987.0,1717.3
1562.0,1539.8
1482.0,1631.3
1647.0,1744.9
1613.0,1660.2
1300.0,1626.9
1331.0,1473.5
1587.0,1728.7
1413.0,1666.3
1737.0,1680.3
1688.0,1903.8
1142.0,1687.9
1722.0,1715.6
1435.0,1811.3
1140.0,1695.7
1718.0,1669.1
1562.0,1635.6
2378.0,1634.4
1302.0,1665.3
1694.0,1691.0
1928.0,1698.5
1881.0,1680.6
1947.0,1688.2
2044.0,1640.0
1939.0,1642.4
1799.0,1713.3
1966.0,1621.7
1801.0,1663.3
1367.0,1651.4
2041.0,1665.5
1306.0,1662.7
1703.0,1713.8
1749.0,1666.2
1792.0,1653.2
1333.0,1626.4
1856.0,1735.1
1613.0,1636.6
1801.0,1675.2
1392.0,1644.1
1949.0,1712.5
1479.0,1676.6
1838.0,1695.6
1541.0,1626.1
1655.0,1686.5
1484.0,1742.9
1915.0,1600.9
1256.0,1685.4
1549.0,1603.1
1437.0,1594.8
1534.0,1684.1
1183.0,1630.4
1754.0,1644.3
1737.0,1644.8
1753.0,1729.7
1761.0,1581.9
1863.0,1722.4
1516.0,1628.5
1642.0,1650.1
1852.0,1725.5
1542.0,1711.1
2105.0,1682.8
1284.0,1666.7
1785.0,1679.7
1504.0,1656.7
1608.0,1556.8
1298.0,1660.6
1564.0,1625.3
2024.0,1649.0
1853.0,1713.4
1662.0,1683.7
1149.0,1687.2
1373.0,1669.3
2091.0,1762.7
1255.0,1700.5
1706.0,1625.3
1612.0,1632.2
2175.0,1647.5
1754.0,1625.6
1172.0,1696.2
1884.0,1697.1
1215.0,1635.6
2045.0,1741.4
1894.0,1677.7
1846.0,1652.3
1724.0,1683.6
1871.0,1735.1
1175.0,1671.4
1229.0,1606.6
1669.0,1643.0
2032.0,1659.4
1380.0,1668.3
1760.0,1697.0
1375.0,1629.0
1946.0,1581.7
1942.0,1616.7
1519.0,1664.5
1939.0,1863.0
1337.0,1628.8
1934.0,1711.4
1752.0,1674.8
1729.0,1670.0
1866.0,1674.7
1787.0,1654.0
1661.0,1663.8
1317.0,1585.7
1293.0,1683.4
1645.0,1684.6
1871.0,1717.9
1958.0,1671.2
1657.0,1685.2
1659.0,1655.8
1704.0,1708.2
1785.0,1643.2
1475.0,1638.0
1856.0,1750.2
2003.0,1596.1
1247.0,1689.1
1476.0,1442.6
1580.0,1700.6
1397.0,1637.3
1419.0,1668.4
1369.0,1635.0
1735.0,1704.0
1660.0,1632.9
1554.0,1629.6
1751.0,1690.1
1173.0,1651.5
1520.0,1615.9
1642.0,1699.4
1910.0,1655.3
1222.0,1691.8
1851.0,1655.2
1299.0,1606.4
1622.0,1693.7
1876.0,1684.9
1226.0,1674.3
1769.0,1708.4
1976.0,1738.2
1889.0,1702.4
2052.0,1861.8
1961.0,1693.3
1845.0,1680.4
1636.0,1645.0
1851.0,1695.1
1880.0,1697.9
2011.0,1695.8
1379.0,1664.7
1565.0,1647.6
1639.0,1672.6
1591.0,1656.8
1428.0,1652.9
1797.0,1643.1
1577.0,1684.7
2027.0,1728.4
1540.0,1604.5
1850.0,1646.4
1822.0,1645.5
1527.0,1681.0
1673.0,1665.5
1854.0,1669.5
1812.0,1694.9
1950.0,1692.2
1646.0,1644.9
1672.0,1668.7
1613.0,1609.0
1959.0,1758.3
1616.0,1594.4
2033.0,1624.8
1339.0,1602.8
1721.0,1667.6
1638.0,1655.0
1544.0,1683.9
1669.0,1731.6
1694.0,1663.6
1394.0,1668.1
1264.0,1617.9
1835.0,1664.2
1108.0,1609.8
1529.0,1578.2
1509.0,1676.6
1723.0,1624.5
1173.0,1622.4
1644.0,1640.0
1538.0,1693.6
1767.0,1711.5
1366.0,1772.7
1656.0,1667.9
1506.0,1680.9
1693.0,1691.2
1753.0,1708.5
1567.0,1699.6
1661.0,1683.4
1582.0,1698.1
1732.0,1673.3
1130.0,1656.8
1609.0,1720.2
1671.0,1714.5
1474.0,1605.0
1925.0,1638.2
1697.0,1632.2
1223.0,1635.3
1487.0,1707.0
1816.0,1694.1
2010.0,1679.0
1957.0,1663.5
1883.0,1632.6
1552.0,1664.6
1191.0,1627.0
1765.0,1543.4
1342.0,1621.8
1682.0,1637.8
1413.0,1766.0
1836.0,1742.8
1798.0,1633.3
1575.0,1625.3
1419.0,1602.5
1693.0,1722.2
1869.0,1592.8
1904.0,1712.6
1809.0,1615.1
1326.0,1687.3
1432.0,1672.0
1433.0,1664.5
1820.0,1722.2
1938.0,1693.3
1592.0,1656.0
1591.0,1706.9
1714.0,1656.1
1506.0,1635.9
2106.0,1634.9
1703.0,1667.8
1474.0,1653.2
1525.0,1616.1
1876.0,1619.6
1673.0,1579.6
1919.0,1699.0
1833.0,1634.8
1594.0,1711.0
1857.0,1628.5
1895.0,1620.8
1726.0,1637.6
1693.0,1657.5
1439.0,1678.5
1782.0,1643.9
1705.0,1571.2
1789.0,1724.2
2043.0,1682.6
1305.0,1653.3
1742.0,1535.2
1923.0,1691.7
1153.0,1718.6
1850.0,1739.8
1658.0,1707.8
1580.0,1663.0
1874.0,1664.5
1618.0,1646.4
2042.0,1651.7
2107.0,1721.3
1793.0,1696.6
1777.0,1753.3
1860.0,1660.6
1921.0,1745.1
1856.0,1705.6
1315.0,1676.7
1745.0,1674.6
1626.0,1658.1
1344.0,1664.0
1352.0,1692.2
1459.0,1713.5
1549.0,1737.7
1673.0,1690.7
1544.0,1723.5
1760.0,1730.6
1602.0,1738.0
1877.0,1720.8
1563.0,1638.9
1225.0,1712.2
1503.0,1701.3
1506.0,1705.6
1869.0,1807.9
1136.0,1642.7
1761.0,1639.7
1405.0,1676.2
1344.0,1654.1
1680.0,1634.4
2034.0,1675.4
2018.0,1657.5
1923.0,1561.4
1665.0,1678.0
1726.0,1703.7
1550.0,1696.8
1554.0,1708.1
1602.0,1679.5
1647.0,1676.2
1985.0,1690.8
1553.0,1715.0
1891.0,1720.9
1706.0,1645.9
1998.0,1714.4
1655.0,1662.8
1541.0,1677.1
1937.0,1612.4
1422.0,1647.6
1935.0,1732.6
1685.0,1644.6
1351.0,1607.9
1584.0,1667.1
1873.0,1730.4
2069.0,1667.6
1553.0,1622.0
1670.0,1630.2
1630.0,1654.1
1781.0,1582.5
1163.0,1636.9
2173.0,1859.8
1775.0,1676.3
1699.0,1638.1
1568.0,1737.3
1136.0,1679.7
1863.0,1702.0
1163.0,1662.7
1340.0,1722.6
1827.0,1654.2
1461.0,1658.9
1282.0,1674.6
1582.0,1646.9
1462.0,1657.1
1235.0,1648.6
1600.0,1854.4
1348.0,1508.4
1498.0,1660.1
1460.0,1651.7
1222.0,1481.8
1506.0,1762.6
1551.0,1668.0
1589.0,1442.7
1622.0,1627.0
1921.0,1659.7
2267.0,1693.7
1755.0,1721.3
1775.0,1666.3
1864.0,1701.8
1897.0,1711.8
1718.0,1690.6
1469.0,1685.9
1829.0,1744.0
1582.0,1667.1
1545.0,1666.8
1675.0,1691.6
1622.0,1765.8
1173.0,1573.7
1620.0,1700.7
1939.0,1694.2
1983.0,1733.6
1854.0,1858.7
1295.0,1680.1
1755.0,1687.4
1739.0,1693.7
2091.0,1878.3
1829.0,1690.7
1390.0,1632.8
1938.0,1678.1
1671.0,1683.7
1062.0,1597.7
2005.0,1812.6
1294.0,1676.3
1449.0,1677.9
1896.0,1647.5
1785.0,1719.1
1165.0,1662.8
1486.0,1706.7
1586.0,1660.8
1614.0,1721.1
1707.0,1657.1
1564.0,1682.8
1536.0,1598.0
1745.0,1711.1
2024.0,1625.6
1260.0,1641.2
1451.0,1657.7
1919.0,1717.8
1806.0,1662.9
1926.0,1851.5
2095.0,1784.5
2018.0,1678.6
1789.0,1651.2
1893.0,1590.8
1477.0,1683.4
1418.0,1689.6
1872.0,1713.1
1592.0,1685.9
1743.0,1642.4
1770.0,1716.9
1549.0,1656.4
2013.0,1658.2
1209.0,1466.4
1951.0,1787.3
1436.0,1722.3
1574.0,1626.1
1458.0,1708.2
1547.0,1692.3
1809.0,1702.8
1818.0,1705.7
1891.0,1671.6
1786.0,1632.5
1374.0,1612.0
1519.0,1721.7
2097.0,1897.7
1556.0,1704.8
1887.0,1703.4
1177.0,1675.9
1621.0,1751.6
1882.0,1730.5
1517.0,1701.2
1392.0,1664.5
1951.0,1684.1
1576.0,1653.2
1642.0,1732.7
1984.0,1671.3
1514.0,1667.1
1782.0,1628.2
2136.0,1740.2
1692.0,1657.6
1417.0,1583.9
1405.0,1642.5
1579.0,1737.5
1275.0,1654.2
1814.0,1648.6
1556.0,1697.9
1553.0,1634.8
1624.0,1726.6
1454.0,1686.1
1666.0,1697.2
1729.0,1713.0
1748.0,1644.7
2125.0,1732.6
1600.0,1577.7
1512.0,1687.1
1354.0,1776.0
1566.0,1636.5
1568.0,1678.2
1507.0,1689.0
1437.0,1680.1
1739.0,1684.2
1931.0,1595.8
1770.0,1653.0
1621.0,1677.1
1962.0,1686.5
1592.0,1675.5
1566.0,1658.8
1718.0,1599.9
1850.0,1651.2
1808.0,1694.5
1695.0,1694.6
1586.0,1664.5
1471.0,1622.3
1503.0,1708.2
2116.0,1706.1
1853.0,1616.3
1309.0,1605.8
1680.0,1694.8
1331.0,1665.5
1715.0,1644.1
1968.0,1699.8
1784.0,1679.6
1693.0,1715.5
1592.0,1713.2
1615.0,1675.6
1785.0,1684.6
2368.0,1671.1
1759.0,1678.5
1702.0,1728.5
1302.0,1682.1
1158.0,1687.8
1923.0,1604.9
1822.0,1635.6
1306.0,1694.5
1562.0,1652.8
2089.0,1673.6
1396.0,1603.5
1707.0,1665.1
1999.0,1614.6
1915.0,1612.6
1251.0,1691.6
1913.0,1631.9
1836.0,1678.6
1938.0,1649.8
1794.0,1713.5
1993.0,1635.7
1476.0,1617.2
1346.0,1678.8
2152.0,1844.5
1922.0,1556.2
1570.0,1713.5
1612.0,1604.3
1482.0,1732.7
1622.0,1714.4
1659.0,1623.0
1823.0,1667.3
1720.0,1709.0
1344.0,1635.2
1653.0,1685.4
1537.0,1697.4
1481.0,1666.4
1833.0,1719.9
1715.0,1761.8
1647.0,1646.6
2177.0,1676.9
1253.0,1577.7
1502.0,1704.0
1975.0,1693.3
1535.0,1755.8
1544.0,1702.1
1247.0,1677.9
1402.0,1572.0
1771.0,1707.9
2139.0,1654.3
1573.0,1697.4
1802.0,1636.7
1831.0,1647.9
1721.0,1664.4
1342.0,1660.9
1998.0,1627.7
1605.0,1662.2
1620.0,1615.5
1629.0,1688.0
1416.0,1610.1
1677.0,1672.1
1357.0,1689.0
2104.0,1705.7
1524.0,1648.9
1652.0,1663.4
1983.0,1571.5
2204.0,1615.6
1856.0,1612.8
1528.0,1665.0
1792.0,1817.5
2092.0,1816.6
1936.0,1619.6
1802.0,1869.8
1657.0,1641.0
2003.0,1637.3
1939.0,1687.1
1790.0,1858.4
1523.0,1639.2
1564.0,1671.9
1415.0,1738.7
1757.0,1652.8
1391.0,1599.8
1219.0,1654.0
1689.0,1696.8
1364.0,1671.7
1322.0,1720.6
1153.0,1639.3
1533.0,1707.5
1601.0,1656.1
1967.0,1626.2
1745.0,1666.9
1413.0,1662.7
1967.0,1723.8
2040.0,1747.9
2195.0,1672.8
1907.0,1563.3
1865.0,1659.0
1449.0,1699.7
1314.0,1706.0
1455.0,1633.5
1752.0,1706.5
2034.0,1629.6
1635.0,1712.4
1784.0,1684.0
1085.0,1625.1
1604.0,1643.4
1733.0,1728.7
1624.0,1667.7
1868.0,1682.8
1476.0,1634.4
1733.0,1742.2
1850.0,1600.7
1704.0,1660.4
1917.0,1676.5
1762.0,1687.8
1752.0,1727.5
1717.0,1672.0
1006.0,1718.7
1549.0,1666.6
2018.0,1706.4
1904.0,1681.6
1365.0,1646.2
1644.0,1582.9
1476.0,1637.4
1469.0,1641.3
1323.0,1686.3
1664.0,1712.0
1362.0,1695.0
1903.0,1666.1
1574.0,1713.1
1519.0,1635.0
1714.0,1707.8
1724.0,1646.5
2108.0,1728.4
1836.0,1582.3
1660.0,1651.1
1730.0,1695.5
1856.0,1653.0
1982.0,1644.6
1430.0,1735.8
1764.0,1707.1
1925.0,1901.9
1969.0,1689.3
1631.0,1725.8
1995.0,1678.8
1791.0,1710.4
1773.0,1667.5
1808.0,1752.9
1928.0,1652.2
1024.0,1651.6
1429.0,1673.9
2091.0,1728.2
1616.0,1694.5
1583.0,1636.2
1634.0,1657.1
1584.0,1634.6
1772.0,1742.2
1728.0,1643.7
1217.0,1625.0
1745.0,1856.1
1606.0,1651.9
1324.0,1605.8
1589.0,1580.3
1829.0,1874.4
1983.0,1634.8
1858.0,1672.8
1837.0,1837.5
1239.0,1676.2
2096.0,1727.3
1638.0,1625.2
1790.0,1761.5
1806.0,1716.8
1695.0,1868.4
2111.0,1687.0
1222.0,1682.6
1650.0,1701.9
1997.0,1656.6
1751.0,1703.6
1647.0,1693.8
1276.0,1627.4
1386.0,1623.3
1663.0,1676.5
1550.0,1623.3
1814.0,1696.4
2193.0,1729.2
1662.0,1626.1
1592.0,1689.4
1930.0,1867.9
1968.0,1704.6
1826.0,1630.7
1145.0,1659.3
2079.0,1660.0
1663.0,1668.2
2221.0,1603.1
1314.0,1597.4
1185.0,1656.4
1989.0,1691.3
1608.0,1524.6
1396.0,1729.2
1654.0,1629.5
1598.0,1724.8
1764.0,1674.5
1278.0,1599.2
1965.0,1654.6
2010.0,1737.9
1573.0,1684.4
2212.0,1712.0
2004.0,1745.4
1486.0,1582.7
1744.0,1692.5
1699.0,1691.7
1796.0,1643.3
1790.0,1676.8
1805.0,1671.1
1705.0,1712.5
1303.0,1598.3
1496.0,1625.2
1419.0,1642.4
2183.0,1650.1
2179.0,1665.8
2052.0,1709.2
1151.0,1639.1
1883.0,1709.2
1972.0,1696.3
1532.0,1664.4
1436.0,1711.0
1332.0,1613.0
1638.0,1604.6
2042.0,1697.8
1526.0,1658.7
1800.0,1723.8
1489.0,1680.8
1801.0,1680.1
1587.0,1663.4
1861.0,1678.4
1989.0,1710.4
1199.0,1645.8
1974.0,1713.3
1563.0,1833.2
1410.0,1648.6
1787.0,1632.5
1556.0,1692.0
1789.0,1707.8
1447.0,1685.6
1946.0,1662.0
1616.0,1710.6
1772.0,1676.6
1456.0,1650.2
1581.0,1622.1
1313.0,1616.4
1811.0,1618.2
1787.0,1736.3
2073.0,1689.0
1740.0,1636.1
1464.0,1390.1
2013.0,1691.5
1772.0,1718.3
1955.0,1881.8
1914.0,1693.6
1169.0,1611.5
1365.0,1697.5
1353.0,1611.7
1343.0,1684.4
1691.0,1642.3
1992.0,1628.3
1361.0,1676.8
1589.0,1674.6
1691.0,1687.5
1516.0,1681.2
1147.0,1618.3
1735.0,1625.2
1408.0,1666.6
1578.0,1647.9
1903.0,1629.5
1964.0,1671.2
1474.0,1619.2
1899.0,1601.4
1234.0,1597.2
1713.0,1623.7
1741.0,1666.2
1496.0,1600.3
1615.0,1651.4
1257.0,1598.4
1549.0,1594.6
1686.0,1713.6
1377.0,1626.6
1625.0,1600.7
1326.0,1663.5
1895.0,1704.4
1213.0,1650.7
1923.0,1629.7
1647.0,1690.7
1709.0,1652.2
2148.0,1633.9
1159.0,1252.8
1864.0,1729.3
1998.0,1686.0
1690.0,1715.3
1482.0,1674.6
1807.0,1681.3
2118.0,1708.6
1867.0,1603.2
1678.0,1667.3
1893.0,1727.6
2048.0,1666.9
2026.0,1743.9
1835.0,1608.5
2184.0,1652.5
1591.0,1643.2
1663.0,1708.5
1947.0,1724.1
1642.0,1612.1
1724.0,1632.1
1986.0,1650.1
1229.0,1660.5
2044.0,1674.3
1353.0,1668.5
2029.0,1662.6
2007.0,1643.2
1427.0,1640.4
1466.0,1668.8
1165.0,1563.5
1404.0,1634.3
2272.0,1704.5
1790.0,1684.0
1739.0,1676.4
2086.0,1739.6
1802.0,1691.8
1753.0,1651.2
1521.0,1678.4
1919.0,1708.3
2042.0,1624.6
1775.0,1623.9
1725.0,1703.0
1628.0,1658.2
1850.0,1604.5
1808.0,1682.6
1116.0,1675.7
1778.0,1695.7
1552.0,1675.8
1441.0,1628.6
1707.0,1691.3
1490.0,1738.8
1823.0,1741.3
1710.0,1694.0
1639.0,1630.9
1469.0,1619.4
1615.0,1643.0
1633.0,1683.9
2019.0,1682.8
1673.0,1662.3
1823.0,1678.6
1475.0,1723.0
1555.0,1633.5
2138.0,1602.5
1765.0,1715.1
1134.0,1644.4
1308.0,1635.5
1346.0,1612.2
1700.0,1654.5
1646.0,1654.9
1543.0,1857.5
1499.0,1609.9
1740.0,1657.9
1558.0,1642.1
1557.0,1669.1
1584.0,1692.8
1662.0,1635.5
1668.0,1691.3
1274.0,1553.9
1829.0,1697.7
1559.0,1664.3
1786.0,1647.9
1735.0,1690.0
1905.0,1617.9
1108.0,1251.9
1906.0,1684.4
1901.0,1873.4
1380.0,1598.6
1692.0,1621.2
1861.0,1743.2
1401.0,1682.5
1644.0,1674.0
1621.0,1637.8
1558.0,1670.7
1807.0,1642.3
1975.0,1690.4
1335.0,1618.4
1696.0,1680.7
1881.0,1683.4
2282.0,1729.0
1488.0,1645.3
1526.0,1642.4
1582.0,1614.7
1477.0,1624.4
1623.0,1602.5
1562.0,1623.8
1636.0,1644.6
1712.0,1661.2
2090.0,1722.8
1745.0,1627.2
1371.0,1664.6
1800.0,1680.5
1766.0,1589.2
1289.0,1669.6
1508.0,1684.8
1722.0,1664.0
1868.0,1624.7
1653.0,1887.9
1821.0,1700.5
1693.0,1725.9
1750.0,1631.6
1952.0,1751.3
1656.0,1731.1
1719.0,1645.5
1714.0,1661.6
1638.0,1704.6
2150.0,1632.8
1373.0,1593.6
1962.0,1632.7
1508.0,1669.1
1325.0,1567.1
1465.0,1663.2
2232.0,1739.1
1594.0,1690.9
1505.0,1673.5
1939.0,1627.6
1598.0,1682.2
1775.0,1711.9
1700.0,1727.1
1685.0,1702.9
1547.0,1682.0
1254.0,1647.2
1581.0,1642.0
2179.0,1730.7
2013.0,1672.1
1407.0,1686.9
1637.0,1702.0
1423.0,1627.6
1166.0,1640.4
1709.0,1703.8
1799.0,1565.2
1381.0,1700.4
1458.0,1636.2
1509.0,1692.4
2178.0,1736.7
1513.0,1436.1
1514.0,1745.3
1786.0,1695.8
1909.0,1677.3
1865.0,1643.7
1518.0,1629.1
1513.0,1637.6
1557.0,1741.1
1864.0,1773.6
1415.0,1660.6
1243.0,1634.9
1545.0,1720.3
1121.0,1710.4
2159.0,1663.2
1729.0,1678.0
1620.0,1659.0
2266.0,1826.6
1843.0,1713.8
1866.0,1672.4
1230.0,1604.4
1844.0,1639.5
1485.0,1649.5
1757.0,1710.7
1981.0,1643.7
1870.0,1694.7
2096.0,1691.9
1509.0,1666.4
1832.0,1664.7
1685.0,1617.8
1675.0,1653.1
1756.0,1629.2
1891.0,1675.9
1658.0,1706.7
1473.0,1654.0
1556.0,1635.6
1680.0,1731.0
1753.0,1642.7
2318.0,1679.9
1557.0,1597.3
2152.0,1721.0
1658.0,1669.2
1351.0,1645.6
1674.0,1628.7
1467.0,1626.7
1761.0,1629.9
2036.0,1657.8
1864.0,1655.2
1459.0,1696.9
1677.0,1630.8
1827.0,1665.7
1254.0,1631.5
1152.0,1692.6
1444.0,1734.4
1495.0,1659.1
1928.0,1622.7
1824.0,1700.2
1759.0,1653.7
1920.0,1642.5
1958.0,1739.0
1906.0,1736.8
1961.0,1658.9
1495.0,1689.7
1621.0,1637.1
1438.0,1660.2
1622.0,1675.6
1523.0,1645.8
2030.0,1758.1
1351.0,1646.9
1539.0,1655.3
1754.0,1607.7
1591.0,1606.5
1661.0,1728.0
1811.0,1673.1
1488.0,1664.9
1994.0,1638.3
1179.0,1639.9
1892.0,1681.1
1819.0,1674.8
1312.0,1595.8
2379.0,1558.5
2012.0,1713.7
2077.0,1707.0
1577.0,1644.8
1994.0,1661.4
1414.0,1642.2
1411.0,1710.9
1377.0,1689.6
1851.0,1603.8
2144.0,1840.4
1423.0,1685.8
1930.0,1678.2
1495.0,1576.5
1647.0,1702.5
1354.0,1623.7
1824.0,1677.7
1521.0,1650.7
1594.0,1729.0
1495.0,1722.4
1356.0,1648.7
1212.0,1641.7
2093.0,1698.0
1877.0,1685.6
1345.0,1643.0
1456.0,1653.5
1170.0,1636.2
1572.0,1625.0
1594.0,1743.9
1816.0,1550.6
1557.0,1633.9
1798.0,1736.0
2149.0,1678.1
1924.0,1696.1
1603.0,1666.4
1825.0,1698.3
1959.0,1689.4
1386.0,1579.1
1794.0,1642.0
1398.0,1611.3
1385.0,1666.6
1810.0,1685.5
1244.0,1681.2
1509.0,1658.4
1822.0,1721.7
2091.0,1671.3
1629.0,1710.2
1460.0,1672.8
2102.0,1705.8
1628.0,1657.8
1517.0,1671.5
1046.0,1682.4
1584.0,1642.2
1449.0,1601.6
1503.0,1675.8
1257.0,1664.5
1273.0,1680.4
1720.0,1861.0
1362.0,1680.4
1479.0,1687.9
1083.0,1759.5
1567.0,1628.8
1929.0,1718.6
1677.0,1637.2
1617.0,1676.7
2234.0,1654.2
1986.0,1671.5
1433.0,1618.9
1483.0,1654.2
2071.0,1713.1
1834.0,1653.1
1816.0,1627.5
1780.0,1646.0
1213.0,1621.3
1737.0,1645.6
1671.0,1655.8
1664.0,1716.4
1152.0,1636.9
1517.0,1622.7
1906.0,1679.2
1901.0,1665.5
1356.0,1713.2
1736.0,1649.1
1557.0,1668.4
1726.0,1570.0
1476.0,1661.5
1823.0,1711.4
1967.0,1689.7
1763.0,1644.6
1629.0,1695.6
1633.0,1724.5
1520.0,1633.0
1968.0,1678.7
1692.0,1662.2
1370.0,1658.4
2137.0,1732.3
1525.0,1671.7
1205.0,1637.9
1638.0,1610.2
1828.0,1724.3
1955.0,1677.6
1669.0,1699.5
1484.0,1757.2
1111.0,1236.8
1305.0,1672.2
1909.0,1572.5
1988.0,1721.4
1715.0,1747.8
1512.0,1584.2
1616.0,1634.0
2251.0,1666.5
1318.0,1655.2
1695.0,1711.6
2001.0,1665.5
1380.0,1606.5
2073.0,1586.8
1402.0,1696.7
1695.0,1650.7
1156.0,1598.2
1999.0,1596.1
1800.0,1629.9
2167.0,1681.2
1595.0,1690.2
1827.0,1671.9
1747.0,1605.0
1425.0,1690.5
1233.0,1557.0
1525.0,1663.2
1345.0,1612.4
1723.0,1673.9
2191.0,1743.9
1799.0,1608.8
2006.0,1674.0
1225.0,1746.2
1563.0,1645.4
1818.0,1686.7
1700.0,1683.0
1505.0,1633.0
1670.0,1864.5
1911.0,1633.1
1665.0,1729.8
1561.0,1632.5
1403.0,1660.5
1622.0,1652.5
1816.0,1743.1
1283.0,1704.8
1778.0,1683.3
1390.0,1642.2
1941.0,1692.1
1748.0,1756.0
1747.0,1629.0
1768.0,1668.0
1997.0,1707.0
1457.0,1640.4
1397.0,1716.2
1436.0,1628.5
1790.0,1601.9
1753.0,1656.2
1652.0,1690.0
1653.0,1626.4
1837.0,1707.9
1582.0,1726.4
1993.0,1646.9
1835.0,1756.0
1312.0,1671.9
2190.0,1676.8
1724.0,1674.5
1665.0,1736.3
1814.0,1606.0
1600.0,1638.8
1610.0,1634.0
1768.0,1676.3
1594.0,1695.7
1769.0,1684.4
1949.0,1711.0
1635.0,1651.6
1772.0,1752.9
2250.0,1690.6
1539.0,1691.7
1878.0,1641.6
1601.0,1716.8
1760.0,1687.7
2031.0,1633.1
1680.0,1680.6
2175.0,1665.9
1737.0,1623.3
1952.0,1700.2
1377.0,1603.4
2251.0,1554.9
2071.0,1700.0
1825.0,1730.9
1643.0,1664.1
1672.0,1553.1
1774.0,1630.6
1762.0,1683.2
1972.0,1691.6
1586.0,1651.6
1900.0,1719.4
1735.0,1666.8
1327.0,1696.9
1956.0,1717.8
1377.0,1638.6
1953.0,1629.5
1460.0,1631.3
1871.0,1743.2
1587.0,1664.0
1473.0,1697.3
1574.0,1636.6
1966.0,1599.4
1694.0,1662.9
1605.0,1717.8
1598.0,1625.6
1922.0,1670.3
2107.0,1674.1
1891.0,1710.6
1442.0,1668.3
1793.0,1716.1
1325.0,1610.0
1688.0,1572.8
1646.0,1716.2
1377.0,1567.7
1655.0,1638.8
2236.0,1678.0
1845.0,1680.0
1508.0,1621.0
1861.0,1726.0
1577.0,1569.0
1823.0,1653.3
1553.0,1641.3
1934.0,1686.2
1377.0,1677.5
1528.0,1628.5
1932.0,1910.2
1276.0,1657.4
1780.0,1680.5
1832.0,1676.3
1741.0,1640.7
1631.0,1660.0
1851.0,1672.6
1596.0,1701.7
1702.0,1617.8
1199.0,1657.6
1081.0,1625.9
1710.0,1620.3
1496.0,1673.0
1782.0,1631.6
1839.0,1707.9
1552.0,1670.0
1387.0,1655.9
1368.0,1698.8
1823.0,1740.4
1970.0,1682.8
1467.0,1628.7
1679.0,1639.3
1859.0,1658.7
1431.0,1678.0
1274.0,1686.8
1807.0,1607.9
1894.0,1678.8
1699.0,1627.2
1900.0,1593.3
1897.0,1694.6
1606.0,1730.8
1501.0,1615.9
1812.0,1621.1
1658.0,1722.7
1428.0,1627.9
1553.0,1611.9
1643.0,1680.5
1701.0,1675.8
1913.0,1592.6
1980.0,1697.3
1252.0,1675.0
1930.0,1712.3
1933.0,1933.3
1710.0,1659.4
1634.0,1641.7
1503.0,1700.7
1917.0,1864.3
1719.0,1633.9
1719.0,1655.1
1394.0,1635.9
1585.0,1653.4
2284.0,1654.2
1839.0,1656.8
1721.0,1701.3
2367.0,1644.8
1532.0,1664.0
1314.0,1640.5
1604.0,1681.9
1279.0,1507.9
2150.0,1557.1
1995.0,1638.1
1254.0,1729.2
2119.0,1670.9
1515.0,1585.9
1602.0,1715.9
1634.0,1610.6
1960.0,1733.5
1566.0,1690.7
1700.0,1681.2
1876.0,1665.7
1272.0,1615.9
1552.0,1648.4
1377.0,1704.4
1691.0,1703.2
1975.0,1637.9
1615.0,1657.0
1693.0,1571.9
1695.0,1640.7
1879.0,1694.4
2039.0,1631.4
1409.0,1684.4
1543.0,1642.9
1614.0,1687.6
1448.0,1619.1
1462.0,1691.3
1357.0,1626.9
1906.0,1673.0
1918.0,1626.4
1357.0,1641.2
1639.0,1646.6
1640.0,1716.4
1257.0,1671.5
1467.0,1612.1
2149.0,1642.1
1254.0,1628.6
2047.0,1625.1
1442.0,1611.6
2206.0,1721.5
2349.0,1682.4
1606.0,1675.0
1672.0,1704.1
1800.0,1690.7
1604.0,1686.6
2039.0,1660.0
1310.0,1592.2
2088.0,1726.8
1694.0,1630.2
1515.0,1663.5
1765.0,1721.2
1384.0,1609.5
1795.0,1711.7
1615.0,1631.0
1658.0,1704.7
1623.0,1719.9
1307.0,1614.4
1762.0,1685.7
1231.0,1690.4
1696.0,1744.5
1358.0,1654.8
1449.0,1647.8
1962.0,1637.6
1783.0,1695.7
2008.0,1660.6
1598.0,1614.9
1197.0,1701.9
1789.0,1715.0
1675.0,1704.7
1665.0,1754.1
2129.0,1770.0
1871.0,1822.8
1539.0,1648.7
1847.0,1632.6
1770.0,1740.0
1628.0,1702.5
1868.0,1744.0
1558.0,1674.8
1935.0,1683.2
1915.0,1672.7
1664.0,1667.2
1599.0,1699.6
1486.0,1698.3
1905.0,1677.2
1464.0,1637.7
1766.0,1631.7
1702.0,1676.8
1600.0,1630.8
1676.0,1655.9
1684.0,1544.0
1506.0,1673.6
1373.0,1672.3
1899.0,1661.5
1635.0,1682.2
1969.0,1726.2
1947.0,1699.1
1777.0,1707.0
1063.0,1658.8
1475.0,1577.0
1699.0,1629.5
1682.0,1651.6
1621.0,1699.0
1584.0,1597.9
1288.0,1635.2
1514.0,1618.7
1594.0,1645.9
1270.0,1691.4
1222.0,1663.0
1292.0,1638.8
1706.0,1823.8
1120.0,1603.6
1811.0,1689.6
1408.0,1647.2
1925.0,1708.4
1649.0,1627.1
1991.0,1861.9
1837.0,1643.6
1768.0,1754.5
1610.0,1632.8
1660.0,1563.9
1482.0,1347.1
1957.0,1663.8
1861.0,1587.4
1807.0,1667.9
1540.0,1667.9
1725.0,1663.7
1754.0,1678.5
1544.0,1706.1
1760.0,1695.0
1900.0,1710.8
1585.0,1618.2
1147.0,1670.3
1760.0,1554.7
1762.0,1675.8
1496.0,1744.1
1629.0,1693.1
2015.0,1598.5
1732.0,1628.7
1637.0,1677.3
1953.0,1653.2
1786.0,1768.0
2071.0,1662.9
1906.0,1628.9
1377.0,1721.5
1864.0,1731.9
1440.0,1702.5
1917.0,1644.7
1441.0,1670.8
1286.0,1733.8
1636.0,1692.4
1675.0,1645.1
1580.0,1707.4
1705.0,1609.5
1810.0,1884.6
1639.0,1653.3
1732.0,1607.1
1583.0,1674.4
1696.0,1689.0
1810.0,1696.0
1371.0,1684.2
1663.0,1618.7
1515.0,1655.1
1263.0,1652.2
1719.0,1690.2
1271.0,1559.1
1450.0,1733.6
1126.0,1426.0
1790.0,1689.0
1621.0,1635.4
1376.0,1638.3
1299.0,1748.4
1884.0,1636.9
1700.0,1640.6
1723.0,1712.7
1883.0,1635.6
1436.0,1724.3
1294.0,1674.6
2018.0,1674.0
1764.0,1608.4
1171.0,1685.1
1824.0,1673.9
1417.0,1667.4
1478.0,1733.9
1197.0,1739.7
1507.0,1683.7
1523.0,1891.5
1653.0,1644.7
1838.0,1767.5
1769.0,1670.1
1762.0,1835.7
1832.0,1705.5
1692.0,1724.5
1701.0,1733.2
1555.0,1658.6
1629.0,1753.3
2138.0,1894.0
1444.0,1616.5
1975.0,1689.9
2087.0,1664.3
2009.0,1706.3
1711.0,1599.9
1582.0,1666.1
1226.0,1716.1
1654.0,1717.6
1503.0,1618.2
1567.0,1657.6
1820.0,1717.5
1354.0,1687.0
1590.0,1613.1
1549.0,1715.4
1587.0,1712.0
1048.0,1654.6
1422.0,1689.2
1934.0,1668.8
1474.0,1736.1
1515.0,1690.4
1996.0,1669.0
1718.0,1713.2
1388.0,1633.3
1277.0,1665.7
1491.0,1653.9
1640.0,1672.8
1478.0,1666.6
1384.0,1705.8
1767.0,1630.4
1841.0,1639.1
1789.0,1585.1
1719.0,1801.2
1777.0,1717.4
1615.0,1640.7
1589.0,1730.3
1876.0,1601.7
1911.0,1680.5
1448.0,1651.2
1567.0,1592.8
1979.0,1750.2
2181.0,1640.1
1898.0,1660.7
1940.0,1684.1
1870.0,1701.4
1477.0,1682.8
1551.0,1628.5
1949.0,1666.3
1124.0,1646.6
1428.0,1702.6
1536.0,1630.0
1477.0,1678.5
1630.0,1740.8
1633.0,1590.9
1297.0,1654.3
1881.0,1610.0
1989.0,1715.8
1606.0,1543.1
1605.0,1651.6
1838.0,1697.3
1704.0,1698.9
1561.0,1692.8
1961.0,1682.8
1969.0,1691.0
1680.0,1654.6
1221.0,1635.7
1725.0,1650.2
1524.0,1670.4
1991.0,1609.0
1550.0,1728.3
1569.0,1613.4
2055.0,1711.0
2260.0,1670.7
1290.0,1660.9
1885.0,1906.5
1468.0,1671.4
1992.0,1617.8
1825.0,1622.8
1670.0,1583.4
1506.0,1679.0
1766.0,1724.5
1670.0,1597.2
1850.0,1646.2
1522.0,1703.7
1534.0,1747.6
1654.0,1700.3
1422.0,1692.8
2056.0,1580.4
1374.0,1714.9
1160.0,1654.1
2025.0,1707.0
1570.0,1649.6
1256.0,1608.6
1412.0,1640.6
2019.0,1722.8
1414.0,1696.9
1689.0,1658.6
1717.0,1600.2
2053.0,1720.4
1075.0,1658.5
1816.0,1658.1
1664.0,1646.5
1461.0,1701.6
1825.0,1695.7
1481.0,1664.0
1740.0,1651.7
1785.0,1735.8
1914.0,1654.6
1755.0,1700.4
1884.0,1737.3
1859.0,1703.7
2065.0,1617.7
1384.0,1682.4
1342.0,1612.6
1324.0,1659.3
1598.0,1616.6
1522.0,1620.3
1375.0,1690.1
1901.0,1716.2
1320.0,1657.0
1412.0,1584.4
1603.0,1693.0
1811.0,1606.8
1355.0,1652.5
1705.0,1673.8
1781.0,1623.8
1359.0,1661.9
1736.0,1559.8
1889.0,1679.6
1702.0,1626.8
1774.0,1662.5
1719.0,1732.0
1658.0,1605.3
1840.0,1677.8
1603.0,1645.5
1358.0,1604.8
1615.0,1706.6
1700.0,1656.0
1692.0,1703.9
1837.0,1679.8
1921.0,1756.6
1755.0,1651.5
1949.0,1665.6
1669.0,1650.1
1869.0,1617.5
1494.0,1672.9
1829.0,1676.4
1744.0,1650.1
1527.0,1628.9
2045.0,1652.8
1179.0,1635.5
1423.0,1638.9
1507.0,1624.9
2062.0,1678.1
1262.0,1624.3
1942.0,1746.8
1805.0,1639.1
1599.0,1614.7
2016.0,1665.3
1938.0,1691.8
1134.0,1245.6
1670.0,1711.0
1946.0,1695.9
1699.0,1639.6
1975.0,1686.9
1622.0,1660.5
1580.0,1631.2
1642.0,1683.6
1695.0,1716.6
1648.0,1684.4
1375.0,1575.4
1610.0,1624.2
1705.0,1746.4
2059.0,1660.0
1695.0,1632.0
1243.0,1706.1
1591.0,1648.6
1115.0,1598.3
1806.0,1587.4
1836.0,1708.4
1663.0,1652.8
1747.0,1653.3
1674.0,1735.3
1664.0,1573.6
1783.0,1641.7
1542.0,1605.0
1623.0,1649.7
1644.0,1640.2
1579.0,1637.5
1899.0,1691.2
2028.0,1721.7
1709.0,1675.8
1882.0,1663.8
1828.0,1651.4
1241.0,1669.5
1754.0,1581.9
1371.0,1676.9
1921.0,1647.4
1982.0,1661.7
1527.0,1628.8
1608.0,1667.3
1795.0,1708.8
1639.0,1673.8
1235.0,1654.9
1960.0,1702.0
1473.0,1671.0
1449.0,1609.6
1713.0,1790.5
1615.0,1691.0
1369.0,1681.8
1950.0,1864.3
1735.0,1687.0
1537.0,1623.5
1339.0,1655.5
1621.0,1707.6
1596.0,1710.1
1304.0,1671.2
1716.0,1684.9
1643.0,1727.5
1610.0,1615.6
1449.0,1660.0
1699.0,1624.6
1761.0,1719.6
1602.0,1651.5
1873.0,1709.1
1891.0,1731.7
1773.0,1628.1
1762.0,1678.2
1457.0,1689.4
1802.0,1864.7
1671.0,1623.5
1916.0,1730.1
1298.0,1657.6
1665.0,1677.4
1921.0,1674.8
1299.0,1660.0
1800.0,1654.6
1410.0,1582.1
1763.0,1697.2
1670.0,1676.8
1790.0,1635.3
1827.0,1718.0
1549.0,1683.3
1240.0,1678.8
1540.0,1650.7
1852.0,1680.7
1484.0,1653.2
1187.0,1637.0
1739.0,1682.0
1474.0,1699.2
2188.0,1660.9
1197.0,1679.5
1631.0,1657.6
1550.0,1612.6
1819.0,1641.2
1337.0,1698.9
1695.0,1598.3
1865.0,1710.4
1644.0,1719.4
1961.0,1624.4
1927.0,1671.7
1946.0,1607.6
1471.0,1602.7
1562.0,1689.6
1877.0,1694.7
1374.0,1811.6
1541.0,1649.3
1977.0,1579.5
1159.0,1640.3
1593.0,1529.9
1347.0,1636.0
1841.0,1619.3
1393.0,1646.6
1433.0,1503.8
1632.0,1607.2
1272.0,1272.0
1966.0,1719.2
1978.0,1711.3
1395.0,1644.7
1490.0,1628.6
1755.0,1706.5
1417.0,1674.8
1735.0,1725.9
1293.0,1657.2
1398.0,1602.1
1567.0,1676.2
1912.0,1646.1
1109.0,1671.8
1517.0,1656.9
1196.0,1669.4
1741.0,1678.2
1259.0,1665.3
1770.0,1750.0
1737.0,1684.8
1206.0,1584.3
1363.0,1661.3
1366.0,1735.5
1956.0,1650.1
1593.0,1730.5
1720.0,1601.3
1775.0,1669.8
1354.0,1613.6
1718.0,1690.9
1905.0,1558.6
1739.0,1676.1
1826.0,1672.2
1933.0,1735.1
1424.0,1683.4
1623.0,1624.6
1360.0,1695.3
1673.0,1659.0
1846.0,1701.0
1570.0,1676.1
1568.0,1704.0
1455.0,1655.2
1706.0,1655.1
1630.0,1679.1
1364.0,1666.7
1824.0,1636.6
1336.0,1656.2
1678.0,1661.8
1953.0,1698.9
2048.0,1635.1
1197.0,1687.1
1461.0,1695.5
1757.0,1725.6
1573.0,1691.3
1836.0,1679.3
1618.0,1726.7
1730.0,1723.8
1691.0,1701.0
1925.0,1730.6
1315.0,1585.5
1660.0,1654.3
1468.0,1619.6
1546.0,1691.1
1277.0,1395.6
1749.0,1643.5
2017.0,1870.9
1739.0,1733.1
2000.0,1691.4
1243.0,1658.9
1631.0,1725.8
1722.0,1732.9
1797.0,1685.7
1604.0,1669.4
1761.0,1589.0
1806.0,1629.5
1770.0,1561.3
2039.0,1683.4
1554.0,1673.9
1825.0,1646.5
1759.0,1666.5
1681.0,1628.5
1713.0,1651.6
1747.0,1649.3
1725.0,1585.1
1509.0,1696.3
1548.0,1674.4
1767.0,1679.0
1908.0,1635.1
1370.0,1670.3
2114.0,1671.5
1884.0,1656.6
1579.0,1667.2
1921.0,1700.6
1774.0,1686.0
1751.0,1719.9
1497.0,1676.7
1621.0,1622.2
1543.0,1664.2
2075.0,1744.3
1903.0,1795.4
1317.0,1669.7
1949.0,1719.6
1621.0,1698.0
1342.0,1641.6
2009.0,1812.3
1350.0,1495.0
1534.0,1702.8
1908.0,1671.7
1135.0,1623.4
1359.0,1713.4
1443.0,1601.6
2182.0,1616.0
1705.0,1619.4
1505.0,1610.0
1817.0,1685.2
1095.0,1644.2
1734.0,1696.5
1728.0,1624.4
1660.0,1639.2
1352.0,1506.5
1566.0,1704.6
1425.0,1652.1
1982.0,1865.3
1562.0,1737.9
1482.0,1671.2
2086.0,1654.8
1941.0,1723.0
1337.0,1665.2
1840.0,1792.1
1255.0,1603.5
1427.0,1742.1
1570.0,1562.8
1821.0,1640.3
1654.0,1620.1
2181.0,1716.4
1437.0,1654.3
1976.0,1665.8
1721.0,1702.9
1715.0,1683.8
1482.0,1644.3
1762.0,1683.0
1599.0,1583.4
2065.0,1577.5
1537.0,1665.0
1266.0,1627.9
1675.0,1639.1
1812.0,1667.4
1964.0,1658.8
1338.0,1613.0
1529.0,1671.4
1391.0,1730.4
1743.0,1699.1
1631.0,1654.0
1789.0,1645.0
1500.0,1698.6
1962.0,1899.5
1309.0,1539.5
1856.0,1697.0
1296.0,1564.3
1624.0,1625.4
1585.0,1660.7
1651.0,1566.0
2028.0,1762.5
1568.0,1726.1
1540.0,1636.0
1952.0,1632.5
1913.0,1685.6
1962.0,1794.5
1573.0,1678.1
1715.0,1663.8
1720.0,1697.6
1473.0,1626.0
1296.0,1567.3
1713.0,1646.2
1457.0,1653.3
1476.0,1732.1
1354.0,1647.3
1699.0,1651.2
1938.0,1686.9
1892.0,1678.8
1594.0,1594.6
1657.0,1752.4
1475.0,1649.2
1523.0,1608.2
1642.0,1613.3
1643.0,1631.6
1650.0,1645.2
2109.0,1647.9
1226.0,1627.3
1840.0,1719.4
1053.0,1371.2
1445.0,1615.7
1461.0,1704.1
1837.0,1721.5
1791.0,1880.4
1080.0,1719.6
1521.0,1673.8
1810.0,1612.6
1739.0,1708.4
2093.0,1682.7
1802.0,1663.4
1644.0,1729.6
1824.0,1673.5
1502.0,1669.3
1922.0,1628.2
1679.0,1684.9
1458.0,1669.1
1586.0,1689.6
1929.0,1643.4
1806.0,1666.8
1824.0,1691.6
1332.0,1621.1
1919.0,1634.0
1906.0,1885.4
1877.0,1678.5
1864.0,1652.5
1681.0,1656.1
1682.0,1694.1
1779.0,1598.1
1655.0,1653.6
1193.0,1635.9
1686.0,1721.9
1789.0,1716.6
2217.0,1589.4
1550.0,1626.3
2038.0,1620.9
1590.0,1641.6
